Index,Date,Latitude,Longitude,Moon Age,Sunset,Moonset,Lag,Moon Alt,Moon Az,Sun Alt,Sun Az,Moon-Earth Dist,Sun-Moon Dist,ARCL,ARCV,DAZ,Illumination,Parallax,W,W',q,q',Cloud Level,Seen,Method,Methods,Visibility,Source,Cloud cover,Distance
332,2459258.231,52.48142,-1.89983,0.935,2459258.21881,2459258.24625,39.51667,2.28332,241.76737,-3.34868,252.16322,0.0026,0.98474,11.81934,5.632,10.39585,0.0106,56.29433,0.32518,0.32539,-0.4223,-0.42218,1.0,Not_seen,Not_seen,Not_seen,0.0,ICOUK,6,84152.76311836723
333,2459258.23013,53.75,-2.48333,0.935,2459258.2181,2459258.24516,38.96667,2.14031,240.9789,-3.23162,251.52301,0.0026,0.98474,11.8298,5.37193,10.5441,0.01062,56.30026,0.32579,0.32599,-0.44795,-0.44783,0.5,Not_seen,Not_seen,Not_seen,0.0,ICOUK,3,145589.9623330756
334,2459258.23033,53.58333,-2.43333,0.935,2459258.21828,2459258.24539,39.05,2.15988,241.08536,-3.24731,251.6109,0.0026,0.98474,11.8293,5.40719,10.52554,0.01062,56.29942,0.32575,0.32596,-0.44444,-0.44433,0.5,Not_seen,Not_seen,Not_seen,0.0,ICOUK,3,154688.93591806566
335,2459258.23033,53.58333,-2.43333,0.935,2459258.21828,2459258.24539,39.05,2.15988,241.08536,-3.24731,251.6109,0.0026,0.98474,11.8293,5.40719,10.52554,0.01062,56.29942,0.32575,0.32596,-0.44444,-0.44433,0.5,Not_seen,Not_seen,Not_seen,0.0,ICOUK,3,154688.93591806566
336,2459258.22636,51.62127,0.30556,0.931,2459258.21418,2459258.2416,39.48333,2.34983,242.27205,-3.40259,252.52998,0.0026,0.98474,11.75662,5.75242,10.25793,0.01049,56.29437,0.32175,0.32196,-0.41228,-0.41215,0.5,Not_seen,Not_seen,Not_seen,0.0,ICOUK,6,50526.32115686888
337,2459258.23493,51.45523,-2.59665,0.939,2459258.22253,2459258.25043,40.16667,2.41319,242.37016,-3.45872,252.6628,0.0026,0.98474,11.84551,5.87191,10.29264,0.01065,56.28682,0.32657,0.3268,-0.39749,-0.39736,0.0,Not_seen,Not_seen,Not_seen,0.0,ICOUK,1,50683.55721704826
338,2459258.22796,51.38333,-0.1,0.932,2459258.21571,2459258.24328,39.7,2.3835,242.4085,-3.43106,252.64678,0.0026,0.98474,11.76999,5.81456,10.23828,0.01051,56.29208,0.32247,0.32269,-0.40564,-0.40551,0.5,Not_seen,Not_seen,Not_seen,0.0,ICOUK,6,28718.40390094565
339,2459258.2278,51.50853,-0.12574,0.932,2459258.21557,2459258.24309,39.63333,2.36973,242.3367,-3.41905,252.58979,0.0026,0.98474,11.7702,5.78878,10.2531,0.01051,56.29274,0.32248,0.3227,-0.40821,-0.40808,0.5,Not_seen,Not_seen,Not_seen,0.0,ICOUK,6,20648.90715971427
340,2459258.2278,51.50853,-0.12574,0.932,2459258.21557,2459258.24309,39.63333,2.36973,242.3367,-3.41905,252.58979,0.0026,0.98474,11.7702,5.78878,10.2531,0.01051,56.29274,0.32248,0.3227,-0.40821,-0.40808,0.5,Not_seen,Not_seen,Not_seen,0.0,ICOUK,6,20648.90715971427
341,2459258.2278,51.50853,-0.12574,0.932,2459258.21557,2459258.24309,39.63333,2.36973,242.3367,-3.41905,252.58979,0.0026,0.98474,11.7702,5.78878,10.2531,0.01051,56.29274,0.32248,0.3227,-0.40821,-0.40808,0.5,Not_seen,Not_seen,Not_seen,0.0,ICOUK,6,20648.90715971427
342,2459258.22756,53.90553,-1.69383,0.932,2459258.21561,2459258.2425,38.71667,2.10876,240.87919,-3.20668,251.42394,0.0026,0.98474,11.8049,5.31544,10.54476,0.01058,56.3029,0.32444,0.32463,-0.45439,-0.45428,0.5,Not_seen,Not_seen,Not_seen,0.0,ICOUK,3,136244.2105903005
343,2459258.22572,53.95763,-1.08271,0.93,2459258.21382,2459258.24059,38.55,2.09269,240.84583,-3.1941,251.38387,0.0026,0.98474,11.78606,5.28679,10.53804,0.01054,56.30455,0.32342,0.32361,-0.45786,-0.45775,1.0,Not_seen,Not_seen,Not_seen,0.0,ICOUK,3,114536.24324465395
344,2459258.23747,49.21667,-2.11667,0.942,2459258.2248,2459258.25331,41.05,2.66353,243.57378,-3.66032,253.58804,0.0026,0.98474,11.83921,6.32385,10.01426,0.01064,56.27445,0.32615,0.3264,-0.35254,-0.3524,0.5,Not_seen,Not_seen,Not_seen,0.0,ICOUK,1,42511.45489948638
345,2459287.25636,53.75,-2.48333,0.325,2459287.25734,2459287.25513,-3.18333,-0.81083,260.3145,-0.62596,266.40691,0.00265,0.99146,6.09473,0.18487,6.09241,0.00283,55.2096,0.08502,0.085,-1.11199,-1.112,1.0,Not_seen,Not_seen,Not_seen,0.0,ICOUK,7,145589.9623330756
346,2459287.2563,53.58333,-2.43333,0.325,2459287.25723,2459287.25513,-3.03333,-0.80045,260.33863,-0.63281,266.42855,0.00265,0.99146,6.09175,0.16765,6.08992,0.00282,55.20976,0.08494,0.08492,-1.11376,-1.11378,1.0,Not_seen,Not_seen,Not_seen,0.0,ICOUK,7,154688.93591806566
347,2459287.24952,51.62127,0.30556,0.318,2459287.25013,2459287.24876,-1.96667,-0.725,260.61628,-0.69739,266.64141,0.00265,0.99146,6.02473,0.02761,6.02513,0.00276,55.21359,0.08309,0.08307,-1.12892,-1.12893,0.5,Not_seen,Not_seen,Not_seen,0.0,ICOUK,2,50526.32115686888
348,2459287.2515,51.46839,-0.36092,0.32,2459287.25203,2459287.25083,-1.71667,-0.70691,260.64207,-0.71566,266.67506,0.00265,0.99146,6.03253,0.00875,6.03299,0.00277,55.21297,0.0833,0.08328,-1.13067,-1.13068,0.0,Not_seen,Not_seen,Not_seen,0.0,ICOUK,2,9861.586642784281
349,2459287.25549,53.61766,-2.1552,0.324,2459287.25646,2459287.25428,-3.13333,-0.80736,260.33305,-0.62798,266.41892,0.00265,0.99146,6.08804,0.17938,6.08588,0.00282,55.21001,0.08484,0.08482,-1.11265,-1.11267,1.0,Not_seen,Not_seen,Not_seen,0.0,ICOUK,5,144736.66039432728
350,2459287.25226,53.95763,-1.08271,0.321,2459287.25338,2459287.25086,-3.63333,-0.84441,260.27594,-0.59643,266.3479,0.00265,0.99146,6.07653,0.24798,6.07196,0.00281,55.21086,0.08452,0.0845,-1.10599,-1.106,1.0,Not_seen,Not_seen,Not_seen,0.0,ICOUK,5,114536.24324465395
351,2459288.27957,53.75,-2.48333,1.348,2459288.25865,2459288.30573,67.8,4.71907,261.76499,-5.28086,273.44707,0.00267,0.9918,15.36617,9.99992,11.68208,0.01787,54.62441,0.53202,0.53271,0.13347,0.13386,1.0,Not_seen,Not_seen,Not_seen,0.0,ICOUK,8,145456.74309766522
352,2459288.27945,53.58333,-2.43333,1.348,2459288.25854,2459288.30559,67.75,4.73765,261.78754,-5.295,273.43726,0.00267,0.9918,15.36293,10.03265,11.64972,0.01787,54.62299,0.53178,0.53248,0.13661,0.137,1.0,Not_seen,Not_seen,Not_seen,0.0,ICOUK,8,135313.72249265428
353,2459288.27945,53.58333,-2.43333,1.348,2459288.25854,2459288.30559,67.75,4.73765,261.78754,-5.295,273.43726,0.00267,0.9918,15.36293,10.03265,11.64972,0.01787,54.62299,0.53178,0.53248,0.13661,0.137,1.0,Not_seen,Not_seen,Not_seen,0.0,ICOUK,8,135313.72249265428
354,2459288.27196,51.62127,0.30556,1.341,2459288.25133,2459288.29774,66.83333,4.91236,262.05269,-5.43706,273.284,0.00267,0.9918,15.26128,10.34941,11.23131,0.01763,54.61166,0.5247,0.52541,0.1643,0.1647,1.0,Not_seen,Not_seen,Not_seen,0.0,ICOUK,8,50526.32115686888
355,2459288.28022,51.45523,-2.59665,1.349,2459288.25943,2459288.3062,67.35,4.9762,262.0873,-5.48905,273.32716,0.00267,0.9918,15.34607,10.46525,11.23986,0.01783,54.60339,0.53043,0.53116,0.17911,0.17952,1.0,Not_seen,Not_seen,Not_seen,0.0,ICOUK,8,77280.64824927523
356,2459288.27862,52.47214,-2.08212,1.347,2459288.2578,2459288.30464,67.45,4.85608,261.94299,-5.39199,273.37439,0.00267,0.9918,15.34106,10.24807,11.4314,0.01782,54.61382,0.53019,0.5309,0.15726,0.15766,1.0,Not_seen,Not_seen,Not_seen,0.0,ICOUK,8,87224.1556900605
357,2459288.27314,51.38333,-0.1,1.342,2459288.2525,2459288.29894,66.86667,4.94569,262.08623,-5.46215,273.27662,0.00267,0.9918,15.27091,10.40784,11.19039,0.01765,54.60849,0.52533,0.52605,0.17049,0.1709,1.0,Not_seen,Not_seen,Not_seen,0.0,ICOUK,8,28718.40390094565
358,2459288.27314,51.38333,-0.1,1.342,2459288.2525,2459288.29894,66.86667,4.94569,262.08623,-5.46215,273.27662,0.00267,0.9918,15.27091,10.40784,11.19039,0.01765,54.60849,0.52533,0.52605,0.17049,0.1709,1.0,Not_seen,Not_seen,Not_seen,0.0,ICOUK,8,28718.40390094565
359,2459288.28054,56.46913,-2.97489,1.349,2459288.25939,2459288.30698,68.53333,4.411,261.38308,-5.03215,273.57407,0.00267,0.9918,15.40948,9.44315,12.19099,0.01797,54.64751,0.53523,0.53588,0.0796,0.07997,0.5,Seen,Seen_eye,Seen_eye;Seen_binoculars;Seen_telescope;Seen_ccd,1.0,ICOUK,3,140251.29584626752
360,2459318.31774,52.13459,-0.46632,1.713,2459318.28939,2459318.35318,91.86667,6.58086,282.12742,-6.68863,294.65125,0.00271,1.00034,18.22699,13.26949,12.52383,0.02509,53.67809,0.73379,0.73511,0.5718,0.57251,0.5,Seen,Seen_eye,Seen_eye;Seen_binoculars;Seen_telescope;Seen_ccd,1.0,ICOUK,1,65092.75874944951
361,2459347.35017,53.75,-2.48333,1.059,2459347.33369,2459347.37078,53.4,2.95814,299.70949,-3.66937,308.37879,0.00272,1.00774,10.90843,6.62751,8.6693,0.00903,53.90623,0.26538,0.26559,-0.35814,-0.35801,0.5,Not_seen,Not_seen,Not_seen,0.0,ICOUK,7,106336.39502786384
362,2459347.34949,53.58333,-2.43333,1.058,2459347.33304,2459347.37005,53.28333,2.97101,299.56979,-3.68152,308.20755,0.00272,1.00774,10.89864,6.65254,8.63776,0.00902,53.90555,0.2649,0.26511,-0.35592,-0.35579,0.5,Not_seen,Not_seen,Not_seen,0.0,ICOUK,7,88478.88245241232
363,2459347.34949,53.58333,-2.43333,1.058,2459347.33304,2459347.37005,53.28333,2.97101,299.56979,-3.68152,308.20755,0.00272,1.00774,10.89864,6.65254,8.63776,0.00902,53.90555,0.2649,0.26511,-0.35592,-0.35579,0.5,Not_seen,Not_seen,Not_seen,0.0,ICOUK,7,88478.88245241232
364,2459347.34949,53.58333,-2.43333,1.058,2459347.33304,2459347.37005,53.28333,2.97101,299.56979,-3.68152,308.20755,0.00272,1.00774,10.89864,6.65254,8.63776,0.00902,53.90555,0.2649,0.26511,-0.35592,-0.35579,0.5,Not_seen,Not_seen,Not_seen,0.0,ICOUK,7,88478.88245241232
365,2459347.33567,51.62127,0.30556,1.044,2459347.3197,2459347.35564,51.75,3.0963,298.05004,-3.79069,306.27379,0.00272,1.00773,10.72272,6.88699,8.22375,0.00873,53.89817,0.25641,0.25662,-0.33754,-0.33741,1.0,Not_seen,Not_seen,Not_seen,0.0,ICOUK,7,50526.32115686888
366,2459347.34342,51.45523,-2.59665,1.052,2459347.3273,2459347.36358,52.23333,3.14744,297.92474,-3.83148,306.17627,0.00272,1.00773,10.80307,6.97893,8.25152,0.00886,53.89618,0.26024,0.26047,-0.32605,-0.32592,1.0,Not_seen,Not_seen,Not_seen,0.0,ICOUK,8,50683.55721704826
367,2459347.33792,52.2,0.11667,1.046,2459347.32184,2459347.35801,52.08333,3.05355,298.47435,-3.75244,306.80687,0.00272,1.00773,10.75491,6.80599,8.33252,0.00878,53.90051,0.25795,0.25817,-0.34471,-0.34458,0.5,Not_seen,Not_seen,Not_seen,0.0,ICOUK,7,58608.07583414769
368,2459347.34373,52.72247,-1.3702,1.052,2459347.32749,2459347.36404,52.63333,3.02974,298.87311,-3.73165,307.33123,0.00272,1.00773,10.82453,6.76139,8.45812,0.0089,53.90218,0.2613,0.26152,-0.34718,-0.34705,0.5,Not_seen,Not_seen,Not_seen,0.0,ICOUK,7,87662.94242289329
369,2459347.3356,51.11303,-0.18312,1.044,2459347.31966,2459347.35551,51.61667,3.14288,297.68959,-3.82936,305.83073,0.00272,1.00773,10.71476,6.97224,8.14114,0.00872,53.89578,0.25601,0.25623,-0.32924,-0.32911,1.0,Not_seen,Not_seen,Not_seen,0.0,ICOUK,7,51227.1774458598
370,2459347.33614,51.38333,-0.1,1.045,2459347.32017,2459347.35609,51.71667,3.11991,297.87998,-3.81121,306.06868,0.00272,1.00773,10.72432,6.93112,8.1887,0.00873,53.897,0.25648,0.2567,-0.33308,-0.33295,0.5,Not_seen,Not_seen,Not_seen,0.0,ICOUK,7,28718.40390094565
371,2459347.33614,51.38333,-0.1,1.045,2459347.32017,2459347.35609,51.71667,3.11991,297.87998,-3.81121,306.06868,0.00272,1.00773,10.72432,6.93112,8.1887,0.00873,53.897,0.25648,0.2567,-0.33308,-0.33295,1.0,Not_seen,Not_seen,Not_seen,0.0,ICOUK,7,28718.40390094565
372,2459347.34755,53.69076,-1.62907,1.056,2459347.33113,2459347.36808,53.2,2.95227,299.66139,-3.66548,308.30182,0.00272,1.00774,10.8796,6.61774,8.64044,0.00899,53.9063,0.26398,0.26419,-0.35994,-0.35982,0.5,Not_seen,Not_seen,Not_seen,0.0,ICOUK,7,118181.46387305387
373,2459347.34755,53.69076,-1.62907,1.056,2459347.33113,2459347.36808,53.2,2.95227,299.66139,-3.66548,308.30182,0.00272,1.00774,10.8796,6.61774,8.64044,0.00899,53.9063,0.26398,0.26419,-0.35994,-0.35982,0.5,Not_seen,Not_seen,Not_seen,0.0,ICOUK,7,118181.46387305387
374,2459347.36133,56.46913,-2.97489,1.07,2459347.34428,2459347.38265,55.25,2.72114,302.30236,-3.46905,311.48449,0.00272,1.00774,11.06997,6.19019,9.18213,0.0093,53.91822,0.27333,0.27353,-0.39713,-0.39701,0.5,Not_seen,Not_seen,Not_seen,0.0,ICOUK,8,140251.29584626752
375,2459347.35997,55.95206,-3.19648,1.068,2459347.34302,2459347.38116,54.91667,2.77198,301.7614,-3.51131,310.8523,0.00272,1.00774,11.04707,6.28329,9.0909,0.00926,53.91581,0.27219,0.2724,-0.3885,-0.38838,1.0,Not_seen,Not_seen,Not_seen,0.0,ICOUK,8,196355.1590499321
376,2459347.33712,51.46839,-0.36092,1.046,2459347.32112,2459347.35711,51.81667,3.11773,297.93821,-3.80715,306.14744,0.00272,1.00773,10.73596,6.92488,8.20923,0.00875,53.89719,0.25703,0.25725,-0.33337,-0.33324,1.0,Not_seen,Not_seen,Not_seen,0.0,ICOUK,7,9861.586642784281
377,2459347.3428,52.6386,-1.13169,1.051,2459347.32659,2459347.36307,52.53333,3.03307,298.80883,-3.73559,307.2468,0.00272,1.00773,10.81335,6.76866,8.43797,0.00888,53.90194,0.26076,0.26098,-0.34677,-0.34664,0.5,Not_seen,Not_seen,Not_seen,0.0,ICOUK,7,81497.73225808029
378,2459347.33656,51.50853,-0.12574,1.045,2459347.32058,2459347.35654,51.78333,3.11206,297.96652,-3.8015,306.17828,0.00272,1.00773,10.73061,6.91356,8.21176,0.00874,53.89744,0.25678,0.257,-0.33466,-0.33453,1.0,Not_seen,Not_seen,Not_seen,0.0,ICOUK,7,20648.90715971427
379,2459347.33656,51.50853,-0.12574,1.045,2459347.32058,2459347.35654,51.78333,3.11206,297.96652,-3.8015,306.17828,0.00272,1.00773,10.73061,6.91356,8.21176,0.00874,53.89744,0.25678,0.257,-0.33466,-0.33453,0.5,Not_seen,Not_seen,Not_seen,0.0,ICOUK,7,20648.90715971427
380,2459347.34877,53.48771,-2.29042,1.057,2459347.33235,2459347.36931,53.21667,2.97702,299.49057,-3.68725,308.10784,0.00272,1.00774,10.88959,6.66427,8.61727,0.009,53.90519,0.26446,0.26467,-0.35501,-0.35488,0.5,Not_seen,Not_seen,Not_seen,0.0,ICOUK,7,80482.3638110065
381,2459347.34942,54.5767,-1.2355,1.058,2459347.33286,2459347.37012,53.65,2.87168,300.43899,-3.59659,309.23323,0.00272,1.00774,10.91292,6.46827,8.79424,0.00904,53.91031,0.26561,0.26582,-0.37392,-0.37379,0.5,Not_seen,Not_seen,Not_seen,0.0,ICOUK,7,180258.60762874442
382,2459347.34942,54.5767,-1.2355,1.058,2459347.33286,2459347.37012,53.65,2.87168,300.43899,-3.59659,309.23323,0.00272,1.00774,10.91292,6.46827,8.79424,0.00904,53.91031,0.26561,0.26582,-0.37392,-0.37379,0.5,Not_seen,Not_seen,Not_seen,0.0,ICOUK,7,180258.60762874442
383,2459347.34324,53.06667,-0.81667,1.052,2459347.32697,2459347.36358,52.71667,2.99439,299.14771,-3.70189,307.65715,0.00272,1.00773,10.8243,6.69627,8.50944,0.0089,53.90389,0.2613,0.26151,-0.35369,-0.35356,0.5,Not_seen,Not_seen,Not_seen,0.0,ICOUK,7,43458.82936106882
384,2459347.34091,52.25,-0.88333,1.049,2459347.32477,2459347.36108,52.28333,3.06225,298.51013,-3.75927,306.8721,0.00272,1.00773,10.78752,6.82152,8.36198,0.00884,53.90032,0.25952,0.25973,-0.34223,-0.3421,0.5,Not_seen,Not_seen,Not_seen,0.0,ICOUK,8,71741.85423119675
385,2459347.34383,52.9536,-1.15047,1.052,2459347.32757,2459347.36417,52.7,3.00707,299.0577,-3.71404,307.55355,0.00272,1.00773,10.829,6.72111,8.49586,0.0089,53.90331,0.26152,0.26174,-0.35107,-0.35094,0.5,Not_seen,Not_seen,Not_seen,0.0,ICOUK,7,67365.81380169578
386,2459347.34609,53.38297,-1.4659,1.055,2459347.32973,2459347.36654,53.0,2.97597,299.40468,-3.68612,307.98543,0.00272,1.00774,10.85941,6.66209,8.58075,0.00895,53.90502,0.263,0.26321,-0.35609,-0.35597,0.5,Not_seen,Not_seen,Not_seen,0.0,ICOUK,7,92667.196300318
387,2459347.33672,51.39148,-0.29825,1.045,2459347.32074,2459347.35669,51.76667,3.12252,297.88439,-3.81207,306.07844,0.00272,1.00773,10.73064,6.9346,8.19405,0.00874,53.89691,0.25678,0.257,-0.33255,-0.33242,0.5,Not_seen,Not_seen,Not_seen,0.0,ICOUK,7,19442.481705693164
388,2459347.33714,51.28071,-0.55852,1.046,2459347.32117,2459347.35711,51.75,3.13416,297.80644,-3.8226,305.98558,0.00272,1.00773,10.7336,6.95676,8.17914,0.00875,53.89635,0.25692,0.25714,-0.33025,-0.33012,1.0,Not_seen,Not_seen,Not_seen,0.0,ICOUK,8,27748.014016232715
389,2459347.34689,53.95763,-1.08271,1.055,2459347.33045,2459347.36743,53.25,2.92232,299.89157,-3.64124,308.56932,0.00272,1.00774,10.8765,6.56357,8.67775,0.00898,53.90769,0.26384,0.26405,-0.36545,-0.36532,0.5,Not_seen,Not_seen,Not_seen,0.0,ICOUK,7,114536.24324465395
390,2459348.37237,53.75,-2.48333,2.081,2459348.33487,2459348.41925,121.5,7.25714,298.46078,-6.96943,315.23798,0.00271,1.00812,21.96402,14.22657,16.7772,0.03629,53.67805,1.06147,1.06356,0.83978,0.84085,1.0,Not_seen,Not_seen,Not_seen,0.0,ICOUK,8,106336.39502786384
391,2459348.35711,51.62127,0.30556,2.066,2459348.32076,2459348.40255,117.76667,7.59872,296.80946,-7.27133,312.75085,0.00271,1.00811,21.76727,14.87004,15.94138,0.03565,53.63364,1.0419,1.04405,0.89411,0.89521,0.5,Seen,Seen_eye,Seen_eye;Seen_binoculars;Seen_telescope;Seen_ccd,1.0,ICOUK,2,50526.32115686888
392,2459377.37856,52.48142,-1.89983,1.425,2459377.35409,2459377.40916,79.3,4.35463,306.31361,-4.61089,318.79749,0.00268,1.0129,15.35932,8.96552,12.48389,0.01786,54.46863,0.53003,0.53067,0.02891,0.02927,0.0,Seen,Seen_eye,Seen_eye;Seen_binoculars;Seen_telescope;Seen_ccd,1.0,ICOUK,3,69930.28466056209
393,2459407.38417,53.75,-2.48333,1.831,2459407.35869,2459407.41601,82.53333,4.96019,299.39205,-4.69939,318.34667,0.00262,1.01419,21.25395,9.65958,18.95462,0.03401,55.77177,1.03352,1.03497,0.36876,0.36951,1.0,Not_seen,Not_seen,Not_seen,0.0,ICOUK,7,145589.9623330756
394,2459407.38338,53.58333,-2.43333,1.83,2459407.35788,2459407.41524,82.6,4.99664,299.23429,-4.7312,318.14033,0.00262,1.01419,21.24163,9.72784,18.90604,0.03397,55.7683,1.03227,1.03373,0.37495,0.3757,1.0,Not_seen,Not_seen,Not_seen,0.0,ICOUK,7,154688.93591806566
395,2459407.38338,53.58333,-2.43333,1.83,2459407.35788,2459407.41524,82.6,4.99664,299.23429,-4.7312,318.14033,0.00262,1.01419,21.24163,9.72784,18.90604,0.03397,55.7683,1.03227,1.03373,0.37495,0.3757,1.0,Not_seen,Not_seen,Not_seen,0.0,ICOUK,7,154688.93591806566
396,2459407.36854,51.62127,0.30556,1.815,2459407.34288,2459407.4006,83.11667,5.39378,297.59702,-5.08577,315.85859,0.00262,1.01419,21.03264,10.47955,18.26157,0.03331,55.72607,1.01152,1.01306,0.43944,0.44023,1.0,Seen,Seen_eye,Seen_eye;Seen_binoculars;Seen_telescope;Seen_ccd,1.0,ICOUK,8,50526.32115686888
397,2459436.35606,54.59682,-5.92541,1.28,2459436.33903,2459436.37736,55.2,3.47777,289.88698,-3.86495,304.07099,0.00256,1.0113,15.9632,7.34272,14.18402,0.01928,57.12133,0.60012,0.60073,-0.09416,-0.09383,0.5,Not_seen,Not_seen,Not_seen,0.0,ICOUK,7,101368.67934841654
398,2459436.3398,52.48142,-1.89983,1.263,2459436.32257,2459436.36133,55.81667,3.7594,288.80015,-4.11053,302.43531,0.00256,1.0113,15.73401,7.86994,13.63516,0.01873,57.09518,0.58285,0.58349,-0.05105,-0.0507,0.5,Not_seen,Not_seen,Not_seen,0.0,ICOUK,6,62707.82882553662
399,2459436.34438,53.75,-2.48333,1.268,2459436.32729,2459436.36574,55.36667,3.58352,289.4838,-3.95989,303.38745,0.00256,1.0113,15.80927,7.54341,13.90365,0.01891,57.1088,0.58855,0.58916,-0.08053,-0.08019,1.0,Not_seen,Not_seen,Not_seen,0.0,ICOUK,2,87125.36586158439
400,2459436.34385,53.58333,-2.43333,1.267,2459436.32674,2459436.36523,55.43333,3.60629,289.39017,-3.98072,303.25977,0.00256,1.0113,15.80016,7.58701,13.8696,0.01889,57.10709,0.58786,0.58847,-0.07656,-0.07621,1.0,Not_seen,Not_seen,Not_seen,0.0,ICOUK,6,88478.88245241232
401,2459436.34244,53.79391,-1.75206,1.266,2459436.32537,2459436.36378,55.31667,3.57398,289.53099,-3.952,303.41845,0.00256,1.0113,15.78676,7.52598,13.88745,0.01886,57.10839,0.58688,0.58749,-0.0832,-0.08286,0.5,Not_seen,Not_seen,Not_seen,0.0,ICOUK,2,58058.542415936776
402,2459436.33173,51.62127,0.30556,1.255,2459436.31446,2459436.35333,55.98333,3.86612,288.42712,-4.20286,301.81729,0.00256,1.0113,15.62392,8.06898,13.39017,0.01847,57.08393,0.57466,0.57531,-0.03571,-0.03536,1.0,Not_seen,Not_seen,Not_seen,0.0,ICOUK,7,50526.32115686888
403,2459436.33949,51.45523,-2.59665,1.263,2459436.32214,2459436.36118,56.21667,3.90362,288.26313,-4.23435,301.71739,0.00256,1.0113,15.71424,8.13797,13.45426,0.01869,57.0854,0.5813,0.58196,-0.02511,-0.02475,0.5,Not_seen,Not_seen,Not_seen,0.0,ICOUK,8,42767.81498574461
404,2459436.34029,52.47214,-2.08212,1.264,2459436.32306,2459436.36183,55.83333,3.76103,288.79071,-4.11285,302.43024,0.00256,1.0113,15.73975,7.87387,13.63953,0.01875,57.09533,0.58328,0.58391,-0.05042,-0.05007,0.5,Not_seen,Not_seen,Not_seen,0.0,ICOUK,6,53714.083843677094
405,2459436.33236,51.38333,-0.1,1.256,2459436.31505,2459436.35399,56.08333,3.9007,288.29937,-4.23186,301.6555,0.00256,1.0113,15.62765,8.13256,13.35613,0.01848,57.08191,0.57491,0.57556,-0.02922,-0.02885,1.0,Not_seen,Not_seen,Not_seen,0.0,ICOUK,7,28718.40390094565
406,2459436.33236,51.38333,-0.1,1.256,2459436.31505,2459436.35399,56.08333,3.9007,288.29937,-4.23186,301.6555,0.00256,1.0113,15.62765,8.13256,13.35613,0.01848,57.08191,0.57491,0.57556,-0.02922,-0.02885,1.0,Not_seen,Not_seen,Not_seen,0.0,ICOUK,7,28718.40390094565
407,2459436.33236,51.38333,-0.1,1.256,2459436.31505,2459436.35399,56.08333,3.9007,288.29937,-4.23186,301.6555,0.00256,1.0113,15.62765,8.13256,13.35613,0.01848,57.08191,0.57491,0.57556,-0.02922,-0.02885,0.5,Not_seen,Not_seen,Not_seen,0.0,ICOUK,7,28718.40390094565
408,2459436.33962,52.92277,-1.47663,1.263,2459436.32245,2459436.36109,55.63333,3.69494,289.04956,-4.0571,302.75758,0.00256,1.0113,15.73897,7.75205,13.70802,0.01875,57.09928,0.58326,0.58388,-0.06261,-0.06226,0.5,Not_seen,Not_seen,Not_seen,0.0,ICOUK,6,81050.39749222367
409,2459436.35282,56.46913,-2.97489,1.276,2459436.3361,2459436.37372,54.16667,3.18359,291.23793,-3.62077,305.67849,0.00256,1.0113,15.95558,6.80435,14.44056,0.01926,57.13673,0.59971,0.60027,-0.14823,-0.14792,0.5,Not_seen,Not_seen,Not_seen,0.0,ICOUK,7,140251.29584626752
410,2459436.35201,55.95206,-3.19648,1.276,2459436.33521,2459436.37301,54.43333,3.26238,290.86439,-3.68809,305.21495,0.00256,1.0113,15.93713,6.95046,14.35057,0.01922,57.13188,0.59829,0.59885,-0.13441,-0.1341,0.5,Not_seen,Not_seen,Not_seen,0.0,ICOUK,7,196355.1590499321
411,2459436.34253,53.71667,-1.85,1.266,2459436.32545,2459436.36389,55.35,3.5847,289.48419,-3.96241,303.36004,0.00256,1.0113,15.78661,7.54711,13.87584,0.01886,57.10777,0.58686,0.58747,-0.0811,-0.08076,0.5,Seen,Seen_binoculars,Seen_binoculars;Seen_telescope;Seen_ccd,0.75,ICOUK,2,68084.56992855959
412,2459465.29039,52.48142,-1.89983,0.754,2459465.27863,2459465.30508,38.08333,2.59064,275.66066,-3.35443,283.97792,0.0025,1.00517,10.22034,5.94507,8.31726,0.00793,58.51988,0.25298,0.25318,-0.43377,-0.43365,0.0,Not_seen,Not_seen,Not_seen,0.0,ICOUK,0,69930.28466056209
413,2459465.29308,53.75,-2.48333,0.757,2459465.28137,2459465.30773,37.96667,2.49283,275.85638,-3.26998,284.36139,0.0025,1.00517,10.27039,5.76281,8.50502,0.00801,58.52569,0.25549,0.25568,-0.4505,-0.45039,0.0,Not_seen,Not_seen,Not_seen,0.0,ICOUK,1,145456.74309766522
414,2459465.2928,53.58333,-2.43333,0.757,2459465.28108,2459465.30745,37.98333,2.50611,275.82816,-3.28111,284.30962,0.0025,1.00517,10.26463,5.78723,8.48146,0.008,58.52496,0.2552,0.25539,-0.44823,-0.44812,0.0,Not_seen,Not_seen,Not_seen,0.0,ICOUK,1,135313.72249265428
415,2459465.29109,53.79391,-1.75206,0.755,2459465.27939,2459465.30572,37.91667,2.48539,275.8901,-3.26594,284.37488,0.0025,1.00517,10.24722,5.75133,8.48479,0.00798,58.525,0.25434,0.25452,-0.45234,-0.45223,0.5,Not_seen,Not_seen,Not_seen,0.0,ICOUK,1,107451.73154743023
416,2459465.28354,51.62127,0.30556,0.748,2459465.27181,2459465.29822,38.03333,2.64755,275.59945,-3.40359,283.72363,0.0025,1.00518,10.12691,6.05115,8.12417,0.00779,58.51372,0.24837,0.24856,-0.42592,-0.42581,0.5,Not_seen,Not_seen,Not_seen,0.0,ICOUK,1,50526.32115686888
417,2459465.29151,51.45523,-2.59665,0.756,2459465.27971,2459465.30625,38.21667,2.67448,275.47984,-3.42396,283.68422,0.0025,1.00517,10.21941,6.09843,8.20439,0.00793,58.51652,0.25292,0.25313,-0.41847,-0.41835,0.0,Not_seen,Not_seen,Not_seen,0.0,ICOUK,0,42767.81498574461
418,2459465.28465,51.50853,-0.12574,0.749,2459465.27291,2459465.29934,38.06667,2.65911,275.56758,-3.41152,283.69177,0.0025,1.00518,10.13856,6.07063,8.12419,0.00781,58.51374,0.24894,0.24913,-0.42363,-0.42352,0.5,Not_seen,Not_seen,Not_seen,0.0,ICOUK,1,20648.90715971427
419,2459465.28911,52.72247,-1.3702,0.753,2459465.27737,2459465.30378,38.03333,2.56927,275.71747,-3.3368,284.04792,0.0025,1.00517,10.2085,5.90607,8.33045,0.00792,58.52021,0.2524,0.25259,-0.43802,-0.4379,0.0,Not_seen,Not_seen,Not_seen,0.0,ICOUK,1,75566.89288118208
420,2459465.29089,52.47214,-2.08212,0.755,2459465.27913,2459465.30558,38.08333,2.5928,275.65237,-3.355,283.97481,0.0025,1.00517,10.22614,5.9478,8.32244,0.00794,58.52004,0.25327,0.25347,-0.43333,-0.43321,0.0,Not_seen,Not_seen,Not_seen,0.0,ICOUK,0,72608.41962818695
421,2459465.29768,53.08333,-4.33492,0.762,2459465.28591,2459465.31238,38.11667,2.55289,275.67984,-3.32181,284.16333,0.0025,1.00517,10.31578,5.8747,8.48348,0.00808,58.52534,0.25774,0.25794,-0.43797,-0.43785,0.0,Not_seen,Not_seen,Not_seen,0.0,ICOUK,1,112922.33857599102
422,2459465.29795,56.07156,-3.45887,0.762,2459465.28631,2459465.3125,37.71667,2.30361,276.28944,-3.1122,285.12711,0.0025,1.00517,10.36211,5.41582,8.83766,0.00815,58.53628,0.26011,0.26028,-0.48245,-0.48234,0.5,Not_seen,Not_seen,Not_seen,0.0,ICOUK,4,183134.77102313217
423,2459465.28465,51.50853,-0.12574,0.749,2459465.27291,2459465.29934,38.06667,2.65911,275.56758,-3.41152,283.69177,0.0025,1.00518,10.13856,6.07063,8.12419,0.00781,58.51374,0.24894,0.24913,-0.42363,-0.42352,0.0,Not_seen,Not_seen,Not_seen,0.0,ICOUK,1,20648.90715971427
424,2459465.29471,54.18508,-2.92488,0.759,2459465.283,2459465.30934,37.93333,2.45753,275.92385,-3.24316,284.50133,0.0025,1.00517,10.29596,5.70069,8.57749,0.00805,58.52808,0.25677,0.25696,-0.45595,-0.45584,0.0,Not_seen,Not_seen,Not_seen,0.0,ICOUK,1,111871.05374451487
425,2459465.28528,51.46839,-0.36092,0.749,2459465.27353,2459465.29998,38.08333,2.66203,275.55556,-3.4162,283.68276,0.0025,1.00517,10.14551,6.07822,8.1272,0.00782,58.51392,0.24928,0.24947,-0.42267,-0.42255,0.0,Not_seen,Not_seen,Not_seen,0.0,ICOUK,1,9861.586642784281
426,2459465.29566,54.59947,-3.13256,0.76,2459465.28396,2459465.31028,37.9,2.42451,275.99578,-3.21503,284.63423,0.0025,1.00517,10.31327,5.63955,8.63845,0.00808,58.53001,0.25764,0.25782,-0.46154,-0.46143,0.0,Not_seen,Not_seen,Not_seen,0.0,ICOUK,1,112946.50121286177
427,2459465.29052,53.79648,-1.54785,0.755,2459465.27882,2459465.30515,37.91667,2.48445,275.8973,-3.26512,284.37514,0.0025,1.00517,10.2405,5.74958,8.47784,0.00796,58.52475,0.254,0.25419,-0.45271,-0.4526,0.5,Not_seen,Not_seen,Not_seen,0.0,ICOUK,1,97770.54331771762
428,2459465.29035,54.5767,-1.2355,0.754,2459465.27868,2459465.30494,37.81667,2.41909,276.05585,-3.21205,284.6237,0.0025,1.00517,10.24964,5.63114,8.56785,0.00798,58.52753,0.25447,0.25465,-0.46428,-0.46417,0.0,Not_seen,Not_seen,Not_seen,0.0,ICOUK,1,163711.47834093147
429,2459465.28465,51.50853,-0.12574,0.749,2459465.27291,2459465.29934,38.06667,2.65911,275.56758,-3.41152,283.69177,0.0025,1.00518,10.13856,6.07063,8.12419,0.00781,58.51374,0.24894,0.24913,-0.42363,-0.42352,0.0,Not_seen,Not_seen,Not_seen,0.0,ICOUK,1,20648.90715971427
430,2459465.28869,52.9536,-1.15047,0.753,2459465.27697,2459465.30334,37.98333,2.55033,275.76288,-3.32046,284.11606,0.0025,1.00517,10.20673,5.87079,8.35317,0.00791,58.52086,0.25232,0.25251,-0.4416,-0.44148,0.5,Not_seen,Not_seen,Not_seen,0.0,ICOUK,1,48529.89705291391
431,2459465.28921,52.52323,-1.46523,0.753,2459465.27747,2459465.30389,38.05,2.58587,275.68119,-3.34985,283.98855,0.0025,1.00517,10.20687,5.93572,8.30736,0.00791,58.5195,0.25232,0.25251,-0.4351,-0.43499,0.0,Not_seen,Not_seen,Not_seen,0.0,ICOUK,0,74500.48492391812
432,2459465.28962,54.5828,-0.9732,0.754,2459465.27795,2459465.30421,37.81667,2.41847,276.06476,-3.21014,284.62397,0.0025,1.00517,10.24103,5.6286,8.55921,0.00797,58.52718,0.25404,0.25422,-0.46479,-0.46468,0.0,Not_seen,Not_seen,Not_seen,0.0,ICOUK,1,160280.68188964928
433,2459465.28776,50.90395,-1.40428,0.752,2459465.27597,2459465.30249,38.18333,2.7101,275.44115,-3.45658,283.5288,0.0025,1.00517,10.16721,6.16668,8.08765,0.00785,58.51289,0.25034,0.25054,-0.41319,-0.41307,0.5,Not_seen,Not_seen,Not_seen,0.0,ICOUK,1,48463.636627874905
434,2459465.29358,51.5679,-3.308,0.758,2459465.28178,2459465.30833,38.23333,2.66811,275.47437,-3.41996,283.71919,0.0025,1.00517,10.24572,6.08807,8.24483,0.00797,58.51788,0.25423,0.25443,-0.41873,-0.41861,1.0,Not_seen,Not_seen,Not_seen,0.0,ICOUK,2,78672.57553010902
435,2459465.28937,53.95763,-1.08271,0.753,2459465.27767,2459465.30398,37.88333,2.46999,275.94191,-3.25258,284.42413,0.0025,1.00517,10.22901,5.72256,8.48222,0.00795,58.5248,0.25343,0.25362,-0.45575,-0.45564,0.0,Not_seen,Not_seen,Not_seen,0.0,ICOUK,1,95561.42667927987
436,2459466.29411,52.48142,-1.89983,1.758,2459466.27701,2459466.31547,55.38333,4.0616,263.67393,-4.49929,284.89876,0.00248,1.00509,22.86778,8.56089,21.22484,0.0393,58.87894,1.2608,1.26233,0.37359,0.37435,0.5,Not_seen,Not_seen,Not_seen,0.0,ICOUK,8,69930.28466056209
437,2459466.29411,52.48142,-1.89983,1.758,2459466.27701,2459466.31547,55.38333,4.0616,263.67393,-4.49929,284.89876,0.00248,1.00509,22.86778,8.56089,21.22484,0.0393,58.87894,1.2608,1.26233,0.37359,0.37435,0.5,Not_seen,Not_seen,Not_seen,0.0,ICOUK,8,69930.28466056209
438,2459466.29629,53.75,-2.48333,1.76,2459466.27968,2459466.31705,53.81667,3.80642,263.69857,-4.28752,285.15551,0.00248,1.00509,22.91585,8.09395,21.45694,0.03946,58.89779,1.26644,1.26788,0.3297,0.33041,0.5,Not_seen,Not_seen,Not_seen,0.0,ICOUK,3,145456.74309766522
439,2459466.29608,53.58333,-2.43333,1.76,2459466.2794,2459466.31692,54.03333,3.83963,263.69424,-4.31615,285.12226,0.00248,1.00509,22.9105,8.15578,21.42802,0.03944,58.89543,1.26581,1.26726,0.33556,0.33628,0.5,Not_seen,Not_seen,Not_seen,0.0,ICOUK,3,135313.72249265428
440,2459466.28759,51.62127,0.30556,1.752,2459466.27022,2459466.30931,56.28333,4.22727,263.72446,-4.63336,284.72089,0.00248,1.00509,22.77003,8.86063,20.99643,0.03897,58.86417,1.24987,1.25145,0.39814,0.39892,0.5,Not_seen,Not_seen,Not_seen,0.0,ICOUK,7,50526.32115686888
441,2459466.29726,51.48,-3.18,1.761,2459466.27978,2459466.31911,56.63333,4.26902,263.60675,-4.66963,284.70425,0.00248,1.00509,22.89309,8.93864,21.09751,0.03938,58.8646,1.26325,1.26486,0.41258,0.41338,1.0,Not_seen,Not_seen,Not_seen,0.0,ICOUK,5,65552.41574207152
442,2459466.29933,55.95206,-3.19648,1.763,2459466.28363,2459466.31895,50.85,3.35231,263.79825,-3.91636,285.62404,0.00248,1.00509,22.99014,7.26867,21.82579,0.03971,58.92814,1.27521,1.27649,0.25151,0.25215,0.5,Not_seen,Not_seen,Not_seen,0.0,ICOUK,6,196355.1590499321
443,2459466.29772,54.18508,-2.92488,1.762,2459466.28127,2459466.31828,53.28333,3.71784,263.7042,-4.21607,285.24734,0.00248,1.00509,22.94126,7.93391,21.54314,0.03955,58.90432,1.26936,1.27077,0.31514,0.31583,0.5,Not_seen,Not_seen,Not_seen,0.0,ICOUK,7,111871.05374451487
444,2459466.29053,51.62907,-0.74934,1.755,2459466.27315,2459466.31227,56.33333,4.2304,263.68901,-4.63531,284.72487,0.00248,1.00509,22.80828,8.86571,21.03587,0.0391,58.86503,1.25404,1.25562,0.40072,0.4015,1.0,Not_seen,Not_seen,Not_seen,0.0,ICOUK,6,23095.45979738918
445,2459466.2937,53.79648,-1.54785,1.758,2459466.27712,2459466.31443,53.73333,3.7933,263.7331,-4.27752,285.16365,0.00248,1.00509,22.88311,8.07082,21.43055,0.03935,58.89772,1.26287,1.2643,0.32561,0.32632,0.5,Seen,Seen_eye,Seen_eye;Seen_binoculars;Seen_telescope;Seen_ccd,1.0,ICOUK,3,97770.54331771762
446,2459495.25076,54.59682,-5.92541,1.289,2459495.23919,2459495.26522,37.48333,2.24358,248.03468,-3.23089,264.54996,0.00243,0.99704,17.39241,5.47447,16.51528,0.02286,60.18033,0.74963,0.75015,-0.19914,-0.19886,1.0,Not_seen,Not_seen,Not_seen,0.0,ICOUK,7,101368.67934841654
447,2459495.24208,53.75,-2.48333,1.28,2459495.23027,2459495.25685,38.28333,2.3689,248.4616,-3.33457,264.7603,0.00243,0.99704,17.2609,5.70347,16.2987,0.02252,60.17301,0.73833,0.73887,-0.18234,-0.18206,0.5,Not_seen,Not_seen,Not_seen,0.0,ICOUK,6,106336.39502786384
448,2459495.24212,53.58333,-2.43333,1.28,2459495.23024,2459495.25697,38.48333,2.39489,248.52253,-3.35712,264.80187,0.00243,0.99704,17.25864,5.75201,16.27934,0.02251,60.17188,0.73813,0.73867,-0.1776,-0.17731,1.0,Not_seen,Not_seen,Not_seen,0.0,ICOUK,6,88478.88245241232
449,2459495.24212,53.58333,-2.43333,1.28,2459495.23024,2459495.25697,38.48333,2.39489,248.52253,-3.35712,264.80187,0.00243,0.99704,17.25864,5.75201,16.27934,0.02251,60.17188,0.73813,0.73867,-0.1776,-0.17731,1.0,Not_seen,Not_seen,Not_seen,0.0,ICOUK,6,88478.88245241232
450,2459495.23645,51.62127,0.30556,1.274,2459495.22398,2459495.25203,40.38333,2.69493,249.27603,-3.60584,265.23467,0.00243,0.99704,17.14948,6.30077,15.95864,0.02223,60.15655,0.7287,0.7293,-0.12783,-0.1275,1.0,Not_seen,Not_seen,Not_seen,0.0,ICOUK,8,50526.32115686888
451,2459495.2447,51.45523,-2.59665,1.283,2459495.23213,2459495.26042,40.73333,2.73303,249.22926,-3.63833,265.27729,0.00243,0.99704,17.25837,6.37136,16.04803,0.02251,60.15659,0.73792,0.73853,-0.11578,-0.11545,0.5,Not_seen,Not_seen,Not_seen,0.0,ICOUK,8,42767.81498574461
452,2459495.24633,51.57605,-3.22034,1.284,2459495.23378,2459495.262,40.63333,2.71671,249.16867,-3.62469,265.25425,0.00243,0.99704,17.28231,6.3414,16.08558,0.02257,60.15778,0.73997,0.74058,-0.11767,-0.11734,0.5,Not_seen,Not_seen,Not_seen,0.0,ICOUK,2,75956.54552592276
453,2459495.24633,51.57605,-3.22034,1.284,2459495.23378,2459495.262,40.63333,2.71671,249.16867,-3.62469,265.25425,0.00243,0.99704,17.28231,6.3414,16.08558,0.02257,60.15778,0.73997,0.74058,-0.11767,-0.11734,1.0,Not_seen,Not_seen,Not_seen,0.0,ICOUK,2,75956.54552592276
454,2459495.2546,50.1333,-5.7,1.293,2459495.24157,2459495.27088,42.2,2.95244,249.54068,-3.82553,265.54419,0.00243,0.99704,17.37064,6.77796,16.00351,0.0228,60.14745,0.74736,0.74804,-0.07002,-0.06965,0.5,Not_seen,Not_seen,Not_seen,0.0,ICOUK,8,32569.109757216545
455,2459495.24631,51.48,-3.18,1.284,2459495.23374,2459495.26203,40.73333,2.73059,249.20247,-3.63832,265.2753,0.00243,0.99704,17.28052,6.36891,16.07284,0.02257,60.15709,0.73981,0.74042,-0.11501,-0.11467,0.5,Not_seen,Not_seen,Not_seen,0.0,ICOUK,2,65552.41574207152
456,2459495.24004,52.72247,-1.3702,1.278,2459495.22789,2459495.25522,39.35,2.52843,248.85472,-3.46721,265.0011,0.00243,0.99704,17.2162,5.99564,16.14638,0.0224,60.16537,0.73445,0.73502,-0.15523,-0.15492,1.0,Not_seen,Not_seen,Not_seen,0.0,ICOUK,7,75566.89288118208
457,2459495.24227,52.47214,-2.08212,1.28,2459495.23003,2459495.25757,39.65,2.57121,248.91317,-3.50211,265.05851,0.00243,0.99704,17.24226,6.07333,16.14534,0.02247,60.16389,0.73664,0.73722,-0.14628,-0.14596,1.0,Not_seen,Not_seen,Not_seen,0.0,ICOUK,6,53714.083843677094
458,2459495.2378,51.38333,-0.1,1.276,2459495.22525,2459495.25348,40.65,2.73435,249.33767,-3.63776,265.28365,0.00243,0.99704,17.16391,6.37211,15.94598,0.02227,60.15491,0.7299,0.73051,-0.12005,-0.11972,1.0,Not_seen,Not_seen,Not_seen,0.0,ICOUK,8,28718.40390094565
459,2459495.24013,52.92277,-1.47663,1.278,2459495.22806,2459495.25523,39.13333,2.4969,248.78347,-3.44133,264.95584,0.00243,0.99704,17.2208,5.93823,16.17237,0.02241,60.16684,0.73486,0.73542,-0.16075,-0.16045,1.0,Not_seen,Not_seen,Not_seen,0.0,ICOUK,7,69666.96281240827
460,2459495.24161,55.95206,-3.19648,1.28,2459495.23058,2459495.25539,35.73333,2.01645,247.62052,-3.04034,264.16216,0.00243,0.99704,17.29153,5.05679,16.54164,0.0226,60.18707,0.74111,0.74157,-0.24551,-0.24527,1.0,Not_seen,Not_seen,Not_seen,0.0,ICOUK,8,114204.10218860353
461,2459495.23938,51.62907,-0.74934,1.277,2459495.2269,2459495.25499,40.45,2.69776,249.23747,-3.60904,265.23659,0.00243,0.99704,17.18931,6.3068,15.99912,0.02233,60.1571,0.73207,0.73268,-0.1254,-0.12507,0.5,Not_seen,Not_seen,Not_seen,0.0,ICOUK,8,24604.719759505162
462,2459495.23943,53.79648,-1.54785,1.277,2459495.22764,2459495.25417,38.2,2.35764,248.47941,-3.32635,264.74768,0.00243,0.99704,17.2258,5.68399,16.26828,0.02243,60.17288,0.73536,0.73588,-0.1859,-0.18562,0.5,Not_seen,Not_seen,Not_seen,0.0,ICOUK,7,97770.54331771762
463,2459495.23775,51.50853,-0.12574,1.276,2459495.22524,2459495.25339,40.53333,2.715,249.29655,-3.62143,265.25818,0.00243,0.99704,17.16532,6.33643,15.96164,0.02227,60.15586,0.73003,0.73064,-0.12354,-0.12321,1.0,Not_seen,Not_seen,Not_seen,0.0,ICOUK,8,20648.90715971427
464,2459495.23709,54.591,-1.019,1.275,2459495.22559,2459495.25147,37.26667,2.23006,248.21176,-3.21775,264.54091,0.00243,0.99704,17.20751,5.44781,16.32915,0.02238,60.17769,0.73387,0.73437,-0.21033,-0.21006,1.0,Not_seen,Not_seen,Not_seen,0.0,ICOUK,8,130620.54221169114
465,2459495.23771,54.5767,-1.2355,1.276,2459495.2262,2459495.25209,37.28333,2.23308,248.20913,-3.22017,264.54503,0.00243,0.99704,17.21564,5.45325,16.33591,0.0224,60.17772,0.73455,0.73505,-0.20941,-0.20914,1.0,Not_seen,Not_seen,Not_seen,0.0,ICOUK,8,117947.99846214389
466,2459495.2405,52.52323,-1.46523,1.278,2459495.22829,2459495.25578,39.58333,2.56014,248.91851,-3.49397,265.04638,0.00243,0.99704,17.21919,6.05411,16.12787,0.02241,60.164,0.73469,0.73526,-0.14925,-0.14894,0.5,Not_seen,Not_seen,Not_seen,0.0,ICOUK,8,74500.48492391812
467,2459495.2372,54.618,-1.069,1.275,2459495.22571,2459495.25157,37.25,2.2257,248.2004,-3.21448,264.53413,0.00243,0.99704,17.20946,5.44018,16.33373,0.02239,60.1779,0.73403,0.73453,-0.211,-0.21073,1.0,Not_seen,Not_seen,Not_seen,0.0,ICOUK,8,126653.3846019719
468,2459495.23907,51.50949,-0.59541,1.277,2459495.22655,2459495.25471,40.55,2.71609,249.28097,-3.62383,265.26035,0.00243,0.99704,17.18308,6.33992,15.97938,0.02232,60.15612,0.73154,0.73214,-0.12238,-0.12205,1.0,Not_seen,Not_seen,Not_seen,0.0,ICOUK,8,13157.404474189208
469,2459495.23795,54.57,-1.32,1.276,2459495.22644,2459495.25235,37.31667,2.23461,248.20825,-3.22108,264.54668,0.00243,0.99704,17.21879,5.45569,16.33843,0.02241,60.17771,0.73482,0.73532,-0.20902,-0.20875,1.0,Not_seen,Not_seen,Not_seen,0.0,ICOUK,8,113128.5967014607
470,2459495.23834,51.39148,-0.29825,1.276,2459495.2258,2459495.25403,40.65,2.73422,249.32782,-3.63711,265.28219,0.00243,0.99704,17.1714,6.37133,15.95436,0.02229,60.15504,0.73054,0.73115,-0.11978,-0.11945,0.5,Not_seen,Not_seen,Not_seen,0.0,ICOUK,8,19442.481705693164
471,2459495.23796,53.95763,-1.08271,1.276,2459495.22623,2459495.25262,38.0,2.33159,248.43721,-3.30225,264.70458,0.00243,0.99704,17.20857,5.63384,16.26738,0.02238,60.17365,0.73391,0.73443,-0.1917,-0.19142,1.0,Not_seen,Not_seen,Not_seen,0.0,ICOUK,7,95561.42667927987
472,2459525.20173,53.81667,-3.05,1.817,2459525.1866,2459525.22065,49.03333,2.24468,222.8952,-3.75857,247.45392,0.0024,0.98903,25.26873,6.00325,24.55872,0.04784,60.96524,1.58932,1.59042,0.27747,0.278,1.0,Not_seen,Not_seen,Not_seen,0.0,ICOUK,5,107762.64653304293
473,2459525.20075,53.58333,-2.43333,1.816,2459525.18544,2459525.21988,49.6,2.30637,223.13653,-3.81311,247.64783,0.0024,0.98903,25.25021,6.11948,24.5113,0.04777,60.96286,1.58696,1.58809,0.28797,0.28851,1.0,Not_seen,Not_seen,Not_seen,0.0,ICOUK,8,151297.1561655324
474,2459525.20075,53.58333,-2.43333,1.816,2459525.18544,2459525.21988,49.6,2.30637,223.13653,-3.81311,247.64783,0.0024,0.98903,25.25021,6.11948,24.5113,0.04777,60.96286,1.58696,1.58809,0.28797,0.28851,1.0,Not_seen,Not_seen,Not_seen,0.0,ICOUK,8,151297.1561655324
475,2459525.19783,52.2,0.11667,1.813,2459525.1815,2459525.21824,52.9,2.66967,224.47206,-4.13876,248.73216,0.0024,0.98903,25.18161,6.80843,24.26009,0.04752,60.94675,1.57807,1.57938,0.35263,0.35325,1.0,Not_seen,Not_seen,Not_seen,0.0,ICOUK,4,40923.60057196456
476,2459525.20916,51.48,-3.18,1.824,2459525.1922,2459525.23036,54.95,2.87948,224.98591,-4.334,249.28165,0.0024,0.98903,25.32664,7.21348,24.29575,0.04806,60.93327,1.59565,1.59707,0.40151,0.40219,1.0,Not_seen,Not_seen,Not_seen,0.0,ICOUK,8,82883.22645523668
477,2459525.20179,52.40656,-1.51217,1.817,2459525.18557,2459525.22207,52.56667,2.62157,224.24133,-4.09901,248.5876,0.0024,0.98903,25.24133,6.72057,24.34627,0.04774,60.94819,1.58548,1.58677,0.34738,0.34799,0.5,Not_seen,Not_seen,Not_seen,0.0,ICOUK,8,61155.283594846194
478,2459525.19475,55.95206,-3.19648,1.81,2459525.18161,2459525.21118,42.58333,1.65457,220.68453,-3.20788,245.43583,0.0024,0.98903,25.21482,4.86245,24.7513,0.04764,60.98825,1.58325,1.58406,0.1605,0.16088,0.5,Not_seen,Not_seen,Not_seen,0.0,ICOUK,8,114204.10218860353
479,2459525.19758,53.79648,-1.54785,1.812,2459525.18248,2459525.21647,48.95,2.24411,222.96175,-3.75506,247.461,0.0024,0.98903,25.21006,5.99916,24.49926,0.04762,60.96624,1.58209,1.58319,0.27362,0.27414,1.0,Not_seen,Not_seen,Not_seen,0.0,ICOUK,7,121064.14879337519
480,2459525.20051,51.50853,-0.12574,1.815,2459525.18367,2459525.22156,54.56667,2.85568,225.05587,-4.30768,249.23999,0.0024,0.98903,25.20567,7.16336,24.18413,0.04761,60.93658,1.58078,1.58217,0.38941,0.39008,0.5,Not_seen,Not_seen,Not_seen,0.0,ICOUK,7,20648.90715971427
481,2459525.19219,56.33871,-2.79902,1.807,2459525.17946,2459525.2081,41.25,1.54512,220.26235,-3.10333,245.0258,0.0024,0.98903,25.18697,4.64845,24.76344,0.04754,60.9921,1.57991,1.58066,0.1375,0.13786,0.5,Not_seen,Not_seen,Not_seen,0.0,ICOUK,1,156394.06102027715
482,2459525.19439,54.57,-1.32,1.809,2459525.17997,2459525.21242,46.73333,2.03128,222.20745,-3.55765,246.77232,0.0024,0.98903,25.18095,5.58893,24.56487,0.04752,60.97544,1.57873,1.57973,0.23099,0.23146,0.5,Not_seen,Not_seen,Not_seen,0.0,ICOUK,8,113128.5967014607
483,2459525.20258,52.58528,-1.98396,1.817,2459525.18648,2459525.22271,52.16667,2.57513,224.06893,-4.05865,248.45387,0.0024,0.98903,25.25598,6.63378,24.38494,0.04779,60.95025,1.58735,1.58861,0.33959,0.34019,1.0,Not_seen,Not_seen,Not_seen,0.0,ICOUK,8,71482.44574862199
484,2459525.19575,53.95763,-1.08271,1.811,2459525.1808,2459525.21444,48.45,2.19903,222.81917,-3.71069,247.31673,0.0024,0.98903,25.1876,5.90972,24.49756,0.04754,60.96853,1.57938,1.58045,0.26338,0.26389,1.0,Not_seen,Not_seen,Not_seen,0.0,ICOUK,7,114536.24324465395
485,2459555.1749,57.14369,-2.09814,2.353,2459555.14439,2459555.21303,98.85,2.88395,203.69591,-5.4811,235.79982,0.00242,0.98329,33.13983,8.36506,32.1039,0.08133,60.54789,2.6833,2.68568,1.01904,1.02013,0.0,Seen,Seen_eye,Seen_eye;Seen_binoculars;Seen_telescope;Seen_ccd,1.0,ICOUK,3,96849.00925036421
486,2459584.20466,53.75,-2.48333,1.931,2459584.16898,2459584.24926,115.6,5.57499,217.17789,-7.1056,240.86306,0.00244,0.98117,26.82133,12.68059,23.68517,0.05379,59.79356,1.75259,1.75555,1.02244,1.02383,0.5,Seen,Seen_eye,Seen_eye;Seen_binoculars;Seen_telescope;Seen_ccd,1.0,ICOUK,0,135255.26095929206
487,2459612.20128,51.62127,0.30556,0.461,2459612.19981,2459612.20311,4.75,-0.24625,235.78954,-1.1258,243.55079,0.00245,0.98299,7.8103,0.87955,7.76125,0.00464,59.7933,0.15112,0.15111,-1.00184,-1.00185,0.5,Not_seen,Not_seen,Not_seen,0.0,ICOUK,6,50526.32115686888
488,2459612.20359,51.46839,-0.36092,0.463,2459612.20201,2459612.20557,5.11667,-0.22092,235.9026,-1.14972,243.67743,0.00245,0.98299,7.82948,0.9288,7.77483,0.00466,59.79203,0.15186,0.15185,-0.99647,-0.99647,0.0,Not_seen,Not_seen,Not_seen,0.0,ICOUK,6,9861.586642784281
489,2459612.20042,53.79648,-1.54785,0.46,2459612.19976,2459612.20125,2.15,-0.43286,234.04658,-0.9583,241.87535,0.00245,0.98299,7.84578,0.52544,7.82877,0.00468,59.79266,0.15249,0.15247,-1.03642,-1.03643,0.5,Not_seen,Not_seen,Not_seen,0.0,ICOUK,8,90739.16998230087
490,2459612.20742,50.79899,-1.09125,0.467,2459612.20553,2459612.20978,6.11667,-0.14391,236.38619,-1.21942,244.16601,0.00245,0.98299,7.85315,1.07551,7.77982,0.00469,59.79001,0.15277,0.15277,-0.98124,-0.98124,1.0,Not_seen,Not_seen,Not_seen,0.0,ICOUK,4,49293.49778927182
491,2459612.20804,50.90395,-1.40428,0.468,2459612.20617,2459612.21038,6.06667,-0.14832,236.30998,-1.21426,244.09928,0.00245,0.98299,7.86124,1.06594,7.7893,0.0047,59.78963,0.15309,0.15308,-0.982,-0.98201,0.5,Not_seen,Not_seen,Not_seen,0.0,ICOUK,7,37920.74021320843
492,2459612.20362,51.39148,-0.29825,0.463,2459612.20201,2459612.20562,5.2,-0.21471,235.95983,-1.15585,243.73189,0.00245,0.98299,7.82819,0.94114,7.77206,0.00466,59.79204,0.15181,0.1518,-0.99526,-0.99527,0.0,Not_seen,Not_seen,Not_seen,0.0,ICOUK,6,19442.481705693164
493,2459612.1986,53.95763,-1.08271,0.458,2459612.19804,2459612.19929,1.8,-0.45571,233.90702,-0.93599,241.72452,0.00245,0.98298,7.83164,0.48028,7.8175,0.00466,59.79355,0.15195,0.15193,-1.04127,-1.04128,0.5,Not_seen,Not_seen,Not_seen,0.0,ICOUK,6,95561.42667927987
494,2459613.22901,51.62127,0.30556,1.489,2459613.20109,2459613.26391,90.46667,5.83788,235.68664,-6.58988,251.37775,0.00248,0.98324,19.99205,12.42776,15.69112,0.03013,58.77976,0.96504,0.96671,0.61021,0.61108,0.5,Seen,Seen_eye,Seen_eye;Seen_binoculars;Seen_telescope;Seen_ccd,1.0,ICOUK,7,50526.32115686888
495,2459642.2608,53.75,-2.48333,1.028,2459642.24376,2459642.28209,55.2,3.61462,254.34263,-4.42155,264.8212,0.00254,0.98893,13.19829,8.03617,10.47857,0.01321,57.6905,0.41517,0.41561,-0.12948,-0.12923,1.0,Not_seen,Not_seen,Not_seen,0.0,ICOUK,8,72817.84772086279
496,2459642.26079,53.58333,-2.43333,1.028,2459642.24376,2459642.28208,55.18333,3.63201,254.39493,-4.43496,264.84694,0.00254,0.98893,13.196,8.06697,10.45201,0.0132,57.68939,0.41502,0.41546,-0.12649,-0.12623,1.0,Not_seen,Not_seen,Not_seen,0.0,ICOUK,8,58967.44322896378
497,2459642.26079,53.58333,-2.43333,1.028,2459642.24376,2459642.28208,55.18333,3.63201,254.39493,-4.43496,264.84694,0.00254,0.98893,13.196,8.06697,10.45201,0.0132,57.68939,0.41502,0.41546,-0.12649,-0.12623,1.0,Not_seen,Not_seen,Not_seen,0.0,ICOUK,8,58967.44322896378
498,2459642.26462,51.57605,-3.22034,1.032,2459642.24755,2459642.28597,55.33333,3.85854,255.01122,-4.61755,265.15765,0.00254,0.98893,13.2137,8.47609,10.14644,0.01324,57.67183,0.416,0.41647,-0.08501,-0.08474,1.0,Not_seen,Not_seen,Not_seen,0.0,ICOUK,8,75956.54552592276
499,2459642.25465,52.2,0.11667,1.022,2459642.23779,2459642.27572,54.61667,3.73327,254.81105,-4.51685,265.00484,0.00254,0.98893,13.107,8.25013,10.19379,0.01303,57.68706,0.40945,0.4099,-0.11139,-0.11113,1.0,Not_seen,Not_seen,Not_seen,0.0,ICOUK,8,40923.60057196456
500,2459642.25589,51.38333,-0.1,1.023,2459642.23902,2459642.27698,54.66667,3.82227,255.05395,-4.58831,265.12062,0.00254,0.98893,13.11065,8.41058,10.06668,0.01303,57.68029,0.40963,0.41009,-0.09524,-0.09498,1.0,Not_seen,Not_seen,Not_seen,0.0,ICOUK,7,28718.40390094565
501,2459642.25589,51.38333,-0.1,1.023,2459642.23902,2459642.27698,54.66667,3.82227,255.05395,-4.58831,265.12062,0.00254,0.98893,13.11065,8.41058,10.06668,0.01303,57.68029,0.40963,0.41009,-0.09524,-0.09498,1.0,Not_seen,Not_seen,Not_seen,0.0,ICOUK,7,28718.40390094565
502,2459642.25841,53.69076,-1.62907,1.026,2459642.24144,2459642.27963,55.0,3.60668,254.35654,-4.41365,264.81161,0.00254,0.98893,13.17004,8.02032,10.45507,0.01315,57.69265,0.41342,0.41386,-0.13208,-0.13183,1.0,Not_seen,Not_seen,Not_seen,0.0,ICOUK,8,80825.58796783317
503,2459642.26088,55.95206,-3.19648,1.028,2459642.2438,2459642.28225,55.36667,3.38497,253.61063,-4.23671,264.43204,0.00254,0.98893,13.22927,7.62168,10.82141,0.01327,57.70458,0.41722,0.41763,-0.16975,-0.16951,1.0,Not_seen,Not_seen,Not_seen,0.0,ICOUK,8,114204.10218860353
504,2459642.25785,52.6386,-1.13169,1.025,2459642.24091,2459642.27903,54.88333,3.70973,254.68313,-4.49737,264.96626,0.00254,0.98893,13.14965,8.2071,10.28313,0.01311,57.6864,0.4121,0.41255,-0.11416,-0.1139,1.0,Not_seen,Not_seen,Not_seen,0.0,ICOUK,8,40964.71064516555
505,2459642.25587,51.50853,-0.12574,1.023,2459642.23899,2459642.27696,54.66667,3.81017,255.01686,-4.57782,265.10411,0.00254,0.98893,13.112,8.388,10.08725,0.01304,57.68112,0.40972,0.41018,-0.09745,-0.09718,1.0,Not_seen,Not_seen,Not_seen,0.0,ICOUK,7,20648.90715971427
506,2459642.25587,51.50853,-0.12574,1.023,2459642.23899,2459642.27696,54.66667,3.81017,255.01686,-4.57782,265.10411,0.00254,0.98893,13.112,8.388,10.08725,0.01304,57.68112,0.40972,0.41018,-0.09745,-0.09718,1.0,Not_seen,Not_seen,Not_seen,0.0,ICOUK,7,20648.90715971427
507,2459642.25755,51.52279,-0.71986,1.025,2459642.24064,2459642.27868,54.78333,3.81955,255.01509,-4.5851,265.1139,0.00254,0.98893,13.13151,8.40466,10.09881,0.01307,57.67933,0.41092,0.41138,-0.09509,-0.09482,1.0,Not_seen,Not_seen,Not_seen,0.0,ICOUK,7,21185.2666688335
508,2459642.25755,51.52279,-0.71986,1.025,2459642.24064,2459642.27868,54.78333,3.81955,255.01509,-4.5851,265.1139,0.00254,0.98893,13.13151,8.40466,10.09881,0.01307,57.67933,0.41092,0.41138,-0.09509,-0.09482,1.0,Not_seen,Not_seen,Not_seen,0.0,ICOUK,7,21185.2666688335
509,2459642.25914,50.79899,-1.09125,1.027,2459642.24221,2459642.28031,54.86667,3.90003,255.22774,-4.65148,265.21457,0.00254,0.98893,13.1406,8.55151,9.98683,0.01309,57.67277,0.41144,0.41191,-0.0801,-0.07983,1.0,Not_seen,Not_seen,Not_seen,0.0,ICOUK,8,49293.49778927182
510,2459642.25578,54.5828,-0.9732,1.023,2459642.23885,2459642.27694,54.85,3.49769,254.06557,-4.32718,264.64495,0.00254,0.98893,13.15188,7.82487,10.57938,0.01311,57.70126,0.41235,0.41277,-0.15224,-0.152,1.0,Not_seen,Not_seen,Not_seen,0.0,ICOUK,8,133709.10577683337
511,2459642.25578,54.5828,-0.9732,1.023,2459642.23885,2459642.27694,54.85,3.49769,254.06557,-4.32718,264.64495,0.00254,0.98893,13.15188,7.82487,10.57938,0.01311,57.70126,0.41235,0.41277,-0.15224,-0.152,1.0,Not_seen,Not_seen,Not_seen,0.0,ICOUK,8,133709.10577683337
512,2459642.25995,50.90395,-1.40428,1.027,2459642.243,2459642.28115,54.93333,3.89621,255.19732,-4.64601,265.20611,0.00254,0.98893,13.15125,8.54221,10.00879,0.01311,57.67248,0.4121,0.41257,-0.08065,-0.08038,1.0,Not_seen,Not_seen,Not_seen,0.0,ICOUK,8,37920.74021320843
513,2459642.26054,54.75844,-2.69531,1.028,2459642.24348,2459642.28185,55.25,3.50884,254.01484,-4.33589,264.65053,0.00254,0.98893,13.20889,7.84473,10.63568,0.01323,57.69731,0.41589,0.41631,-0.14821,-0.14797,0.5,Not_seen,Not_seen,Not_seen,0.0,ICOUK,8,26075.900287736258
514,2459642.25663,53.95763,-1.08271,1.024,2459642.23969,2459642.2778,54.88333,3.56873,254.26795,-4.38211,264.75465,0.00254,0.98893,13.15312,7.95084,10.4867,0.01312,57.69627,0.41239,0.41282,-0.13962,-0.13937,1.0,Not_seen,Not_seen,Not_seen,0.0,ICOUK,8,95561.42667927987
515,2459643.28659,53.75,-2.48333,2.054,2459643.2451,2459643.33845,134.41667,9.81147,256.21382,-9.62122,272.58073,0.00257,0.98934,25.35602,19.43269,16.36691,0.04817,56.23912,1.47609,1.4802,1.5661,1.56809,0.5,Seen,Seen_eye,Seen_eye;Seen_binoculars;Seen_telescope;Seen_ccd,1.0,ICOUK,8,72817.84772086279
516,2459672.30455,52.13459,-0.46632,1.538,2459672.27596,2459672.34029,92.63333,6.7865,276.6139,-6.96289,287.70791,0.00262,0.99714,17.65024,13.74939,11.09401,0.02354,55.50909,0.71193,0.71329,0.60793,0.60867,0.5,Seen,Seen_eye,Seen_eye;Seen_binoculars;Seen_telescope;Seen_ccd,1.0,ICOUK,4,9203.33997491048
517,2459701.34998,54.59682,-5.92541,0.997,2459701.33162,2459701.37293,59.48333,3.38891,296.28305,-4.10761,303.8187,0.00267,1.00503,10.62547,7.49651,7.53566,0.00857,54.79652,0.25599,0.25623,-0.27683,-0.27669,1.0,Not_seen,Not_seen,Not_seen,0.0,ICOUK,8,101368.67934841654
518,2459701.33279,52.48142,-1.89983,0.98,2459701.31525,2459701.3547,56.8,3.47435,294.83878,-4.1789,301.89546,0.00267,1.00503,10.4064,7.65326,7.05668,0.00822,54.79815,0.24557,0.24581,-0.26738,-0.26724,1.0,Not_seen,Not_seen,Not_seen,0.0,ICOUK,6,69930.28466056209
519,2459701.33279,52.48142,-1.89983,0.98,2459701.31525,2459701.3547,56.8,3.47435,294.83878,-4.1789,301.89546,0.00267,1.00503,10.4064,7.65326,7.05668,0.00822,54.79815,0.24557,0.24581,-0.26738,-0.26724,1.0,Not_seen,Not_seen,Not_seen,0.0,ICOUK,6,69930.28466056209
520,2459701.3378,53.75,-2.48333,0.985,2459701.31991,2459701.36017,57.98333,3.39931,295.6744,-4.11678,302.98078,0.00267,1.00503,10.47836,7.51609,7.30638,0.00834,54.80055,0.24898,0.24922,-0.27906,-0.27892,1.0,Not_seen,Not_seen,Not_seen,0.0,ICOUK,8,72817.84772086279
521,2459701.3372,53.58333,-2.43333,0.984,2459701.31935,2459701.35951,57.83333,3.41063,295.55856,-4.12457,302.83247,0.00267,1.00503,10.46951,7.5352,7.27391,0.00832,54.80013,0.24856,0.2488,-0.2774,-0.27726,1.0,Not_seen,Not_seen,Not_seen,0.0,ICOUK,8,58967.44322896378
522,2459701.33584,53.79391,-1.75206,0.983,2459701.31797,2459701.35817,57.88333,3.38689,295.70316,-4.10541,303.00326,0.00267,1.00503,10.45695,7.4923,7.3001,0.0083,54.802,0.24798,0.24821,-0.28204,-0.2819,1.0,Not_seen,Not_seen,Not_seen,0.0,ICOUK,8,94345.54643222697
523,2459701.33584,53.79391,-1.75206,0.983,2459701.31797,2459701.35817,57.88333,3.38689,295.70316,-4.10541,303.00326,0.00267,1.00503,10.45695,7.4923,7.3001,0.0083,54.802,0.24798,0.24821,-0.28204,-0.2819,1.0,Not_seen,Not_seen,Not_seen,0.0,ICOUK,8,94345.54643222697
524,2459701.3319,52.72247,-1.3702,0.979,2459701.31434,2459701.35384,56.88333,3.45186,294.99005,-4.15945,302.08172,0.00267,1.00503,10.39941,7.61131,7.09167,0.00821,54.79979,0.24525,0.24549,-0.27177,-0.27163,1.0,Not_seen,Not_seen,Not_seen,0.0,ICOUK,8,31897.501793016054
525,2459701.32494,51.38333,-0.1,0.972,2459701.30779,2459701.34638,55.56667,3.51812,294.17679,-4.21455,300.99433,0.00267,1.00502,10.30538,7.73268,6.81754,0.00807,54.79857,0.24085,0.24108,-0.26227,-0.26213,1.0,Not_seen,Not_seen,Not_seen,0.0,ICOUK,8,28718.40390094565
526,2459701.33521,53.69076,-1.62907,0.982,2459701.31738,2459701.35749,57.75,3.39188,295.63209,-4.1099,302.9104,0.00267,1.00503,10.44858,7.50178,7.27831,0.00829,54.80196,0.24758,0.24781,-0.28133,-0.28119,0.5,Not_seen,Not_seen,Not_seen,0.0,ICOUK,8,80825.58796783317
527,2459701.33978,53.92527,-3.01085,0.987,2459701.32181,2459701.36226,58.25,3.39547,295.79591,-4.11238,303.1457,0.00267,1.00503,10.50275,7.50785,7.34979,0.00838,54.80001,0.25014,0.25038,-0.27919,-0.27905,0.5,Not_seen,Not_seen,Not_seen,0.0,ICOUK,8,84368.77105366753
528,2459701.32588,51.46839,-0.36092,0.973,2459701.30869,2459701.34737,55.7,3.51729,294.22527,-4.21264,301.06342,0.00267,1.00502,10.31695,7.72993,6.83816,0.00808,54.79826,0.24138,0.24162,-0.26222,-0.26208,1.0,Not_seen,Not_seen,Not_seen,0.0,ICOUK,8,9861.586642784281
529,2459701.331,52.6386,-1.13169,0.978,2459701.31348,2459701.35291,56.76667,3.45344,294.93717,-4.16162,302.00861,0.00267,1.00502,10.3884,7.61506,7.07144,0.0082,54.80003,0.24474,0.24497,-0.2717,-0.27156,1.0,Not_seen,Not_seen,Not_seen,0.0,ICOUK,8,40964.71064516555
530,2459701.32532,51.50853,-0.12574,0.972,2459701.30814,2459701.34679,55.66667,3.5104,294.24982,-4.20884,301.09122,0.00267,1.00502,10.3111,7.71924,6.8414,0.00807,54.79888,0.24111,0.24135,-0.26345,-0.26331,1.0,Not_seen,Not_seen,Not_seen,0.0,ICOUK,8,20648.90715971427
531,2459701.32532,51.50853,-0.12574,0.972,2459701.30814,2459701.34679,55.66667,3.5104,294.24982,-4.20884,301.09122,0.00267,1.00502,10.3111,7.71924,6.8414,0.00807,54.79888,0.24111,0.24135,-0.26345,-0.26331,1.0,Not_seen,Not_seen,Not_seen,0.0,ICOUK,8,20648.90715971427
532,2459701.33657,54.5767,-1.2355,0.984,2459701.31852,2459701.35913,58.48333,3.32679,296.26274,-4.05568,303.69965,0.00267,1.00503,10.47519,7.38247,7.43691,0.00833,54.80509,0.24886,0.24909,-0.2925,-0.29236,1.0,Not_seen,Not_seen,Not_seen,0.0,ICOUK,8,87235.4810306238
533,2459701.33722,53.83333,-2.2,0.984,2459701.31932,2459701.35961,58.01667,3.39031,295.73116,-4.10844,303.04756,0.00267,1.00503,10.47293,7.49875,7.3164,0.00833,54.80128,0.24873,0.24897,-0.28094,-0.2808,1.0,Not_seen,Not_seen,Not_seen,0.0,ICOUK,8,90435.26296700243
534,2459701.3388,54.97328,-1.61396,0.986,2459701.32061,2459701.36154,58.93333,3.304,296.56141,-4.03782,304.08075,0.00267,1.00503,10.50538,7.34182,7.51934,0.00838,54.80551,0.25029,0.25052,-0.2957,-0.29557,1.0,Not_seen,Not_seen,Not_seen,0.0,ICOUK,8,86489.51167203148
535,2459701.32532,51.50853,-0.12574,0.972,2459701.30814,2459701.34679,55.66667,3.5104,294.24982,-4.20884,301.09122,0.00267,1.00502,10.3111,7.71924,6.8414,0.00807,54.79888,0.24111,0.24135,-0.26345,-0.26331,1.0,Not_seen,Not_seen,Not_seen,0.0,ICOUK,8,20648.90715971427
536,2459701.33165,52.52323,-1.46523,0.979,2459701.31414,2459701.35354,56.73333,3.46606,294.86389,-4.17113,301.92005,0.00267,1.00503,10.39424,7.63718,7.05616,0.00821,54.79906,0.24501,0.24524,-0.26933,-0.26919,1.0,Not_seen,Not_seen,Not_seen,0.0,ICOUK,8,54956.867519872576
537,2459701.33847,53.76282,-2.70452,0.986,2459701.32056,2459701.36086,58.03333,3.40169,295.68321,-4.11841,302.99636,0.00267,1.00503,10.48595,7.5201,7.31315,0.00835,54.80016,0.24934,0.24958,-0.27844,-0.2783,1.0,Not_seen,Not_seen,Not_seen,0.0,ICOUK,8,68806.2996493824
538,2459701.32575,51.46879,-0.31285,0.973,2459701.30856,2459701.34723,55.68333,3.51595,294.22632,-4.21267,301.06373,0.00267,1.00502,10.31547,7.72861,6.83741,0.00808,54.79839,0.24132,0.24155,-0.26239,-0.26225,0.5,Not_seen,Not_seen,Not_seen,0.0,ICOUK,8,11541.111544148987
539,2459701.33584,54.5828,-0.9732,0.983,2459701.31781,2459701.35838,58.41667,3.32235,296.26768,-4.05283,303.70049,0.00267,1.00503,10.46715,7.37517,7.43281,0.00832,54.80561,0.24848,0.24871,-0.29345,-0.29332,1.0,Not_seen,Not_seen,Not_seen,0.0,ICOUK,8,74933.17030299
540,2459701.32751,50.90395,-1.40428,0.975,2459701.31038,2459701.34891,55.48333,3.56571,293.90723,-4.25478,300.65924,0.00267,1.00502,10.32846,7.82049,6.752,0.0081,54.79478,0.24191,0.24215,-0.25285,-0.25271,1.0,Not_seen,Not_seen,Not_seen,0.0,ICOUK,8,42997.22875401918
541,2459701.33644,51.62079,-3.94323,0.984,2459701.31899,2459701.35825,56.53333,3.55836,294.31812,-4.24764,301.25146,0.00267,1.00503,10.4369,7.80601,6.93334,0.00827,54.79182,0.24698,0.24723,-0.25126,-0.25112,1.0,Not_seen,Not_seen,Not_seen,0.0,ICOUK,8,61466.820207896446
542,2459701.33439,53.95763,-1.08271,0.982,2459701.31653,2459701.35671,57.86667,3.3665,295.81708,-4.08889,303.13467,0.00267,1.00503,10.4428,7.45539,7.31759,0.00828,54.8037,0.24732,0.24755,-0.28613,-0.28599,1.0,Not_seen,Not_seen,Not_seen,0.0,ICOUK,8,61886.341669124406
543,2459702.36193,53.75,-2.48333,2.009,2459702.32116,2459702.41289,132.1,8.13607,295.57799,-7.97814,310.48928,0.00269,1.00542,21.92133,16.11421,14.91129,0.03615,53.99442,1.06363,1.06599,1.02965,1.03086,1.0,Not_seen,Not_seen,Not_seen,0.0,ICOUK,8,72817.84772086279
544,2459702.35683,52.47214,-2.08212,2.004,2459702.31692,2459702.40671,129.3,8.32774,294.70998,-8.13576,309.12375,0.00269,1.00542,21.8488,16.4635,14.41377,0.03592,53.96984,1.05621,1.05861,1.06078,1.06201,1.0,Not_seen,Not_seen,Not_seen,0.0,ICOUK,8,59748.45989617706
545,2459702.35926,50.10319,-5.27045,2.006,2459702.32052,2459702.40767,125.5,8.70888,293.3442,-8.45359,306.91554,0.00269,1.00542,21.84835,17.16247,13.57135,0.03591,53.91536,1.0551,1.0576,1.13011,1.13139,0.0,Seen,Seen_eye,Seen_eye;Seen_binoculars;Seen_telescope;Seen_ccd,1.0,ICOUK,7,13044.662552921018
546,2459731.37461,52.48142,-1.89983,1.395,2459731.34677,2459731.40941,90.2,4.92905,306.65465,-5.2588,317.53113,0.00271,1.01133,14.89219,10.18785,10.87648,0.01679,53.85259,0.49282,0.49348,0.13011,0.13048,0.5,Seen,Seen_eye,Seen_eye;Seen_binoculars;Seen_telescope;Seen_ccd,1.0,ICOUK,8,62707.82882553662
547,2459760.38164,53.75,-2.48333,0.762,2459760.364,2459760.40368,57.13333,2.63259,312.39487,-3.44571,318.52229,0.00272,1.01398,8.62866,6.0783,6.12742,0.00566,53.89137,0.16619,0.16631,-0.47278,-0.47271,1.0,Not_seen,Not_seen,Not_seen,0.0,ICOUK,2,64664.10866292297
548,2459760.36412,51.62127,0.30556,0.744,2459760.34747,2459760.38494,53.96667,2.75193,309.95803,-3.5491,315.54151,0.00272,1.01398,8.41697,6.30103,5.58348,0.00539,53.88514,0.15813,0.15825,-0.45542,-0.45535,1.0,Not_seen,Not_seen,Not_seen,0.0,ICOUK,8,29557.942269433704
549,2459760.37334,51.48,-3.18,0.754,2459760.35661,2459760.39426,54.21667,2.78773,309.7496,-3.57764,315.40004,0.00272,1.01398,8.50947,6.36536,5.65045,0.0055,53.88401,0.16161,0.16174,-0.44686,-0.44679,1.0,Not_seen,Not_seen,Not_seen,0.0,ICOUK,7,65552.41574207152
550,2459760.36427,51.38333,-0.1,0.745,2459760.34769,2459760.385,53.73333,2.76871,309.70152,-3.5645,315.24569,0.00272,1.01398,8.41514,6.33321,5.54416,0.00538,53.88438,0.15806,0.15818,-0.45224,-0.45217,1.0,Not_seen,Not_seen,Not_seen,0.0,ICOUK,8,28718.40390094565
551,2459760.36427,51.38333,-0.1,0.745,2459760.34769,2459760.385,53.73333,2.76871,309.70152,-3.5645,315.24569,0.00272,1.01398,8.41514,6.33321,5.54416,0.00538,53.88438,0.15806,0.15818,-0.45224,-0.45217,1.0,Not_seen,Not_seen,Not_seen,0.0,ICOUK,8,28718.40390094565
552,2459760.36427,51.38333,-0.1,0.745,2459760.34769,2459760.385,53.73333,2.76871,309.70152,-3.5645,315.24569,0.00272,1.01398,8.41514,6.33321,5.54416,0.00538,53.88438,0.15806,0.15818,-0.45224,-0.45217,1.0,Not_seen,Not_seen,Not_seen,0.0,ICOUK,8,28718.40390094565
553,2459760.37894,53.69076,-1.62907,0.759,2459760.36137,2459760.40091,56.95,2.63111,312.3337,-3.44442,318.42341,0.00272,1.01398,8.60001,6.07553,6.08971,0.00562,53.89129,0.16509,0.16521,-0.47373,-0.47366,1.0,Not_seen,Not_seen,Not_seen,0.0,ICOUK,8,68033.00472024316
554,2459760.39536,55.95206,-3.19648,0.776,2459760.37655,2459760.41888,60.95,2.46672,315.51676,-3.30471,322.17252,0.00272,1.01398,8.80731,5.77144,6.65576,0.0059,53.89909,0.17315,0.17327,-0.49923,-0.49916,0.5,Not_seen,Not_seen,Not_seen,0.0,ICOUK,8,52117.00185646478
555,2459760.36536,51.46839,-0.36092,0.746,2459760.34874,2459760.38613,53.85,2.76578,309.786,-3.56161,315.35553,0.00272,1.01398,8.42748,6.32739,5.56953,0.0054,53.88458,0.15852,0.15864,-0.45254,-0.45247,0.5,Not_seen,Not_seen,Not_seen,0.0,ICOUK,8,9861.586642784281
556,2459760.3666,51.52279,-0.71986,0.747,2459760.34994,2459760.38742,53.96667,2.76517,309.83743,-3.56111,315.4286,0.00272,1.01398,8.44095,6.32628,5.59117,0.00542,53.88467,0.15903,0.15915,-0.45235,-0.45227,1.0,Not_seen,Not_seen,Not_seen,0.0,ICOUK,8,21185.2666688335
557,2459760.38125,53.83333,-2.2,0.762,2459760.36359,2459760.40333,57.23333,2.62411,312.50792,-3.43965,318.64602,0.00272,1.01398,8.62603,6.06376,6.1381,0.00566,53.89172,0.16609,0.16621,-0.4743,-0.47422,1.0,Not_seen,Not_seen,Not_seen,0.0,ICOUK,8,67714.83791825066
558,2459760.36467,50.79899,-1.09125,0.745,2459760.34825,2459760.38519,53.18333,2.81166,309.08856,-3.59948,314.53621,0.00272,1.01398,8.41114,6.41114,5.44765,0.00538,53.88244,0.1579,0.15802,-0.44455,-0.44447,1.0,Not_seen,Not_seen,Not_seen,0.0,ICOUK,7,49293.49778927182
559,2459760.38233,53.76282,-2.70452,0.763,2459760.36468,2459760.40439,57.18333,2.633,312.40779,-3.44632,318.54444,0.00272,1.01398,8.63593,6.07932,6.13665,0.00567,53.89139,0.16647,0.16659,-0.47251,-0.47244,1.0,Not_seen,Not_seen,Not_seen,0.0,ICOUK,2,53132.84625384615
560,2459760.38249,54.57,-1.32,0.763,2459760.3645,2459760.40498,58.28333,2.5649,313.50572,-3.38852,319.78503,0.00272,1.01398,8.65074,5.95342,6.2793,0.00569,53.89431,0.16705,0.16716,-0.48475,-0.48467,0.5,Not_seen,Not_seen,Not_seen,0.0,ICOUK,8,33040.2191944734
561,2459760.37478,52.58528,-1.98396,0.755,2459760.35766,2459760.39617,55.45,2.70807,310.9884,-3.51117,316.84433,0.00272,1.01398,8.54023,6.21924,5.85593,0.00554,53.88768,0.16279,0.16291,-0.46075,-0.46068,0.5,Not_seen,Not_seen,Not_seen,0.0,ICOUK,8,51838.12659784676
562,2459760.37872,53.95763,-1.08271,0.759,2459760.36104,2459760.40082,57.28333,2.60734,312.68911,-3.42627,318.82316,0.00272,1.01398,8.60199,6.03361,6.13404,0.00562,53.8923,0.16517,0.16528,-0.47787,-0.4778,1.0,Not_seen,Not_seen,Not_seen,0.0,ICOUK,8,48075.23734152748
563,2459761.39255,53.75,-2.48333,1.773,2459761.36378,2459761.42851,93.2,5.15951,305.20197,-4.97214,321.75388,0.00271,1.01413,19.38814,10.13165,16.55191,0.02835,53.83327,0.83174,0.83291,0.31056,0.31118,0.5,Seen,Seen_eye,Seen_eye;Seen_binoculars;Seen_telescope;Seen_ccd,1.0,ICOUK,8,64664.10866292297
564,2459791.36332,53.75,-2.48333,2.117,2459791.34078,2459791.39149,73.03333,4.92165,288.49719,-4.6749,310.21791,0.00267,1.01277,23.72288,9.59655,21.72072,0.04225,54.65119,1.25815,1.25987,0.47584,0.47669,1.0,Not_seen,Not_seen,Not_seen,0.0,ICOUK,8,64664.10866292297
565,2459791.3718,55.95206,-3.19648,2.125,2459791.35008,2459791.39895,70.36667,4.39305,290.0702,-4.2371,312.3294,0.00267,1.01277,23.85395,8.63016,22.2592,0.04271,54.69547,1.27292,1.27447,0.38653,0.3873,0.5,Seen,Seen_eye,Seen_eye;Seen_binoculars;Seen_telescope;Seen_ccd,1.0,ICOUK,0,52117.00185646478
566,2459790.34585,51.50853,-0.12574,1.099,2459790.32877,2459790.3672,55.33333,3.5291,296.82454,-3.98936,306.96371,0.00269,1.01271,12.61668,7.51845,10.13917,0.01207,54.40678,0.35793,0.35828,-0.21447,-0.21427,0.5,Not_seen,Not_seen,Not_seen,0.0,ICOUK,8,20648.90715971427
567,2459819.31002,53.75,-2.48333,0.465,2459819.30009,2459819.32243,32.16667,1.91785,286.75152,-2.82874,290.92725,0.00265,1.00772,6.32106,4.7466,4.17572,0.00304,55.31726,0.09162,0.09167,-0.65173,-0.6517,0.5,Not_seen,Not_seen,Not_seen,0.0,ICOUK,0,64664.10866292297
568,2459819.30646,53.95763,-1.08271,0.461,2459819.29653,2459819.31888,32.18333,1.90433,286.87768,-2.81884,291.03473,0.00265,1.00772,6.29115,4.72317,4.15706,0.00301,55.31615,0.09076,0.09081,-0.65461,-0.65458,0.5,Not_seen,Not_seen,Not_seen,0.0,ICOUK,2,34008.16655925321
569,2459820.31249,53.75,-2.48333,1.467,2459820.29846,2459820.33003,45.46667,3.10065,275.85735,-3.65369,291.51798,0.00263,1.00761,17.04659,6.75434,15.66063,0.02197,55.71959,0.66694,0.66753,-0.11613,-0.11581,1.0,Not_seen,Not_seen,Not_seen,0.0,ICOUK,8,64664.10866292297
570,2459820.31215,53.58333,-2.43333,1.467,2459820.29808,2459820.32975,45.6,3.12602,275.8148,-3.67454,291.44854,0.00263,1.00761,17.04019,6.80056,15.63373,0.02195,55.71809,0.66643,0.66702,-0.11179,-0.11147,1.0,Not_seen,Not_seen,Not_seen,0.0,ICOUK,4,58967.44322896378
571,2459820.30226,51.62127,0.30556,1.457,2459820.28775,2459820.32039,47.0,3.41304,275.42383,-3.91015,290.66346,0.00263,1.00762,16.89836,7.32319,15.23964,0.02159,55.69752,0.65522,0.65585,-0.06568,-0.06533,1.0,Not_seen,Not_seen,Not_seen,0.0,ICOUK,0,29557.942269433704
572,2459820.30987,52.47214,-2.08212,1.465,2459820.29553,2459820.3278,46.46667,3.29297,275.54859,-3.81302,290.9996,0.00263,1.00762,16.99757,7.106,15.45101,0.02184,55.70792,0.663,0.66362,-0.08313,-0.08279,1.0,Not_seen,Not_seen,Not_seen,0.0,ICOUK,8,53714.083843677094
573,2459820.31005,53.69076,-1.62907,1.465,2459820.29601,2459820.32759,45.48333,3.10671,275.86832,-3.6596,291.49247,0.00263,1.00762,17.01785,6.76631,15.62416,0.02189,55.71813,0.6647,0.66528,-0.11617,-0.11585,1.0,Not_seen,Not_seen,Not_seen,0.0,ICOUK,8,59250.246282760876
574,2459820.32014,55.86515,-4.25763,1.475,2459820.30667,2459820.33698,43.65,2.77658,276.42082,-3.38716,292.44994,0.00263,1.00761,17.16593,6.16374,16.02913,0.02227,55.73936,0.67648,0.67701,-0.16997,-0.16967,1.0,Not_seen,Not_seen,Not_seen,0.0,ICOUK,8,43793.45446177937
575,2459850.25913,53.75,-2.48333,1.846,2459850.24755,2459850.27361,37.53333,2.3399,249.75309,-3.30241,271.39564,0.00255,0.99996,22.35671,5.64231,21.64255,0.03758,57.49652,1.17748,1.17828,0.04014,0.04054,0.5,Not_seen,Not_seen,Not_seen,0.0,ICOUK,4,64664.10866292297
576,2459850.25911,53.58333,-2.43333,1.846,2459850.24744,2459850.2737,37.81667,2.37306,249.79831,-3.33255,271.42146,0.00255,0.99996,22.35384,5.70562,21.62315,0.03757,57.49514,1.17715,1.17796,0.0463,0.04671,0.5,Not_seen,Not_seen,Not_seen,0.0,ICOUK,2,58967.44322896378
577,2459850.25613,52.6386,-1.13169,1.843,2459850.24398,2459850.27131,39.35,2.56529,250.07251,-3.49167,271.5468,0.00255,0.99996,22.30181,6.05696,21.47429,0.0374,57.48537,1.17154,1.17242,0.07862,0.07906,0.5,Seen,Seen_eye,Seen_eye;Seen_binoculars;Seen_telescope;Seen_ccd,1.0,ICOUK,6,40964.71064516555
578,2459880.2098,53.70291,-1.6337,2.259,2459880.19691,2459880.2259,41.75,1.87181,223.95178,-3.43078,252.70248,0.00247,0.9917,29.22279,5.30258,28.75071,0.06364,59.24302,2.05427,2.05542,0.42477,0.4253,0.5,Not_seen,Not_seen,Not_seen,0.0,ICOUK,5,58030.169503372505
579,2459880.21203,53.75,-2.48333,2.262,2459880.19918,2459880.2281,41.65,1.86082,223.88411,-3.42054,252.6697,0.00247,0.9917,29.25332,5.28136,28.7856,0.06377,59.24402,2.0585,2.05966,0.4246,0.42513,1.0,Not_seen,Not_seen,Not_seen,0.0,ICOUK,8,64664.10866292297
580,2459880.20904,52.2,0.11667,2.259,2459880.19466,2459880.22701,46.58333,2.31487,225.23328,-3.85049,253.77539,0.00247,0.9917,29.18432,6.16536,28.54211,0.06347,59.22607,2.04839,2.04982,0.50834,0.509,0.5,Not_seen,Not_seen,Not_seen,0.0,ICOUK,0,36107.56593492766
581,2459880.22013,51.48,-3.18,2.27,2459880.20499,2459880.23906,49.06667,2.54305,225.68349,-4.06875,254.26443,0.00247,0.9917,29.3177,6.6118,28.58095,0.06404,59.21917,2.06651,2.06809,0.56132,0.56205,1.0,Not_seen,Not_seen,Not_seen,0.0,ICOUK,0,19892.553162398308
582,2459880.2127,53.65,-2.61667,2.262,2459880.19973,2459880.2289,42.0,1.89096,223.96613,-3.45066,252.74781,0.00247,0.9917,29.26019,5.34162,28.78168,0.0638,59.24319,2.05942,2.06059,0.43104,0.43158,1.0,Not_seen,Not_seen,Not_seen,0.0,ICOUK,8,66453.1843790467
583,2459880.21175,51.38333,-0.1,2.261,2459880.1966,2459880.23069,49.1,2.55928,225.84851,-4.07797,254.30781,0.00247,0.9917,29.20496,6.63725,28.4593,0.06356,59.21608,2.05088,2.05246,0.55668,0.5574,0.5,Not_seen,Not_seen,Not_seen,0.0,ICOUK,3,9338.200595646666
584,2459909.17781,53.75,-2.48333,1.721,2459909.16591,2459909.19267,38.53333,1.2619,214.62863,-2.93718,237.8472,0.00243,0.98493,23.58761,4.19909,23.21857,0.04178,60.39972,1.3749,1.37543,-0.0064,-0.00614,0.5,Not_seen,Not_seen,Not_seen,0.0,ICOUK,5,64664.10866292297
585,2459909.17894,51.62127,0.30556,1.723,2459909.1649,2459909.1965,45.51667,1.85144,217.28407,-3.50513,240.23251,0.00243,0.98493,23.55478,5.35657,22.94844,0.04166,60.38294,1.37075,1.37153,0.10732,0.1077,0.0,Seen,Seen_binoculars,Seen_binoculars;Seen_telescope;Seen_ccd,0.75,ICOUK,0,29557.942269433704
586,2459938.17407,53.75,-2.48333,1.246,2459938.16131,2459938.19002,41.35,1.3911,215.47781,-2.94604,232.94192,0.0024,0.98135,17.98898,4.33714,17.46411,0.02444,61.16735,0.81466,0.81501,-0.27799,-0.2778,0.5,Not_seen,Not_seen,Not_seen,0.0,ICOUK,8,64664.10866292297
587,2459938.17407,53.75,-2.48333,1.246,2459938.16131,2459938.19002,41.35,1.3911,215.47781,-2.94604,232.94192,0.0024,0.98135,17.98898,4.33714,17.46411,0.02444,61.16735,0.81466,0.81501,-0.27799,-0.2778,0.5,Not_seen,Not_seen,Not_seen,0.0,ICOUK,8,64664.10866292297
588,2459938.17792,51.38333,-0.1,1.25,2459938.16359,2459938.19584,46.45,1.92875,218.57856,-3.4295,235.75554,0.0024,0.98136,17.98591,5.35825,17.17698,0.02443,61.15032,0.81415,0.81464,-0.17615,-0.17589,0.5,Not_seen,Not_seen,Not_seen,0.0,ICOUK,8,9338.200595646666
589,2459938.17193,53.69076,-1.62907,1.244,2459938.15918,2459938.18786,41.3,1.39573,215.57361,-2.94928,233.00431,0.0024,0.98135,17.95845,4.34502,17.43069,0.02436,61.16746,0.81192,0.81227,-0.27866,-0.27848,0.5,Not_seen,Not_seen,Not_seen,0.0,ICOUK,1,59250.246282760876
590,2459938.17874,51.62907,-0.74934,1.25,2459938.16453,2459938.19652,46.06667,1.87973,218.2747,-3.38609,235.49755,0.0024,0.98136,18.00262,5.26581,17.22284,0.02448,61.15198,0.81568,0.81615,-0.18458,-0.18433,0.5,Not_seen,Not_seen,Not_seen,0.0,ICOUK,0,23095.45979738918
591,2459938.17118,53.79648,-1.54785,1.243,2459938.15853,2459938.18699,40.98333,1.36863,215.42546,-2.92468,232.86108,0.0024,0.98135,17.95089,4.29331,17.43563,0.02434,61.16823,0.81125,0.81159,-0.28419,-0.28401,0.5,Not_seen,Not_seen,Not_seen,0.0,ICOUK,1,46549.59614016899
592,2459938.1769,52.52323,-1.46523,1.249,2459938.16325,2459938.19396,44.21667,1.67689,217.149,-3.20465,234.47937,0.0024,0.98136,17.9982,4.88154,17.33037,0.02447,61.15889,0.81537,0.8158,-0.22317,-0.22294,0.5,Not_seen,Not_seen,Not_seen,0.0,ICOUK,8,54956.867519872576
593,2459938.18313,50.79899,-1.09125,1.255,2459938.16836,2459938.2016,47.86667,2.07654,219.24572,-3.56304,236.3936,0.0024,0.98136,18.04348,5.63959,17.14788,0.02459,61.14426,0.81925,0.81978,-0.1453,-0.14502,1.0,Not_seen,Not_seen,Not_seen,0.0,ICOUK,8,49293.49778927182
594,2459938.17881,51.50949,-0.59541,1.25,2459938.16453,2459938.19667,46.28333,1.9054,218.42153,-3.40971,235.62742,0.0024,0.98136,18.0008,5.3151,17.20589,0.02447,61.15107,0.8155,0.81598,-0.17974,-0.17949,0.5,Not_seen,Not_seen,Not_seen,0.0,ICOUK,8,10478.936212294146
595,2459938.16905,53.95763,-1.08271,1.241,2459938.15657,2459938.18465,40.43333,1.32426,215.19958,-2.88156,232.63076,0.0024,0.98135,17.92601,4.20582,17.43118,0.02427,61.16956,0.80904,0.80937,-0.29412,-0.29394,0.5,Not_seen,Not_seen,Not_seen,0.0,ICOUK,1,34008.16655925321
596,2459968.2279,53.70291,-1.6337,1.858,2459968.18784,2459968.27797,129.8,7.59097,227.69011,-8.41449,248.56182,0.00241,0.98217,26.24762,16.00546,20.87172,0.05155,60.37973,1.69619,1.70012,1.32838,1.33023,0.5,Seen,Seen_eye,Seen_eye;Seen_binoculars;Seen_telescope;Seen_ccd,1.0,ICOUK,8,58030.169503372505
597,2459997.26121,53.45,-2.23333,1.465,2459997.22958,2459997.30074,102.46667,7.09659,248.69028,-7.44924,262.46573,0.00243,0.98673,20.00802,14.54582,13.77545,0.03018,59.86087,0.98434,0.98646,0.83202,0.83312,0.5,Seen,Seen_eye,Seen_eye;Seen_binoculars;Seen_telescope;Seen_ccd,1.0,ICOUK,1,58950.087867736234
598,2460026.28825,52.48142,-1.89983,1.064,2460026.2665,2460026.31544,70.46667,5.04388,270.11336,-5.57184,278.54375,0.00247,0.99401,13.54843,10.61572,8.43039,0.01391,59.02884,0.44754,0.44821,0.14708,0.14746,0.5,Not_seen,Not_seen,Not_seen,0.0,ICOUK,8,62707.82882553662
599,2460026.29022,53.58333,-2.43333,1.066,2460026.26819,2460026.31775,71.36667,4.96511,270.12691,-5.50918,278.79118,0.00247,0.99401,13.58564,10.47429,8.66428,0.01399,59.03455,0.45003,0.4507,0.13436,0.13474,1.0,Not_seen,Not_seen,Not_seen,0.0,ICOUK,8,58967.44322896378
600,2460026.29022,53.58333,-2.43333,1.066,2460026.26819,2460026.31775,71.36667,4.96511,270.12691,-5.50918,278.79118,0.00247,0.99401,13.58564,10.47429,8.66428,0.01399,59.03455,0.45003,0.4507,0.13436,0.13474,1.0,Not_seen,Not_seen,Not_seen,0.0,ICOUK,8,58967.44322896378
601,2460026.28836,53.79391,-1.75206,1.064,2460026.26634,2460026.31589,71.35,4.93527,270.1255,-5.48492,278.82104,0.00247,0.99401,13.56402,10.4202,8.69555,0.01395,59.03853,0.44864,0.4493,0.12815,0.12853,0.5,Not_seen,Not_seen,Not_seen,0.0,ICOUK,5,51443.50560902889
602,2460026.28239,52.2,0.11667,1.058,2460026.26084,2460026.30932,69.8,5.02898,270.0983,-5.55753,278.43878,0.00247,0.99401,13.4699,10.58651,8.34049,0.01375,59.03435,0.44243,0.4431,0.14123,0.14161,0.5,Seen,Seen_eye,Seen_eye;Seen_binoculars;Seen_telescope;Seen_ccd,1.0,ICOUK,7,36107.56593492766
603,2460056.34217,53.01667,-1.73333,1.667,2460056.30343,2460056.3906,125.53333,8.20965,291.16421,-8.28404,302.82236,0.00256,1.00253,20.17458,16.49369,11.65814,0.03068,56.63187,0.94665,0.94888,1.00723,1.00839,0.0,Seen,Seen_eye,Seen_eye;Seen_binoculars;Seen_telescope;Seen_ccd,1.0,ICOUK,2,32390.6285285237
604,2460085.37027,53.45,-2.23333,1.208,2460085.34054,2460085.40743,96.31667,5.11692,306.33785,-5.63737,315.39089,0.00262,1.00939,14.04883,10.75429,9.05304,0.01496,55.76487,0.45444,0.4551,0.16488,0.16526,0.5,Not_seen,Not_seen,Not_seen,0.0,ICOUK,3,58950.087867736234
605,2460085.37227,53.75,-2.48333,1.21,2460085.34229,2460085.40973,97.11667,5.08842,306.65447,-5.61698,315.808,0.00262,1.00939,14.07647,10.7054,9.15353,0.01501,55.76623,0.45623,0.45689,0.16102,0.16139,0.5,Not_seen,Not_seen,Not_seen,0.0,ICOUK,3,72817.84772086279
606,2460085.37141,53.58333,-2.43333,1.209,2460085.34156,2460085.40872,96.7,5.10527,306.47716,-5.62931,315.57719,0.00262,1.00939,14.06405,10.73458,9.10003,0.01499,55.76525,0.45542,0.45608,0.16347,0.16385,0.5,Not_seen,Not_seen,Not_seen,0.0,ICOUK,3,58967.44322896378
607,2460085.37141,53.58333,-2.43333,1.209,2460085.34156,2460085.40872,96.7,5.10527,306.47716,-5.62931,315.57719,0.00262,1.00939,14.06405,10.73458,9.10003,0.01499,55.76525,0.45542,0.45608,0.16347,0.16385,0.5,Not_seen,Not_seen,Not_seen,0.0,ICOUK,3,58967.44322896378
608,2460085.36341,51.45523,-2.59665,1.201,2460085.33503,2460085.39888,91.93333,5.31238,304.43094,-5.78802,312.8797,0.00262,1.00939,13.94187,11.1004,8.44876,0.01473,55.75133,0.44747,0.44814,0.19551,0.19589,0.5,Seen,Seen_eye,Seen_eye;Seen_binoculars;Seen_telescope;Seen_ccd,1.0,ICOUK,0,42767.81498574461
609,2460115.39497,53.70291,-1.6337,1.703,2460115.36127,2460115.43709,109.18333,5.735,308.11931,-5.56092,323.8351,0.00268,1.01361,19.33343,11.29592,15.71579,0.0282,54.32128,0.83459,0.83591,0.4285,0.4292,0.5,Seen,Seen_eye,Seen_eye;Seen_binoculars;Seen_telescope;Seen_ccd,1.0,ICOUK,0,58030.169503372505
610,2460145.3757,53.45,-2.23333,2.104,2460145.35098,2460145.4066,80.08333,5.18361,294.38545,-4.79749,315.28967,0.00272,1.01377,23.14078,9.9811,20.90422,0.04023,53.75628,1.17838,1.18004,0.47447,0.47531,0.0,Seen,Seen_eye,Seen_eye;Seen_binoculars;Seen_telescope;Seen_ccd,1.0,ICOUK,0,58950.087867736234
611,2460174.32966,53.75,-2.48333,1.428,2460174.31625,2460174.34641,43.43333,2.83831,283.79373,-3.39816,298.08,0.00271,1.00987,15.58155,6.23647,14.28628,0.01838,53.937,0.54006,0.54048,-0.23835,-0.23811,0.5,Not_seen,Not_seen,Not_seen,0.0,ICOUK,0,64664.10866292297
612,2460174.32758,51.48,-3.18,1.426,2460174.31368,2460174.34497,45.05,3.16445,282.83456,-3.66617,296.78505,0.00271,1.00987,15.52544,6.83062,13.9505,0.01824,53.92066,0.53604,0.5365,-0.18119,-0.18093,0.5,Not_seen,Not_seen,Not_seen,0.0,ICOUK,1,19892.553162398308
613,2460174.32984,53.65,-2.61667,1.428,2460174.31641,2460174.34663,43.51667,2.8526,283.74566,-3.41089,298.02066,0.00271,1.00987,15.58201,6.26349,14.275,0.01838,53.93636,0.54008,0.54051,-0.23563,-0.23539,0.5,Not_seen,Not_seen,Not_seen,0.0,ICOUK,8,58979.60796674346
614,2460174.32623,52.47214,-2.08212,1.425,2460174.31255,2460174.34333,44.33333,3.01978,283.25641,-3.54903,297.33216,0.00271,1.00987,15.52593,6.56881,14.07575,0.01825,53.92785,0.53614,0.53659,-0.20732,-0.20707,0.5,Not_seen,Not_seen,Not_seen,0.0,ICOUK,0,53714.083843677094
615,2460174.336,55.95206,-3.19648,1.434,2460174.32315,2460174.35207,41.65,2.51395,284.86263,-3.1328,299.49977,0.00271,1.00987,15.68285,5.64675,14.63714,0.01861,53.95205,0.54721,0.54759,-0.2933,-0.29309,1.0,Not_seen,Not_seen,Not_seen,0.0,ICOUK,8,52117.00185646478
616,2460174.33145,53.922,-3.012,1.43,2460174.31808,2460174.34816,43.31667,2.81513,283.85644,-3.37832,298.18489,0.00271,1.00987,15.60315,6.19346,14.32845,0.01843,53.9383,0.54156,0.54198,-0.24181,-0.24157,0.5,Seen,Seen_eye,Seen_eye;Seen_binoculars;Seen_telescope;Seen_ccd,1.0,ICOUK,0,26654.278573469404
617,2460174.32715,53.79648,-1.54785,1.426,2460174.31376,2460174.34388,43.36667,2.82722,283.84387,-3.39233,298.10929,0.00271,1.00987,15.55571,6.21955,14.26543,0.01831,53.93722,0.53828,0.5387,-0.24104,-0.2408,1.0,Not_seen,Not_seen,Not_seen,0.0,ICOUK,8,46549.59614016899
618,2460174.32461,52.52323,-1.46523,1.423,2460174.31094,2460174.34169,44.28333,3.00964,283.29588,-3.54247,297.36127,0.00271,1.00987,15.50951,6.55211,14.06538,0.01821,53.92816,0.53502,0.53546,-0.20962,-0.20937,0.5,Not_seen,Not_seen,Not_seen,0.0,ICOUK,0,54956.867519872576
619,2460174.32065,50.79899,-1.09125,1.419,2460174.30663,2460174.33817,45.41667,3.25018,282.64368,-3.74021,296.42152,0.00271,1.00987,15.442,6.9904,13.77785,0.01805,53.91531,0.53027,0.53075,-0.16846,-0.1682,0.5,Not_seen,Not_seen,Not_seen,0.0,ICOUK,8,49293.49778927182
620,2460174.32739,54.618,-1.069,1.426,2460174.3142,2460174.34387,42.71667,2.70626,284.24333,-3.29288,298.61889,0.00271,1.00987,15.57087,5.99913,14.37556,0.01835,53.94275,0.53938,0.53978,-0.26246,-0.26224,1.0,Not_seen,Not_seen,Not_seen,0.0,ICOUK,8,14226.86758062335
621,2460174.32705,54.5828,-0.9732,1.426,2460174.31385,2460174.34354,42.75,2.71148,284.22861,-3.29666,298.59596,0.00271,1.00987,15.56676,6.00815,14.36735,0.01834,53.94248,0.5391,0.5395,-0.26172,-0.2615,1.0,Not_seen,Not_seen,Not_seen,0.0,ICOUK,8,7093.862818877629
622,2460174.31941,51.39148,-0.29825,1.418,2460174.30552,2460174.33677,45.0,3.16615,282.88196,-3.66951,296.7321,0.00271,1.00987,15.43764,6.83565,13.85013,0.01804,53.91959,0.53002,0.53048,-0.18408,-0.18382,0.5,Not_seen,Not_seen,Not_seen,0.0,ICOUK,1,14658.916702783621
623,2460174.33425,54.548,-3.5855,1.433,2460174.32103,2460174.35078,42.83333,2.72345,284.13616,-3.30544,298.57695,0.00271,1.00987,15.64244,6.0289,14.44079,0.01852,53.94281,0.54432,0.54473,-0.25671,-0.25648,0.5,Not_seen,Not_seen,Not_seen,0.0,ICOUK,0,52660.77356995237
624,2460174.32002,51.32028,-0.55667,1.418,2460174.30611,2460174.3374,45.05,3.17606,282.84922,-3.67918,296.69568,0.00271,1.00987,15.443,6.85524,13.84647,0.01805,53.91915,0.53038,0.53084,-0.18192,-0.18166,0.5,Not_seen,Not_seen,Not_seen,0.0,ICOUK,1,19579.136505639417
625,2460174.32413,51.316,-2.037,1.423,2460174.31021,2460174.34154,45.11667,3.18194,282.8065,-3.68346,296.69651,0.00271,1.00987,15.48649,6.8654,13.89001,0.01815,53.91933,0.53336,0.53382,-0.17923,-0.17897,0.5,Not_seen,Not_seen,Not_seen,0.0,ICOUK,5,20796.129370429528
626,2460174.32615,53.95763,-1.08271,1.425,2460174.31281,2460174.34282,43.21667,2.80331,283.92986,-3.3715,298.20584,0.00271,1.00987,15.54764,6.17481,14.27597,0.0183,53.9382,0.53774,0.53815,-0.24582,-0.24559,1.0,Not_seen,Not_seen,Not_seen,0.0,ICOUK,8,34008.16655925321
627,2460175.33144,53.75,-2.48333,2.43,2460175.31472,2460175.35233,54.15,3.8293,273.32948,-4.03343,298.48073,0.00271,1.00987,26.33268,7.86274,25.15126,0.05188,54.05207,1.52811,1.52972,0.43415,0.43492,1.0,Not_seen,Not_seen,Not_seen,0.0,ICOUK,8,64664.10866292297
628,2460175.33686,55.95206,-3.19648,2.435,2460175.32149,2460175.35608,49.8,3.26417,274.10997,-3.5899,299.64629,0.00271,1.00987,26.42529,6.85407,25.53632,0.05224,54.08631,1.53967,1.54104,0.33882,0.33948,1.0,Not_seen,Not_seen,Not_seen,0.0,ICOUK,8,52117.00185646478
629,2460175.32921,54.5767,-1.2355,2.428,2460175.313,2460175.34948,52.53333,3.61534,273.64864,-3.86563,298.90241,0.00271,1.00987,26.3212,7.48097,25.25377,0.05184,54.06471,1.52716,1.52868,0.39551,0.39624,1.0,Not_seen,Not_seen,Not_seen,0.0,ICOUK,8,23798.03353484478
630,2460175.32175,51.50853,-0.12574,2.42,2460175.30385,2460175.34411,57.96667,4.38259,272.73635,-4.47462,297.412,0.00271,1.00987,26.1939,8.85721,24.67565,0.05135,54.0125,1.51122,1.51304,0.52548,0.52635,1.0,Not_seen,Not_seen,Not_seen,0.0,ICOUK,8,20648.90715971427
631,2460175.32207,51.39148,-0.29825,2.421,2460175.30412,2460175.34451,58.16667,4.41153,272.70116,-4.49843,297.35999,0.00271,1.00987,26.19571,8.90996,24.65883,0.05135,54.01047,1.51137,1.5132,0.53083,0.5317,1.0,Not_seen,Not_seen,Not_seen,0.0,ICOUK,8,14658.916702783621
632,2460175.32682,51.316,-2.037,2.425,2460175.30881,2460175.34933,58.35,4.43548,272.63218,-4.51738,297.32923,0.00271,1.00987,26.246,8.95286,24.69705,0.05155,54.00976,1.51706,1.5189,0.53785,0.53874,1.0,Not_seen,Not_seen,Not_seen,0.0,ICOUK,8,20796.129370429528
633,2460175.32785,53.95763,-1.08271,2.426,2460175.31127,2460175.34858,53.71667,3.77184,273.44105,-3.99059,298.58564,0.00271,1.00987,26.29701,7.76243,25.14459,0.05175,54.05488,1.52413,1.52571,0.4222,0.42296,1.0,Not_seen,Not_seen,Not_seen,0.0,ICOUK,8,34008.16655925321
634,2460203.27413,53.75,-2.48333,0.705,2460203.26854,2460203.28112,18.11667,0.91362,270.61517,-2.01653,277.69493,0.00269,1.00304,7.66115,2.93015,7.07976,0.00446,54.41367,0.13233,0.13236,-0.80829,-0.80827,0.5,Not_seen,Not_seen,Not_seen,0.0,ICOUK,8,64664.10866292297
635,2460203.27393,53.58333,-2.43333,0.705,2460203.26832,2460203.28095,18.18333,0.92452,270.60518,-2.02596,277.67155,0.00269,1.00304,7.65658,2.95048,7.06637,0.00446,54.41345,0.13217,0.13221,-0.80635,-0.80633,0.5,Not_seen,Not_seen,Not_seen,0.0,ICOUK,3,58967.44322896378
636,2460203.26562,51.62,0.305,0.696,2460203.2598,2460203.27289,18.85,1.04795,270.56042,-2.12735,277.39963,0.00269,1.00304,7.53931,3.1753,6.83921,0.00432,54.40917,0.12815,0.12819,-0.78634,-0.78631,0.5,Not_seen,Not_seen,Not_seen,0.0,ICOUK,0,29690.734573306163
637,2460203.27527,51.48,-3.18,0.706,2460203.2694,2460203.28262,19.03333,1.06805,270.4501,-2.14236,277.38462,0.00269,1.00304,7.64051,3.2104,6.93452,0.00444,54.41145,0.13161,0.13165,-0.7807,-0.78068,0.5,Not_seen,Not_seen,Not_seen,0.0,ICOUK,8,19892.553162398308
638,2460203.27121,54.57,-1.32,0.702,2460203.26573,2460203.27806,17.75,0.85563,270.71134,-1.9687,277.81316,0.00269,1.00304,7.64184,2.82433,7.10182,0.00444,54.41372,0.13167,0.1317,-0.81928,-0.81926,1.0,Not_seen,Not_seen,Not_seen,0.0,ICOUK,8,29223.415351516724
639,2460203.27155,53.79648,-1.54785,0.702,2460203.26597,2460203.27852,18.06667,0.90837,270.64644,-2.01225,277.70094,0.00269,1.00304,7.63416,2.92062,7.05449,0.00443,54.41304,0.1314,0.13143,-0.80981,-0.80979,1.0,Not_seen,Not_seen,Not_seen,0.0,ICOUK,8,46549.59614016899
640,2460203.27086,52.52323,-1.46523,0.702,2460203.26513,2460203.27802,18.56667,0.99364,270.5626,-2.082,277.52266,0.00269,1.00304,7.60829,3.07564,6.96007,0.0044,54.41151,0.13051,0.13054,-0.79485,-0.79483,0.5,Not_seen,Not_seen,Not_seen,0.0,ICOUK,2,54956.867519872576
641,2460203.26924,50.79899,-1.09125,0.7,2460203.26331,2460203.27664,19.2,1.10577,270.47491,-2.17469,277.29424,0.00269,1.00304,7.56623,3.28045,6.81933,0.00435,54.40912,0.12907,0.12911,-0.77526,-0.77523,0.0,Not_seen,Not_seen,Not_seen,0.0,ICOUK,0,49293.49778927182
642,2460203.26484,54.5828,0.9732,0.696,2460203.25939,2460203.27166,17.66667,0.84941,270.78241,-1.96498,277.81504,0.00269,1.00304,7.5739,2.81439,7.03263,0.00436,54.41208,0.12933,0.12936,-0.8217,-0.82168,1.0,Not_seen,Not_seen,Not_seen,0.0,ICOUK,0,91331.68190423056
643,2460203.27155,53.79648,-1.54785,0.702,2460203.26597,2460203.27852,18.06667,0.90837,270.64644,-2.01225,277.70094,0.00269,1.00304,7.63416,2.92062,7.05449,0.00443,54.41304,0.1314,0.13143,-0.80981,-0.80979,0.5,Not_seen,Not_seen,Not_seen,0.0,ICOUK,8,46549.59614016899
644,2460204.26777,51.62,0.305,1.698,2460204.25819,2460204.27975,31.03333,2.06294,259.99399,-2.96322,277.84168,0.00268,1.0029,18.53585,5.02616,17.84769,0.02594,54.69235,0.77299,0.77343,-0.23139,-0.23116,1.0,Not_seen,Not_seen,Not_seen,0.0,ICOUK,0,29690.734573306163
645,2460204.2744,52.47214,-2.08212,1.705,2460204.26516,2460204.28595,29.93333,1.92369,259.87614,-2.84843,277.8826,0.00268,1.0029,18.62247,4.77211,18.00646,0.02618,54.69927,0.78026,0.78068,-0.25289,-0.25267,1.0,Not_seen,Not_seen,Not_seen,0.0,ICOUK,8,53714.083843677094
646,2460204.2729,53.79648,-1.54785,1.704,2460204.26426,2460204.2837,28.0,1.69173,259.82664,-2.66228,277.94145,0.00268,1.0029,18.62584,4.35401,18.11481,0.02619,54.70574,0.78064,0.781,-0.2945,-0.29431,1.0,Not_seen,Not_seen,Not_seen,0.0,ICOUK,8,46549.59614016899
647,2460204.26926,51.62,-0.23,1.7,2460204.25968,2460204.28124,31.05,2.065,259.97744,-2.96387,277.84158,0.00268,1.0029,18.5524,5.02887,17.86413,0.02598,54.69279,0.77436,0.77481,-0.23039,-0.23015,1.0,Not_seen,Not_seen,Not_seen,0.0,ICOUK,8,15065.789245171221
648,2460204.27168,50.79899,-1.09125,1.702,2460204.26175,2460204.28409,32.16667,2.20619,260.00017,-3.08186,277.80503,0.00268,1.0029,18.56697,5.28806,17.80486,0.02602,54.6886,0.77551,0.77598,-0.20385,-0.2036,1.0,Not_seen,Not_seen,Not_seen,0.0,ICOUK,8,49293.49778927182
649,2460204.2729,53.79648,-1.54785,1.704,2460204.26426,2460204.2837,28.0,1.69173,259.82664,-2.66228,277.94145,0.00268,1.0029,18.62584,4.35401,18.11481,0.02619,54.70574,0.78064,0.781,-0.2945,-0.29431,1.0,Not_seen,Not_seen,Not_seen,0.0,ICOUK,8,46549.59614016899
650,2460204.26726,52.93,0.48,1.698,2460204.25825,2460204.27853,29.2,1.83852,259.92894,-2.77886,277.90053,0.00268,1.0029,18.54997,4.61739,17.97159,0.02598,54.69947,0.77426,0.77465,-0.27159,-0.27138,0.5,Seen,Seen_binoculars,Seen_binoculars;Seen_telescope;Seen_ccd,0.75,ICOUK,2,22231.718671781287
