,Index,Date,Latitude,Longitude,Moon Age,Sunset,Moonset,Lag,Moon Alt,Moon Az,Sun Alt,Sun Az,Moon-Earth Dist,Sun-Moon Dist,ARCL,ARCV,DAZ,Illumination,Parallax,W,W',q,q',Cloud Level,Seen,Method,Methods,Visibility,Source
0,0,2002-12-04 14:35:15.648003,30.9,35.8,0.608,2452613.10434,2452613.11218,11.28819,0.57682,241.33263,-0.96679,244.4347,0.00245,0.98317,3.4648,1.54361,3.10207,0.00091,59.8791,0.02982,0.02983,-1.01056,-1.01056,0,Not_seen,Not_seen,Not_seen,0,SCHAEFER/ODEH
1,1,1999-02-16 14:51:31.103987,33.3,44.4,0.619,2451226.11345,2451226.12618,18.32571,1.40172,254.39233,-1.64688,256.2853,0.00251,0.98547,3.58838,3.04861,1.89298,0.00098,58.33458,0.03116,0.03117,-0.85922,-0.85921,0,Not_seen,Not_seen,Not_seen,0,SCHAEFER/ODEH
2,2,2001-11-15 13:41:17.376008,24.3,54.3,0.57,2452229.06423,2452229.07799,19.8148,1.72878,250.05355,-1.88405,250.42179,0.00251,0.98658,3.63154,3.61283,0.36823,0.001,58.42787,0.03196,0.03198,-0.80229,-0.80228,0,Not_seen,Not_seen,Not_seen,0,SCHAEFER/ODEH
3,3,2001-11-15 14:43:09.983994,31.9,35.8,0.613,2452229.10629,2452229.12207,22.72023,1.86042,247.80826,-1.99388,249.25235,0.00251,0.98657,4.11586,3.8543,1.44409,0.00129,58.39665,0.04103,0.04106,-0.77246,-0.77244,0,Not_seen,Not_seen,Not_seen,0,SCHAEFER/ODEH
4,4,2004-05-19 15:43:07.679990,29.4,48.0,0.655,2453145.14697,2453145.16492,25.84151,2.14923,294.69983,-2.29078,294.46629,0.00271,1.00924,4.44614,4.44001,-0.23354,0.0015,54.09963,0.04436,0.04438,-0.71181,-0.71179,0,Not_seen,Not_seen,Not_seen,0,SCHAEFER/ODEH
5,5,2001-09-17 13:07:45.983981,4.1,73.3,0.547,2452170.04294,2452170.05221,13.34835,1.20629,275.90143,-1.47881,272.2149,0.0024,1.00262,4.56045,2.6851,-3.68653,0.00158,61.08634,0.05269,0.05271,-0.88209,-0.88207,0,Not_seen,Not_seen,Not_seen,0,SCHAEFER/ODEH
6,6,2002-12-04 17:02:48.192020,10.3,9.8,0.71,2452613.20413,2452613.21796,19.92239,1.8149,245.2993,-2.01127,247.71766,0.00245,0.98315,4.52612,3.82617,2.41835,0.00156,59.79366,0.0508,0.05083,-0.76916,-0.76914,0,Not_seen,Not_seen,Not_seen,0,SCHAEFER/ODEH
7,7,2001-09-17 14:48:45.216012,26.6,50.0,0.617,2452170.11012,2452170.12603,22.91168,2.18817,274.69338,-2.27517,273.46358,0.0024,1.0026,4.62958,4.46334,-1.2298,0.00163,61.03441,0.05425,0.05429,-0.70329,-0.70326,0,Not_seen,Not_seen,Not_seen,0,SCHAEFER/ODEH
8,8,2002-12-04 17:35:35.519993,6.5,3.4,0.733,2452613.22634,2452613.24144,21.73482,2.06199,245.66215,-2.21922,247.82257,0.00245,0.98315,4.7952,4.2812,2.16042,0.00175,59.77165,0.057,0.05703,-0.71979,-0.71977,0,Not_seen,Not_seen,Not_seen,0,SCHAEFER/ODEH
9,9,1984-01-03 15:22:46.847987,15.6,35.6,0.641,2445703.1353,2445703.14772,17.88832,1.5008,243.15952,-1.75332,246.73431,0.00266,0.98063,4.83373,3.25412,3.57479,0.00178,55.02511,0.05332,0.05334,-0.82479,-0.82478,0,Not_seen,Not_seen,Not_seen,0,SCHAEFER/ODEH
10,10,2001-02-23 17:38:04.992005,-33.9,18.4,0.735,2451964.22628,2451964.24539,27.51863,2.4573,257.89408,-2.48052,256.67351,0.0027,0.98697,5.08634,4.93782,-1.22057,0.00197,54.28106,0.05824,0.05827,-0.65335,-0.65333,0,Not_seen,Not_seen,Not_seen,0,SCHAEFER/ODEH
11,11,2001-11-15 17:02:26.592017,10.3,9.8,0.71,2452229.20236,2452229.21961,24.82904,2.54902,251.49098,-2.57034,251.53393,0.00251,0.98655,5.11954,5.11936,0.04295,0.00199,58.30815,0.06337,0.06342,-0.632,-0.63197,0,Not_seen,Not_seen,Not_seen,0,SCHAEFER/ODEH
12,12,2004-04-21 02:31:02.496006,32.4,-111.0,2.105,2453116.57884,2453116.63744,84.3866,8.46482,285.50242,-7.57567,289.36029,0.00269,1.00248,16.49492,16.04049,3.85787,0.02058,53.99453,0.60542,0.60682,0.77856,0.77933,0,Not_seen,Not_seen,Not_seen,0,SCHAEFER/ODEH
13,13,1922-04-27 16:17:23.135990,-33.9,18.5,0.679,2423172.17072,2423172.18876,25.978,2.28972,287.63359,-2.30587,285.01536,0.00264,1.00427,5.28874,4.59558,-2.61823,0.00213,55.52912,0.06441,0.06445,-0.68373,-0.68371,0,Not_seen,Not_seen,Not_seen,0,SCHAEFER/ODEH
14,14,2005-01-10 17:24:10.368007,11.2,7.6,0.725,2453381.22158,2453381.22954,11.46093,0.75952,242.78609,-1.15555,247.92994,0.00238,0.98111,5.48853,1.91507,5.14385,0.00229,61.47312,0.07679,0.0768,-0.94408,-0.94407,0,Not_seen,Not_seen,Not_seen,0,SCHAEFER/ODEH
15,15,2004-10-14 14:17:04.415982,26.6,50.0,0.595,2453293.08953,2453293.10226,18.32994,1.60693,257.13772,-1.8,261.49153,0.0025,0.99476,5.52786,3.40693,4.35382,0.00233,58.68159,0.07435,0.07439,-0.79641,-0.79639,0,Not_seen,Not_seen,Not_seen,0,SCHAEFER/ODEH
16,16,2004-09-16 01:48:40.608003,32.4,-110.8,2.075,2453264.55875,2453264.59637,54.1674,5.63744,262.34178,-5.06915,276.286,0.00255,1.0029,17.56419,10.7066,13.94422,0.02331,57.26534,0.72737,0.72856,0.31203,0.31268,0,Not_seen,Not_seen,Not_seen,0,SCHAEFER/ODEH
17,17,2002-02-12 17:51:42.335992,-33.9,18.4,0.744,2452318.23471,2452318.25616,30.88971,2.73917,252.86906,-2.72179,251.63836,0.0027,0.98461,5.59782,5.46097,-1.2307,0.00238,54.12834,0.07033,0.07038,-0.59351,-0.59347,0,Not_seen,Not_seen,Not_seen,0,SCHAEFER/ODEH
18,18,2001-11-15 17:33:00.000016,-33.9,18.4,0.731,2452229.2246,2452229.23957,21.56577,1.66174,250.51055,-1.82617,246.01892,0.00251,0.98655,5.6863,3.48791,-4.49163,0.00246,58.32771,0.0782,0.07824,-0.78592,-0.7859,0,Not_seen,Not_seen,Not_seen,0,SCHAEFER/ODEH
19,19,2002-02-12 16:09:58.175982,43.9,18.4,0.674,2452318.17136,2452318.17638,7.22961,0.06719,245.78536,-0.54582,251.50759,0.0027,0.9846,5.7549,0.61301,5.72223,0.00252,54.20465,0.07443,0.07443,-1.07575,-1.07575,0,Not_seen,Not_seen,Not_seen,0,SCHAEFER/ODEH
20,20,2004-05-19 18:50:25.727986,32.5,3.7,0.785,2453145.27444,2453145.29824,34.27803,2.8841,295.38917,-2.91268,295.95578,0.00271,1.00927,5.82438,5.79678,0.56661,0.00258,54.04732,0.07602,0.07608,-0.55639,-0.55635,0,Not_seen,Not_seen,Not_seen,0,SCHAEFER/ODEH
21,21,1989-06-05 05:34:41.951988,19.8,-155.5,2.232,2447682.70469,2447682.76711,89.87537,9.45894,295.70726,-8.45318,297.74253,0.0025,1.01231,18.02643,17.91212,2.03527,0.02454,57.71884,0.7719,0.77403,1.05662,1.05776,0,Not_seen,Not_seen,Not_seen,0,SCHAEFER/ODEH
22,22,2004-10-14 15:12:20.448005,30.4,35.5,0.634,2453293.12774,2453293.14084,18.86412,1.58449,256.21293,-1.78487,261.27445,0.0025,0.99475,6.07981,3.36936,5.06152,0.00281,58.70266,0.08996,0.09,-0.79048,-0.79046,0,Not_seen,Not_seen,Not_seen,0,SCHAEFER/ODEH
23,23,1999-11-08 14:52:09.119995,32.0,35.9,0.62,2451491.10924,2451491.13243,33.3934,3.10257,251.64546,-2.98183,252.30895,0.0027,0.9881,6.12044,6.08441,0.66349,0.00285,54.24044,0.08423,0.08431,-0.52252,-0.52248,0,Not_seen,Not_seen,Not_seen,0,SCHAEFER/ODEH
24,24,1999-11-08 14:57:18.432017,31.8,34.7,0.623,2451491.1128,2451491.13603,33.44667,3.1189,251.676,-2.99316,252.34364,0.0027,0.9881,6.14838,6.11206,0.66764,0.00288,54.23872,0.085,0.08507,-0.51928,-0.51924,0,Not_seen,Not_seen,Not_seen,0,SCHAEFER/ODEH
25,25,1860-01-23 15:47:42.431990,38.0,23.7,0.658,2400433.14784,2400433.17101,33.36436,2.71329,243.94352,-2.6646,247.16116,0.0027,0.98179,6.26636,5.37789,3.21763,0.00299,54.12688,0.08811,0.08818,-0.59077,-0.59073,0,Not_seen,Not_seen,Not_seen,0,SCHAEFER/ODEH
26,26,2002-03-14 13:26:30.912017,4.1,73.3,0.56,2452348.0523,2452348.0698,25.21122,2.81434,264.75074,-2.79194,267.72313,0.00272,0.99162,6.34495,5.60628,2.97239,0.00306,53.86001,0.08989,0.08995,-0.56683,-0.56679,0,Not_seen,Not_seen,Not_seen,0,SCHAEFER/ODEH
27,27,1871-06-18 17:58:14.592002,38.0,23.7,0.749,2404597.23962,2404597.26023,29.67354,2.28572,297.85503,-2.22045,302.34818,0.00271,1.01358,6.36267,4.50618,4.49314,0.00308,54.08672,0.09077,0.09083,-0.6763,-0.67626,0,Not_seen,Not_seen,Not_seen,0,SCHAEFER/ODEH
28,28,2003-09-26 14:41:51.359999,26.6,50.0,0.612,2452909.10344,2452909.12361,29.05063,2.95129,267.26066,-2.88821,270.06624,0.00244,1.00022,6.47798,5.83951,2.80558,0.00319,60.02217,0.10441,0.1045,-0.53453,-0.53447,0,Not_seen,Not_seen,Not_seen,0,SCHAEFER/ODEH
29,29,2000-11-26 13:39:11.232013,32.6,51.7,1.569,2451875.05804,2451875.08243,35.11662,3.06671,244.09317,-2.99594,246.81669,0.00265,0.98418,6.64577,6.06265,2.72351,0.00336,55.1519,0.10097,0.10105,-0.51434,-0.51429,0,Not_seen,Not_seen,Not_seen,0,SCHAEFER/ODEH
30,30,1988-04-18 00:58:22.655996,37.2,-84.1,2.041,2447269.50638,2447269.58325,110.70284,10.19495,288.55887,-9.33507,291.35072,0.00251,1.00186,19.72663,19.53002,2.79184,0.02934,57.51788,0.91966,0.92238,1.29677,1.2982,0,Not_seen,Not_seen,Not_seen,0,SCHAEFER/ODEH
31,31,2004-10-14 17:11:02.400001,-33.9,18.4,0.716,2453293.205,2453293.22976,35.65196,3.2796,259.5516,-3.22232,257.56994,0.00249,0.99474,6.79689,6.50192,-1.98166,0.00351,58.67211,0.11235,0.11245,-0.4634,-0.46333,0,Not_seen,Not_seen,Not_seen,0,SCHAEFER/ODEH
32,32,1999-07-13 16:06:54.143988,-33.9,18.4,0.671,2451373.15947,2451373.18645,38.85017,3.31373,296.5572,-3.23289,294.24696,0.00245,1.01417,6.94187,6.54662,-2.31024,0.00367,59.75933,0.11935,0.11947,-0.45461,-0.45454,0,Not_seen,Not_seen,Not_seen,0,SCHAEFER/ODEH
33,33,2003-10-27 01:28:56.928003,44.6,-123.1,2.062,2452939.54548,2452939.58214,52.7951,3.81874,236.64465,-4.02111,256.2615,0.0024,0.99179,21.11117,7.83985,19.61686,0.03356,60.96564,1.11481,1.11613,0.22827,0.22894,0,Not_seen,Not_seen,Not_seen,0,SCHAEFER/ODEH
34,34,2003-09-26 15:40:02.783990,30.4,35.5,0.653,2452909.14339,2452909.16458,30.52374,3.00615,266.54791,-2.92757,270.26864,0.00244,1.00021,7.00289,5.93372,3.72073,0.00373,60.03514,0.12202,0.12213,-0.51426,-0.51419,0,Not_seen,Not_seen,Not_seen,0,SCHAEFER/ODEH
35,35,2002-03-14 14:52:57.504002,26.2,50.5,0.62,2452348.11276,2452348.12931,23.82421,2.28567,263.21302,-2.37238,268.44101,0.00272,0.99164,7.00101,4.65805,5.22799,0.00373,53.88493,0.10946,0.10953,-0.64956,-0.64952,0,Not_seen,Not_seen,Not_seen,0,SCHAEFER/ODEH
36,36,2002-03-14 14:54:52.415991,26.6,50.0,0.621,2452348.11409,2452348.13063,23.80884,2.27311,263.18056,-2.36262,268.44789,0.00272,0.99164,7.01566,4.63572,5.26733,0.00374,53.88546,0.10992,0.10999,-0.65151,-0.65147,0,Not_seen,Not_seen,Not_seen,0,SCHAEFER/ODEH
37,37,2000-01-07 11:38:49.056019,23.7,90.4,1.485,2451550.97406,2451550.99933,36.38769,3.53207,245.42695,-3.38307,246.9612,0.0027,0.98069,7.08309,6.91514,1.53424,0.00382,54.23962,0.11278,0.11289,-0.42181,-0.42174,0,Not_seen,Not_seen,Not_seen,0,SCHAEFER/ODEH
38,38,2004-08-16 15:03:42.048001,30.2,57.1,0.628,2453234.11659,2453234.1413,35.57645,3.43812,285.37249,-3.27553,287.68681,0.00264,1.00988,7.10091,6.71365,2.31431,0.00384,55.45075,0.11588,0.11599,-0.44005,-0.43998,0,Not_seen,Not_seen,Not_seen,0,SCHAEFER/ODEH
39,39,2000-11-26 14:44:29.471996,32.0,35.9,1.614,2451875.10286,2451875.12845,36.85018,3.27088,244.03144,-3.17163,247.0497,0.00265,0.98417,7.11381,6.44251,3.01826,0.00385,55.12155,0.11561,0.11571,-0.46733,-0.46726,0,Not_seen,Not_seen,Not_seen,0,SCHAEFER/ODEH
40,40,2004-10-14 17:40:52.607994,6.5,3.4,0.737,2453293.22805,2453293.24757,28.11274,3.11797,258.25616,-3.07149,261.82267,0.00249,0.99473,7.14261,6.18946,3.5665,0.00388,58.69205,0.12409,0.12421,-0.48741,-0.48734,0,Not_seen,Not_seen,Not_seen,0,SCHAEFER/ODEH
41,41,1999-07-13 15:52:37.055980,24.6,46.5,0.662,2451373.15414,2451373.1708,23.98962,2.16756,289.66464,-2.20407,295.264,0.00245,1.01417,7.10273,4.37164,5.59936,0.00384,59.82252,0.12508,0.12516,-0.66859,-0.66854,0,Not_seen,Not_seen,Not_seen,0,SCHAEFER/ODEH
42,42,2004-08-16 15:27:32.831993,26.6,50.0,0.644,2453234.13317,2453234.15784,35.51382,3.57713,284.96491,-3.39464,286.92398,0.00264,1.00988,7.24146,6.97177,1.95907,0.00399,55.45004,0.1205,0.12062,-0.41139,-0.41132,0,Not_seen,Not_seen,Not_seen,0,SCHAEFER/ODEH
43,43,1995-12-22 13:41:38.976012,36.1,50.7,0.571,2450074.05687,2450074.08775,44.48026,3.74784,243.02406,-3.52059,243.36184,0.00239,0.98131,7.27626,7.26843,0.33778,0.00403,61.32024,0.13454,0.1347,-0.3731,-0.37301,0,Not_seen,Not_seen,Not_seen,0,SCHAEFER/ODEH
44,44,2000-05-04 16:15:10.079983,-33.9,18.4,0.677,2451669.16536,2451669.19199,38.34594,3.51116,289.76136,-3.3563,287.27933,0.00244,1.00615,7.30172,6.86746,-2.48203,0.00405,59.91685,0.13238,0.13252,-0.41452,-0.41444,0,Not_seen,Not_seen,Not_seen,0,SCHAEFER/ODEH
45,45,1999-12-08 15:10:37.631987,26.2,32.7,1.632,2451521.12043,2451521.14731,38.71691,3.72327,245.12268,-3.5082,246.36389,0.00272,0.98238,7.33707,7.23147,1.24121,0.00409,53.81229,0.12005,0.12017,-0.3857,-0.38563,0,Not_seen,Not_seen,Not_seen,0,SCHAEFER/ODEH
46,46,2004-08-16 15:35:14.208005,35.7,51.3,0.649,2453234.13797,2453234.16384,37.25578,3.36831,285.85237,-3.20257,289.14287,0.00264,1.00987,7.34792,6.57088,3.29051,0.00411,55.46472,0.1241,0.12421,-0.44927,-0.4492,0,Not_seen,Not_seen,Not_seen,0,SCHAEFER/ODEH
47,47,1984-09-25 15:42:27.936009,15.6,35.6,0.654,2445969.14437,2445969.16714,32.79639,3.68647,268.1387,-3.51141,269.84659,0.00239,1.00028,7.39747,7.19788,1.70789,0.00416,61.25056,0.13889,0.13905,-0.37749,-0.37739,0,Not_seen,Not_seen,Not_seen,0,SCHAEFER/ODEH
48,48,2002-03-14 15:52:36.192014,30.4,35.5,0.662,2452348.1538,2452348.17119,25.04205,2.30989,262.91778,-2.39682,268.5889,0.00272,0.99165,7.36863,4.70671,5.67113,0.00413,53.8861,0.12124,0.12132,-0.63744,-0.63739,0,Not_seen,Not_seen,Not_seen,0,SCHAEFER/ODEH
49,49,2000-11-26 15:29:34.655995,-4.0,39.7,1.646,2451875.13529,2451875.15836,33.21708,3.63204,250.77492,-3.43018,248.57525,0.00266,0.98417,7.39643,7.06221,-2.19967,0.00416,55.08724,0.12488,0.12501,-0.39965,-0.39957,0,Not_seen,Not_seen,Not_seen,0,SCHAEFER/ODEH
50,50,2002-09-07 14:42:33.695999,31.1,56.5,0.613,2452525.10176,2452525.12681,36.06641,3.57507,276.43025,-3.40079,279.07901,0.0024,1.00531,7.46122,6.97586,2.64876,0.00423,60.95929,0.14062,0.14078,-0.39863,-0.39854,0,Not_seen,Not_seen,Not_seen,0,SCHAEFER/ODEH
51,51,2001-08-19 15:01:34.175993,29.5,56.8,0.626,2452141.1149,2452141.14007,36.23897,3.53919,283.68037,-3.37942,286.54669,0.00239,1.00958,7.48819,6.91862,2.86631,0.00426,61.25046,0.14232,0.14247,-0.40332,-0.40322,0,Not_seen,Not_seen,Not_seen,0,SCHAEFER/ODEH
52,52,1990-02-25 23:39:31.392019,35.6,-83.5,0.986,2447948.47308,2447948.50164,41.12507,3.8403,262.21293,-3.65895,261.66615,0.00247,0.98767,7.51914,7.49926,-0.54677,0.0043,59.26917,0.13885,0.13901,-0.34738,-0.34728,0,Not_seen,Not_seen,Not_seen,0,SCHAEFER/ODEH
53,53,1999-12-08 15:33:59.904003,-4.0,39.7,1.649,2451521.13866,2451521.16104,32.22248,3.50041,250.27339,-3.28898,246.94077,0.00272,0.98238,7.56235,6.78939,-3.33262,0.00435,53.82575,0.12755,0.12767,-0.42529,-0.42522,0,Not_seen,Not_seen,Not_seen,0,SCHAEFER/ODEH
54,54,2002-09-07 15:04:30.432007,32.5,51.3,0.628,2452525.11676,2452525.14235,36.85403,3.60542,276.28388,-3.42156,279.31047,0.0024,1.00531,7.6503,7.02698,3.02659,0.00445,60.9597,0.14783,0.148,-0.38911,-0.38901,0,Seen,Seen_eye,Seen_eye;Seen_binoculars;Seen_telescope;Seen_ccd,1,SCHAEFER/ODEH
55,55,1996-01-22 01:30:53.568006,32.4,-111.0,2.063,2450104.52933,2450104.60537,109.50097,11.22528,249.81068,-9.60391,252.4895,0.00242,0.98188,20.99882,20.82919,2.67883,0.03321,59.49327,1.07647,1.0801,1.50771,1.50955,0,Not_seen,Not_seen,Not_seen,0,SCHAEFER/ODEH
56,56,2005-01-10 22:53:15.360003,26.0,-80.3,0.954,2453381.44716,2453381.46176,21.01698,1.60208,239.76217,-1.91531,246.5682,0.00239,0.98112,7.66024,3.51739,6.80603,0.00446,61.42064,0.14934,0.14941,-0.73915,-0.7391,0,Not_seen,Not_seen,Not_seen,0,SCHAEFER/ODEH
57,57,2003-09-26 16:55:46.559988,-33.9,18.4,0.705,2452909.19526,2452909.21808,32.85253,3.04588,271.15655,-3.02539,266.43384,0.00244,1.0002,7.69047,6.07127,-4.7227,0.0045,60.0532,0.14716,0.1473,-0.48509,-0.48501,0,Not_seen,Not_seen,Not_seen,0,SCHAEFER/ODEH
58,58,2004-08-16 16:30:55.296019,30.2,35.5,0.688,2453234.17655,2453234.20263,37.55404,3.66967,284.88789,-3.45677,287.77809,0.00264,1.00987,7.68952,7.12644,2.89021,0.0045,55.46442,0.13589,0.13603,-0.38648,-0.38639,0,Not_seen,Not_seen,Not_seen,0,SCHAEFER/ODEH
59,59,2004-08-16 16:31:49.727991,32.0,35.9,0.689,2453234.17709,2453234.20337,37.84293,3.6204,285.05546,-3.41105,288.21422,0.00264,1.00987,7.70756,7.03145,3.15875,0.00452,55.46774,0.13653,0.13667,-0.39558,-0.39549,0,Not_seen,Not_seen,Not_seen,0,SCHAEFER/ODEH
60,60,2001-11-15 21:47:42.431990,41.1,-74.0,0.908,2452229.39729,2452229.42168,35.11844,2.63754,241.83026,-2.68884,247.39357,0.00252,0.98651,7.70055,5.32638,5.56331,0.00451,58.17491,0.14293,0.14305,-0.56217,-0.5621,0,Not_seen,Not_seen,Not_seen,0,SCHAEFER/ODEH
61,61,2004-03-21 15:03:30.815996,26.6,50.0,1.627,2453086.11673,2453086.14082,34.69382,3.58459,269.09641,-3.44434,272.32108,0.00261,0.9938,7.73248,7.02893,3.22467,0.00455,56.11205,0.13901,0.13915,-0.39431,-0.39423,0,Not_seen,Not_seen,Not_seen,0,SCHAEFER/ODEH
62,62,2001-08-19 15:27:45.792011,32.5,51.3,0.644,2452141.13273,2452141.15872,37.41282,3.54105,283.76774,-3.37187,287.26758,0.00239,1.00958,7.74741,6.91292,3.49984,0.00456,61.24787,0.15232,0.15249,-0.39778,-0.39767,0,Seen,Seen_eye,Seen_eye;Seen_binoculars;Seen_telescope;Seen_ccd,1,SCHAEFER/ODEH
63,63,2003-03-03 17:33:12.959994,-33.9,18.4,0.731,2452702.21995,2452702.24571,37.08797,3.58477,262.85311,-3.37825,259.5003,0.00267,0.98876,7.72729,6.96302,-3.35281,0.00454,54.86204,0.13573,0.13587,-0.40291,-0.40283,0,Not_seen,Not_seen,Not_seen,0,SCHAEFER/ODEH
64,64,2001-12-15 13:39:24.191991,32.6,51.7,1.569,2452259.05867,2452259.08197,33.54317,2.7077,238.51958,-2.79412,243.98319,0.00259,0.98168,7.7523,5.50182,5.46362,0.00457,56.43422,0.14052,0.14063,-0.5461,-0.54603,0,Seen,Seen_eye,Seen_eye;Seen_binoculars;Seen_telescope;Seen_ccd,1,SCHAEFER/ODEH
65,65,2004-03-21 15:11:51.071983,29.4,48.0,1.633,2453086.12238,2453086.14681,35.17529,3.52848,268.91976,-3.40211,272.53175,0.00261,0.99381,7.81432,6.93059,3.61199,0.00464,56.11225,0.14196,0.14211,-0.40234,-0.40225,0,Not_seen,Not_seen,Not_seen,0,SCHAEFER/ODEH
66,66,2000-10-27 22:27:07.200012,38.8,-77.2,0.935,2451845.42319,2451845.45089,39.89337,3.48628,251.94231,-3.33029,255.81401,0.00259,0.99101,7.83824,6.81657,3.8717,0.00467,56.58754,0.14404,0.14419,-0.41247,-0.41238,0,Not_seen,Not_seen,Not_seen,0,SCHAEFER/ODEH
67,67,1999-12-08 16:16:45.119982,36.8,10.4,1.678,2451521.1647,2451521.1953,44.06226,3.66266,240.8102,-3.47807,244.04385,0.00272,0.98238,7.83792,7.14073,3.23365,0.00467,53.81667,0.13698,0.13712,-0.38438,-0.38429,0,Not_seen,Not_seen,Not_seen,0,SCHAEFER/ODEH
68,68,1985-04-22 00:56:27.744007,37.2,-84.1,2.039,2446177.50867,2446177.57738,98.94549,9.35896,285.46304,-8.28725,292.14035,0.00271,1.00275,18.85783,17.6462,6.6773,0.02684,53.44855,0.78164,0.78362,1.03526,1.03632,0,Not_seen,Not_seen,Not_seen,0,SCHAEFER/ODEH
69,69,1984-02-02 15:45:47.520000,15.6,35.6,1.657,2445733.14708,2445733.16896,31.5044,3.24597,248.83835,-3.22014,253.32683,0.00271,0.98283,7.86992,6.46611,4.48848,0.00471,54.00393,0.13858,0.1387,-0.45086,-0.45078,0,Not_seen,Not_seen,Not_seen,0,SCHAEFER/ODEH
70,70,1998-03-28 16:57:25.919980,-33.9,18.4,0.707,2450901.19662,2450901.21897,32.18531,3.01977,276.91493,-2.96723,271.74213,0.00239,0.99588,7.91061,5.98701,-5.1728,0.00476,61.30114,0.15893,0.15908,-0.48633,-0.48624,0,Not_seen,Not_seen,Not_seen,0,SCHAEFER/ODEH
71,71,2002-06-11 16:56:11.616018,31.9,35.8,1.706,2452437.19307,2452437.22147,40.90028,3.53723,296.15985,-3.38394,299.98799,0.00257,1.01287,7.90818,6.92117,3.82814,0.00476,56.99773,0.14768,0.14783,-0.39978,-0.39969,0,Not_seen,Not_seen,Not_seen,0,SCHAEFER/ODEH
72,72,2004-08-16 16:26:02.400001,-33.9,18.4,0.685,2453234.176,2453234.19569,28.3564,2.38776,290.7861,-2.51795,284.57297,0.00264,1.00987,7.91487,4.9057,-6.21313,0.00476,55.52861,0.14412,0.14422,-0.60351,-0.60345,0,Not_seen,Not_seen,Not_seen,0,SCHAEFER/ODEH
73,73,2001-08-19 15:49:07.967997,38.6,48.2,0.659,2452141.14715,2452141.17409,38.78718,3.37394,284.39802,-3.21526,288.93633,0.00239,1.00958,7.99944,6.58919,4.53831,0.00487,61.25656,0.1624,0.16257,-0.424,-0.4239,0,Not_seen,Not_seen,Not_seen,0,SCHAEFER/ODEH
74,74,2000-11-26 16:53:50.783992,32.5,3.7,1.704,2451875.19151,2451875.21973,40.63891,3.6236,243.29382,-3.47591,247.12891,0.00266,0.98416,8.06797,7.09952,3.83509,0.00495,55.06283,0.14848,0.14863,-0.38146,-0.38137,0,Not_seen,Not_seen,Not_seen,0,SCHAEFER/ODEH
75,75,2003-11-24 13:03:30.240005,32.9,59.2,1.544,2452968.03729,2452968.0526,22.05029,1.58817,239.3725,-1.87727,246.62842,0.00239,0.98498,8.03997,3.46544,7.25592,0.00491,61.37259,0.16435,0.16444,-0.73518,-0.73513,0,Not_seen,Not_seen,Not_seen,0,SCHAEFER/ODEH
76,76,2002-03-14 18:01:14.304003,32.5,3.7,0.751,2452348.24184,2452348.26214,29.23462,2.71905,262.88858,-2.73625,268.90349,0.00272,0.99168,8.11862,5.4553,6.01491,0.00501,53.87423,0.14711,0.14722,-0.54672,-0.54666,0,Not_seen,Not_seen,Not_seen,0,SCHAEFER/ODEH
77,77,1984-01-03 22:38:46.175983,37.2,-84.1,0.944,2445703.4349,2445703.45446,28.16598,1.94344,235.61411,-2.19302,242.71243,0.00267,0.98064,8.21428,4.13646,7.09833,0.00513,54.89292,0.15343,0.15352,-0.67474,-0.67469,0,Not_seen,Not_seen,Not_seen,0,SCHAEFER/ODEH
78,78,1864-05-06 17:27:59.328020,39.6,26.2,0.728,2401998.21476,2401998.24403,42.14525,3.5338,290.38297,-3.30911,294.99,0.00254,1.00715,8.24772,6.84291,4.60703,0.00517,57.51927,0.16208,0.16225,-0.39882,-0.39872,0,Not_seen,Not_seen,Not_seen,0,SCHAEFER/ODEH
79,79,2002-10-08 01:29:55.680007,32.4,-111.0,2.062,2452555.53963,2452555.59097,73.93407,7.54078,250.7034,-6.91766,267.554,0.0024,0.99707,22.16913,14.45844,16.8506,0.03696,60.5247,1.21904,1.22185,0.94256,0.94396,0,Not_seen,Not_seen,Not_seen,0,SCHAEFER/ODEH
80,80,2001-12-15 14:48:31.391987,31.8,35.2,1.617,2452259.10591,2452259.13094,36.03991,2.98875,238.6131,-3.03826,244.34385,0.0026,0.98168,8.31481,6.02701,5.73075,0.00526,56.39242,0.1615,0.16164,-0.48076,-0.48068,0,Not_seen,Not_seen,Not_seen,0,SCHAEFER/ODEH
81,81,2003-11-24 13:34:42.528019,32.6,51.7,1.566,2452968.05857,2452968.07476,23.30479,1.71589,239.30721,-1.99221,246.77399,0.00239,0.98498,8.33565,3.70811,7.46678,0.00528,61.36424,0.17662,0.17671,-0.70346,-0.7034,0,Not_seen,Not_seen,Not_seen,0,SCHAEFER/ODEH
82,82,1984-11-23 15:14:47.327997,15.6,35.6,1.635,2446028.12513,2446028.14794,32.85131,3.27396,244.43319,-3.28604,249.65698,0.00246,0.98486,8.38402,6.56,5.22379,0.00534,59.40214,0.17296,0.17313,-0.42049,-0.42039,0,Not_seen,Not_seen,Not_seen,0,SCHAEFER/ODEH
83,83,2002-03-14 19:03:39.743997,27.7,-11.3,0.794,2452348.28427,2452348.30664,32.21911,3.24129,263.48562,-3.16635,268.97633,0.00272,0.99169,8.43648,6.40764,5.4907,0.00541,53.85137,0.15876,0.1589,-0.44437,-0.44429,0,Not_seen,Not_seen,Not_seen,0,SCHAEFER/ODEH
84,84,1987-06-26 21:57:36.000003,-30.1,-71.0,0.915,2446973.40888,2446973.42265,19.82942,1.34604,304.24209,-1.69997,296.18595,0.00271,1.01392,8.61183,3.04601,-8.05614,0.00564,54.0133,0.16592,0.16598,-0.77618,-0.77614,0,Not_seen,Not_seen,Not_seen,0,SCHAEFER/ODEH
85,85,2002-02-14 01:42:39.455989,32.4,-111.0,2.071,2452319.54452,2452319.60476,86.74607,8.85198,250.55395,-7.91832,259.43528,0.00271,0.985,18.96185,16.7703,8.88133,0.02713,53.35316,0.7888,0.79068,0.9515,0.95251,0,Not_seen,Not_seen,Not_seen,0,SCHAEFER/ODEH
86,86,2004-03-21 17:06:41.471986,-33.9,18.4,1.713,2453086.20271,2453086.22582,33.28231,3.19548,274.86012,-3.07195,268.6165,0.00261,0.99383,8.84446,6.26743,-6.24363,0.00595,56.08726,0.1817,0.18187,-0.44444,-0.44434,0,Not_seen,Not_seen,Not_seen,0,SCHAEFER/ODEH
87,87,1999-12-08 17:56:21.407985,-33.9,18.4,1.747,2451521.2386,2451521.25856,28.75286,2.37728,247.93134,-2.32632,240.46128,0.00272,0.98237,8.82577,4.7036,-7.47006,0.00592,53.88185,0.17382,0.17393,-0.60561,-0.60554,0,Not_seen,Not_seen,Not_seen,0,SCHAEFER/ODEH
88,88,2002-11-05 13:37:44.831999,29.9,56.2,1.568,2452584.05661,2452584.08196,36.49702,3.40789,247.36117,-3.3584,253.76722,0.00241,0.98912,9.31517,6.76629,6.40604,0.00659,60.7365,0.21822,0.21844,-0.37249,-0.37235,0,Not_seen,Not_seen,Not_seen,0,SCHAEFER/ODEH
89,89,2003-01-03 13:50:40.703993,32.0,51.9,1.577,2452643.0665,2452643.08981,33.57415,2.66085,237.16414,-2.83319,244.71445,0.00253,0.98083,9.33531,5.49404,7.55032,0.00662,57.92225,0.209,0.20917,-0.50527,-0.50517,0,Not_seen,Not_seen,Not_seen,0,SCHAEFER/ODEH
90,90,2000-03-06 23:27:57.600007,43.3,-79.9,0.978,2451610.46581,2451610.49267,38.68311,3.11884,258.65951,-3.10859,265.71155,0.00257,0.98989,9.40548,6.22743,7.05204,0.00672,56.92973,0.20852,0.2087,-0.43222,-0.43211,0,Not_seen,Not_seen,Not_seen,0,SCHAEFER/ODEH
91,91,2003-01-03 14:12:35.711988,26.6,49.8,1.592,2452643.0809,2452643.10605,36.21782,3.17687,239.14272,-3.26193,246.04386,0.00253,0.98083,9.43577,6.4388,6.90114,0.00676,57.8855,0.21338,0.21358,-0.40815,-0.40803,0,Not_seen,Not_seen,Not_seen,0,SCHAEFER/ODEH
92,92,2004-06-18 15:50:20.543987,-33.9,18.4,1.66,2453175.15271,2453175.16903,23.49229,1.57477,305.90275,-1.913,297.17696,0.00272,1.01347,9.39573,3.48777,-8.72579,0.00671,53.95525,0.19721,0.1973,-0.71301,-0.71296,0,Not_seen,Not_seen,Not_seen,0,SCHAEFER/ODEH
93,93,1987-09-23 23:36:57.600015,37.2,-84.1,0.984,2447062.47797,2447062.49155,19.55945,1.54728,262.13872,-1.73278,271.11277,0.00262,1.00077,9.55354,3.28006,8.97405,0.00693,55.89259,0.2112,0.21129,-0.72534,-0.72528,0,Not_seen,Not_seen,Not_seen,0,SCHAEFER/ODEH
94,94,2004-12-12 16:45:43.487982,32.5,3.7,0.698,2453352.19167,2453352.20686,21.88473,1.448,234.45547,-1.823,243.52131,0.00239,0.98214,9.63669,3.271,9.06585,0.00706,61.22563,0.23538,0.23549,-0.71171,-0.71164,0,Not_seen,Not_seen,Not_seen,0,SCHAEFER/ODEH
95,95,2000-01-07 17:59:56.544014,-32.3,20.8,1.75,2451551.2384,2451551.26441,37.44918,3.37702,248.87733,-3.10832,240.94905,0.00269,0.98072,10.23962,6.48534,-7.92828,0.00796,54.31659,0.2357,0.23592,-0.39009,-0.38995,0,Not_seen,Not_seen,Not_seen,0,SCHAEFER/ODEH
96,96,2004-10-14 23:04:08.543988,25.8,-80.2,0.961,2453293.45136,2453293.47353,31.92203,3.19367,253.92988,-3.15782,262.0292,0.00249,0.99469,10.28947,6.35149,8.09932,0.00804,58.79974,0.25764,0.25788,-0.39035,-0.39021,0,Not_seen,Not_seen,Not_seen,0,SCHAEFER/ODEH
97,97,2000-01-07 18:13:24.384010,-33.9,18.4,1.759,2451551.24779,2451551.27372,37.33807,3.28331,248.54963,-3.02869,240.32734,0.00269,0.98072,10.36237,6.312,-8.22229,0.00816,54.32426,0.2414,0.24162,-0.404,-0.40387,0,Not_seen,Not_seen,Not_seen,0,SCHAEFER/ODEH
98,98,1994-12-03 17:56:49.055994,-33.9,18.4,1.748,2449690.23591,2449690.26264,38.4933,3.36008,248.7592,-3.12896,240.56638,0.0024,0.98334,10.44787,6.48904,-8.19282,0.00829,61.01349,0.27561,0.27589,-0.3659,-0.36573,0,Not_seen,Not_seen,Not_seen,0,SCHAEFER/ODEH
99,99,1873-12-20 15:17:15.936002,38.0,23.7,1.637,2405513.12774,2405513.14855,29.97337,2.04349,231.35985,-2.28415,241.68402,0.00252,0.98117,11.19222,4.32764,10.32417,0.00951,58.21983,0.30167,0.30185,-0.56659,-0.56649,0,Not_seen,Not_seen,Not_seen,0,SCHAEFER/ODEH
100,100,2004-10-16 01:17:49.919993,32.2,-111.1,2.054,2453294.5328,2453294.5806,68.82758,6.57112,242.25315,-6.40255,263.43334,0.00247,0.99459,24.79905,12.97367,21.18019,0.04611,58.93682,1.48074,1.48364,0.92244,0.92384,0,Not_seen,Not_seen,Not_seen,0,SCHAEFER/ODEH
101,101,2004-10-16 01:43:18.336004,33.9,-118.0,2.072,2453294.55089,2453294.59781,67.56843,6.27462,241.53237,-6.16202,263.33111,0.00247,0.99459,25.05959,12.43664,21.79874,0.04707,58.97659,1.51253,1.51537,0.88405,0.88542,0,Not_seen,Not_seen,Not_seen,0,SCHAEFER/ODEH
102,102,2004-10-16 01:43:50.304006,34.1,-118.2,2.072,2453294.55132,2453294.59809,67.35353,6.23246,241.46299,-6.1276,263.31389,0.00247,0.99459,25.06741,12.36006,21.8509,0.0471,58.98145,1.51359,1.51641,0.8769,0.87826,0,Not_seen,Not_seen,Not_seen,0,SCHAEFER/ODEH
103,103,1986-12-31 22:05:51.935998,39.0,-77.0,0.921,2446796.40999,2446796.43419,34.84995,2.27164,231.28735,-2.62785,242.11871,0.00239,0.981,11.88489,4.89949,10.83136,0.01072,61.28027,0.3579,0.35816,-0.47638,-0.47623,0,Not_seen,Not_seen,Not_seen,0,SCHAEFER/ODEH
104,104,2005-11-04 00:57:37.728016,32.2,-111.1,2.04,2453678.51957,2453678.56559,66.2686,5.74663,234.18167,-5.98243,255.60926,0.00253,0.98948,24.39472,11.72907,21.42759,0.04464,57.62322,1.40162,1.40397,0.75963,0.76078,0,Not_seen,Not_seen,Not_seen,0,SCHAEFER/ODEH
105,105,2004-10-16 01:45:39.167990,44.6,-123.1,2.073,2453294.5571,2453294.59369,52.6863,3.86242,237.47214,-4.10009,261.45589,0.00247,0.99459,25.25254,7.96251,23.98375,0.04778,59.19775,1.54129,1.54308,0.45044,0.4513,0,Not_seen,Not_seen,Not_seen,0,SCHAEFER/ODEH
106,106,1999-07-15 01:29:14.208013,43.3,-79.9,2.062,2451374.53692,2451374.59328,81.15074,7.02798,284.18314,-5.46833,306.77397,0.00249,1.0143,25.77551,12.4963,22.59083,0.04975,58.41652,1.58352,1.58682,0.92401,0.92558,0,Not_seen,Not_seen,Not_seen,0,SCHAEFER/ODEH
107,107,2004-11-13 13:41:26.015993,36.1,50.3,1.57,2453323.06101,2453323.08223,30.56458,2.26328,237.08536,-2.54965,249.30596,0.00243,0.98708,13.13083,4.81294,12.2206,0.01307,60.34114,0.42984,0.43014,-0.44336,-0.44319,0,Seen,Seen_eye,Seen_eye;Seen_binoculars;Seen_telescope;Seen_ccd,1,SCHAEFER/ODEH
108,108,2003-11-26 00:37:33.312019,47.6,-117.5,3.026,2452969.49901,2452969.55992,87.711,4.77166,218.1282,-5.78414,245.23134,0.00241,0.98496,29.04926,10.5558,27.10314,0.0629,60.54296,2.07502,2.07806,0.95964,0.96104,0,Not_seen,Not_seen,Not_seen,0,SCHAEFER/ODEH
109,109,1995-03-02 17:29:07.584017,-33.9,18.4,1.729,2449779.22087,2449779.23817,24.90947,2.23431,274.22418,-2.26881,259.77901,0.00259,0.98868,15.12725,4.50312,-14.44518,0.01733,56.55575,0.53393,0.53427,-0.41513,-0.41494,0,Not_seen,Not_seen,Not_seen,0,SCHAEFER/ODEH
110,110,2001-02-24 17:28:39.072001,51.7,7.2,1.728,2451965.20605,2451965.25596,71.87747,5.09311,249.46132,-4.83409,261.18888,0.00268,0.98729,15.35382,9.92719,11.72757,0.01785,54.39346,0.52892,0.52966,0.12446,0.12487,0,Not_seen,Not_seen,Not_seen,0,SCHAEFER/ODEH
111,111,1861-08-07 17:34:09.983986,38.0,23.7,1.732,2400995.22466,2400995.24131,23.96793,2.07895,277.341,-1.95206,292.53729,0.00248,1.01134,15.7188,4.03102,15.19629,0.0187,58.94921,0.60062,0.601,-0.42506,-0.42485,0,Not_seen,Not_seen,Not_seen,0,SCHAEFER/ODEH
112,112,1921-12-30 18:16:22.367997,-33.9,18.5,1.761,2423054.24686,2423054.27951,47.0286,4.52058,254.12919,-3.76509,238.7159,0.00268,0.98079,17.48705,8.28567,-15.41329,0.02311,54.52693,0.68657,0.68742,0.04774,0.04821,0,Not_seen,Not_seen,Not_seen,0,SCHAEFER/ODEH
113,113,1865-06-24 18:07:39.648000,38.0,23.7,1.755,2402412.24058,2402412.27375,47.76612,4.32468,287.29278,-3.55048,303.62345,0.00257,1.01422,18.11839,7.87516,16.33067,0.02479,56.94652,0.7693,0.77026,0.05152,0.05204,0,Not_seen,Not_seen,Not_seen,0,SCHAEFER/ODEH
114,114,1922-01-29 18:08:54.816009,-33.9,18.5,2.756,2423084.24282,2423084.27291,43.32531,4.3229,262.8159,-3.67566,245.41598,0.00271,0.9826,19.13719,7.99856,-17.39992,0.02763,53.8437,0.8107,0.81166,0.08604,0.08655,0,Not_seen,Not_seen,Not_seen,0,SCHAEFER/ODEH
115,115,1861-10-05 16:09:57.312015,38.0,23.7,1.674,2401054.16538,2401054.18382,26.55005,2.13958,246.16951,-2.31686,265.58684,0.0024,0.99694,19.91736,4.45645,19.41733,0.02991,61.08919,0.99555,0.99621,-0.17112,-0.17077,0,Not_seen,Not_seen,Not_seen,0,SCHAEFER/ODEH
116,116,1864-08-04 17:45:17.856002,38.0,23.7,2.74,2402088.2267,2402088.25616,42.41491,4.0811,272.53127,-3.41376,294.80649,0.00272,1.01172,23.48684,7.49486,22.27522,0.04142,53.81657,1.21475,1.2161,0.24406,0.24474,0,Not_seen,Not_seen,Not_seen,0,SCHAEFER/ODEH
117,117,1998-12-19 14:50:28.895997,31.9,35.8,1.618,2451167.10507,2451167.13503,43.15434,3.89277,243.40462,-3.63433,244.56516,0.00265,0.98131,7.61591,7.52709,1.16053,0.00441,55.13015,0.1325,0.13264,-0.34849,-0.3484,0,Not_seen,Not_seen,Not_seen,0,SCHAEFER/ODEH
118,118,1996-01-22 01:39:14.687999,32.8,-113.2,2.069,2450104.53486,2450104.61148,110.33056,11.25413,249.63243,-9.63066,252.49792,0.00242,0.98188,21.07825,20.88479,2.86548,0.03345,59.48358,1.08436,1.08802,1.51729,1.51915,0,Not_seen,Not_seen,Not_seen,0,SCHAEFER/ODEH
119,119,1996-01-22 01:57:55.296003,34.1,-118.3,2.082,2450104.54711,2450104.62537,112.69753,11.30031,249.03969,-9.67822,252.49277,0.00242,0.98188,21.25763,20.97854,3.45308,0.03402,59.46563,1.10235,1.10609,1.53581,1.53771,0,Not_seen,Not_seen,Not_seen,0,SCHAEFER/ODEH
120,120,1990-05-26 01:26:37.823989,35.6,-83.5,2.06,2448037.52422,2448037.60509,116.4589,10.45363,294.92168,-9.08912,304.19067,0.00241,1.01079,21.60985,19.54275,9.26898,0.03514,59.74808,1.14415,1.14776,1.4134,1.41522,0,Not_seen,Not_seen,Not_seen,0,SCHAEFER/ODEH
121,121,1862-04-29 17:30:04.608008,38.0,23.7,1.729,2401260.21469,2401260.24738,47.08477,4.0714,291.70492,-3.8677,291.84922,0.00271,1.00514,7.94041,7.93911,0.1443,0.00479,53.9549,0.14094,0.1411,-0.30211,-0.30202,0,Not_seen,Not_seen,Not_seen,0,SCHAEFER/ODEH
122,122,1995-01-03 00:54:26.784011,33.0,-106.0,2.038,2449720.5031,2449720.58119,112.45122,11.06564,243.75499,-9.53456,248.83523,0.00246,0.98103,21.2107,20.6002,5.08023,0.03387,58.42692,1.07837,1.08189,1.48578,1.48757,0,Not_seen,Not_seen,Not_seen,0,SCHAEFER/ODEH
123,123,1989-05-07 01:39:22.464018,42.7,-84.8,2.069,2447653.52796,2447653.62032,133.00111,10.44898,295.82247,-9.54713,303.5896,0.00245,1.00684,21.43724,19.99611,7.76714,0.03459,58.79115,1.10813,1.11156,1.4405,1.44225,0,Not_seen,Not_seen,Not_seen,0,SCHAEFER/ODEH
124,124,2000-01-07 13:54:33.119992,32.7,52.3,1.58,2451551.06626,2451551.09617,43.07095,3.79458,242.2,-3.62483,245.58735,0.0027,0.9807,8.1551,7.41941,3.38735,0.00506,54.24737,0.14946,0.14961,-0.34887,-0.34878,0,Not_seen,Not_seen,Not_seen,0,SCHAEFER/ODEH
125,125,1989-05-07 01:44:01.536011,43.0,-85.7,2.072,2447653.53094,2447653.62387,133.8076,10.44326,295.90536,-9.54037,303.82901,0.00245,1.00685,21.48226,19.98362,7.92365,0.03473,58.78986,1.11271,1.11615,1.44158,1.44333,0,Not_seen,Not_seen,Not_seen,0,SCHAEFER/ODEH
126,126,2004-03-21 16:02:50.495984,30.4,35.5,1.669,2453086.15715,2453086.183,37.22116,3.72214,268.96068,-3.56371,272.72868,0.00261,0.99382,8.20136,7.28585,3.76801,0.00511,56.08066,0.15626,0.15643,-0.35807,-0.35797,0,Not_seen,Not_seen,Not_seen,0,SCHAEFER/ODEH
127,127,2001-03-25 17:04:00.768009,-33.9,18.4,0.711,2451994.19918,2451994.22604,38.67858,3.802,273.65539,-3.56929,270.04926,0.00264,0.99489,8.205,7.37129,-3.60612,0.00512,55.37984,0.15445,0.15461,-0.35064,-0.35054,0,Seen,Seen_eye,Seen_eye;Seen_binoculars;Seen_telescope;Seen_ccd,1,SCHAEFER/ODEH
128,128,2001-08-19 16:28:47.424011,30.2,35.5,0.687,2452141.17461,2452141.20172,39.04125,3.83463,283.20022,-3.61264,286.83236,0.00239,1.00958,8.28466,7.44727,3.63213,0.00522,61.22148,0.17406,0.17427,-0.33109,-0.33097,0,Not_seen,Not_seen,Not_seen,0,SCHAEFER/ODEH
129,129,1921-02-08 18:13:40.800014,36.5,-6.2,0.759,2422729.24542,2422729.27711,45.6338,4.29233,255.86297,-3.88724,254.20737,0.00269,0.98406,8.34516,8.17957,-1.6556,0.00529,54.28362,0.1566,0.15678,-0.2685,-0.26839,0,Not_seen,Not_seen,Not_seen,0,SCHAEFER/ODEH
130,130,1983-11-05 15:19:37.631995,15.6,35.6,1.639,2445644.12726,2445644.15285,36.84006,3.99175,251.75842,-3.79537,254.81929,0.00253,0.98895,8.36622,7.78712,3.06086,0.00532,57.86889,0.16778,0.16798,-0.30093,-0.30081,0,Not_seen,Not_seen,Not_seen,0,SCHAEFER/ODEH
131,131,1989-05-07 01:56:28.031982,30.3,-97.0,2.081,2447653.54519,2447653.6255,115.64224,11.18614,293.92262,-10.20945,296.41092,0.00245,1.00685,21.53811,21.39559,2.4883,0.03491,58.63806,1.11554,1.11923,1.58421,1.58608,0,Not_seen,Not_seen,Not_seen,0,SCHAEFER/ODEH
132,132,1999-12-08 17:44:29.471996,6.5,3.4,1.739,2451521.22727,2451521.25418,38.74784,4.28604,249.08681,-3.94638,247.55437,0.00272,0.98237,8.37359,8.23242,-1.53244,0.00533,53.77726,0.15619,0.15638,-0.26346,-0.26335,0,Not_seen,Not_seen,Not_seen,0,SCHAEFER/ODEH
133,133,2000-11-26 17:33:00.863982,34.0,-6.8,1.731,2451875.2183,2451875.24747,41.99941,3.66699,242.53925,-3.52043,246.83511,0.00266,0.98416,8.37193,7.18742,4.29586,0.00533,55.04865,0.15982,0.15999,-0.36575,-0.36565,0,Not_seen,Not_seen,Not_seen,0,SCHAEFER/ODEH
134,134,1988-06-16 01:39:02.591988,37.2,-84.1,2.069,2447328.53716,2447328.60831,102.45553,8.91173,296.60448,-7.56367,307.06993,0.00265,1.01346,19.49854,16.4754,10.46545,0.02867,54.73847,0.85529,0.8574,0.95742,0.95854,0,Not_seen,Not_seen,Not_seen,0,SCHAEFER/ODEH
135,135,1921-02-08 18:22:15.743992,38.8,-9.1,0.765,2422729.25068,2422729.28394,47.88217,4.35723,255.16188,-3.94369,253.91071,0.00269,0.98407,8.39452,8.30092,-1.25117,0.00536,54.28062,0.15844,0.15863,-0.25524,-0.25512,0,Not_seen,Not_seen,Not_seen,0,SCHAEFER/ODEH
136,136,2001-12-15 15:41:24.000005,-4.0,39.7,1.654,2452259.14122,2452259.16942,40.61356,4.39411,246.27797,-4.12606,246.26964,0.0026,0.98168,8.52018,8.52018,-0.00834,0.00552,56.28185,0.16923,0.16944,-0.22674,-0.22661,0,Not_seen,Not_seen,Not_seen,0,SCHAEFER/ODEH
137,137,2003-06-02 00:49:01.055985,26.0,-80.3,2.034,2452792.50328,2452792.57249,99.65462,10.16772,293.9549,-8.83822,299.97271,0.00267,1.01165,19.92743,19.00595,6.01781,0.02994,54.03411,0.88145,0.8839,1.2243,1.22559,0,Not_seen,Not_seen,Not_seen,0,SCHAEFER/ODEH
138,138,2000-07-31 18:18:23.327993,6.5,3.4,0.763,2451757.25085,2451757.27767,38.62041,4.3288,286.9581,-4.04582,288.70617,0.00241,1.01265,8.5548,8.37463,1.74807,0.00556,60.68407,0.18395,0.18419,-0.23236,-0.23221,0,Seen,Seen_eye,Seen_eye;Seen_binoculars;Seen_telescope;Seen_ccd,1,SCHAEFER/ODEH
139,139,2000-12-26 13:52:29.568017,29.6,52.5,1.578,2451905.06527,2451905.09419,41.64002,3.73299,240.74343,-3.61187,245.12,0.0027,0.9808,8.5484,7.34487,4.37657,0.00555,54.07521,0.16367,0.16384,-0.34766,-0.34755,0,Not_seen,Not_seen,Not_seen,0,SCHAEFER/ODEH
140,140,1972-03-17 02:47:06.719986,35.5,-117.6,2.116,2441393.57985,2441393.66131,117.29895,11.8469,275.97375,-10.58895,275.9702,0.00241,0.99299,22.43585,22.43585,-0.00355,0.03785,59.59045,1.2289,1.23327,1.74522,1.7474,0,Seen,Seen_eye,Seen_eye;Seen_binoculars;Seen_telescope;Seen_ccd,1,SCHAEFER/ODEH
141,141,2000-07-02 11:36:08.352002,2.3,102.4,1.483,2451727.97109,2451727.99884,39.96135,4.37641,291.38257,-4.08,293.25182,0.00239,1.01438,8.66017,8.45641,1.86926,0.0057,61.12754,0.18988,0.19014,-0.22059,-0.22043,0,Not_seen,Not_seen,Not_seen,0,SCHAEFER/ODEH
142,142,2004-03-21 16:51:41.184011,38.0,23.7,1.703,2453086.19024,2453086.21796,39.91882,3.62043,268.5488,-3.4902,273.44301,0.00261,0.99383,8.63039,7.11063,4.89421,0.00566,56.06829,0.17297,0.17315,-0.36542,-0.36531,0,Not_seen,Not_seen,Not_seen,0,SCHAEFER/ODEH
143,143,2000-12-26 14:09:30.815988,26.6,50.0,1.59,2451905.07698,2451905.10613,41.98194,3.93033,241.77885,-3.76898,245.72818,0.0027,0.9808,8.65177,7.69931,3.94934,0.00569,54.06047,0.1676,0.16778,-0.30982,-0.30971,0,Not_seen,Not_seen,Not_seen,0,SCHAEFER/ODEH
144,144,1990-05-26 03:05:58.559994,31.6,-110.5,2.129,2448037.59287,2448037.67451,117.57164,11.23704,294.08112,-9.76504,302.28143,0.00241,1.01082,22.52924,21.00209,8.20032,0.03816,59.55059,1.23819,1.24237,1.60647,1.60855,0,Not_seen,Not_seen,Not_seen,0,SCHAEFER/ODEH
145,145,1990-05-26 03:10:05.663985,32.4,-111.0,2.132,2448037.59549,2448037.67766,118.33314,11.18899,294.14098,-9.71217,302.71838,0.00241,1.01082,22.57432,20.90117,8.5774,0.03831,59.55876,1.24326,1.24744,1.5989,1.60098,0,Seen,Seen_eye,Seen_eye;Seen_binoculars;Seen_telescope;Seen_ccd,1,SCHAEFER/ODEH
146,146,1989-05-07 02:54:55.872018,39.7,-105.5,2.121,2447653.58089,2447653.67221,131.49695,11.00835,294.93399,-10.01105,301.84404,0.00245,1.00687,22.11388,21.0194,6.91005,0.03678,58.64369,1.17534,1.17917,1.57677,1.5787,0,Not_seen,Not_seen,Not_seen,0,SCHAEFER/ODEH
147,147,1995-01-31 14:18:00.576007,35.6,51.3,1.596,2449749.08078,2449749.11465,48.77223,4.52988,253.2574,-4.13476,251.51369,0.0025,0.9828,8.83802,8.66464,-1.74371,0.00594,58.47691,0.18917,0.18942,-0.20019,-0.20004,0,Seen,Seen_eye,Seen_eye;Seen_binoculars;Seen_telescope;Seen_ccd,1,SCHAEFER/ODEH
148,148,2003-04-02 15:07:09.408011,32.6,51.6,1.63,2452732.11797,2452732.14497,38.86774,3.80081,273.40776,-3.60949,278.18769,0.00271,0.99693,8.81636,7.4103,4.77993,0.00591,53.97762,0.17376,0.17394,-0.33498,-0.33487,0,Seen,Seen_eye,Seen_eye;Seen_binoculars;Seen_telescope;Seen_ccd,1,SCHAEFER/ODEH
149,149,2001-10-17 11:11:36.959983,2.3,102.4,1.466,2452199.95432,2452199.98149,39.12369,4.61809,261.11844,-4.28722,260.77525,0.00245,0.99411,8.91191,8.90531,-0.3432,0.00604,59.59008,0.196,0.19627,-0.17199,-0.17183,0,Seen,Seen_eye,Seen_eye;Seen_binoculars;Seen_telescope;Seen_ccd,1,SCHAEFER/ODEH
150,150,2004-06-18 15:53:06.432002,26.6,50.0,1.662,2453175.14676,2453175.18078,48.98718,4.5467,298.13894,-4.31264,298.91693,0.00272,1.01347,8.89336,8.85934,0.77799,0.00601,53.80594,0.17624,0.17646,-0.18856,-0.18843,0,Not_seen,Not_seen,Not_seen,0,SCHAEFER/ODEH
151,151,2004-06-18 16:02:28.895980,24.6,46.5,1.668,2453175.15345,2453175.18706,48.39281,4.59238,297.8238,-4.35442,298.24695,0.00272,1.01347,8.95678,8.9468,0.42315,0.0061,53.80309,0.17875,0.17897,-0.1783,-0.17816,0,Not_seen,Not_seen,Not_seen,0,SCHAEFER/ODEH
152,152,2004-06-18 16:05:45.023985,28.4,48.0,1.671,2453175.15514,2453175.19006,50.28436,4.57709,298.43132,-4.33116,299.60987,0.00272,1.01347,8.98572,8.90825,1.17855,0.00614,53.80444,0.17991,0.18013,-0.18145,-0.18131,0,Not_seen,Not_seen,Not_seen,0,SCHAEFER/ODEH
153,153,2000-01-07 15:51:36.576002,-4.0,39.7,1.661,2451551.14853,2451551.17622,39.86565,4.4578,250.04904,-4.07752,247.17266,0.00269,0.98071,9.00611,8.53533,-2.87638,0.00616,54.22301,0.18213,0.18235,-0.21739,-0.21726,0,Not_seen,Not_seen,Not_seen,0,SCHAEFER/ODEH
154,154,1921-10-31 17:26:27.744007,-33.9,18.5,1.727,2422994.21428,2422994.24225,40.27111,3.78048,255.68054,-3.52472,250.39923,0.00252,0.98991,9.01222,7.30519,-5.28131,0.00617,57.93273,0.19485,0.19507,-0.3327,-0.33257,0,Not_seen,Not_seen,Not_seen,0,SCHAEFER/ODEH
155,155,2004-06-18 16:10:55.200014,33.3,50.0,1.674,2453175.15788,2453175.19472,53.05472,4.51048,299.56252,-4.26576,301.7263,0.00272,1.01347,9.03853,8.77623,2.16378,0.00621,53.80973,0.18204,0.18226,-0.19335,-0.19322,0,Seen,Seen_eye,Seen_eye;Seen_binoculars;Seen_telescope;Seen_ccd,1,SCHAEFER/ODEH
156,156,1999-09-10 16:03:17.279987,30.4,35.5,1.669,2451432.1574,2451432.18339,37.42041,3.79968,272.61485,-3.56406,277.84435,0.00259,1.00445,9.02966,7.36375,5.2295,0.0062,56.52743,0.19086,0.19107,-0.32926,-0.32913,0,Not_seen,Not_seen,Not_seen,0,SCHAEFER/ODEH
157,157,2000-12-26 14:52:36.768005,32.6,35.9,1.62,2451905.10632,2451905.13681,43.90253,3.77861,239.39628,-3.66474,244.51519,0.00271,0.9808,9.0316,7.44335,5.11891,0.0062,54.06441,0.18262,0.18281,-0.32629,-0.32617,0,Seen,Seen_eye,Seen_eye;Seen_binoculars;Seen_telescope;Seen_ccd,1,SCHAEFER/ODEH
158,158,1990-05-26 03:43:50.879997,34.2,-118.1,2.155,2448037.61807,2448037.70218,121.11165,11.17699,294.23256,-9.65748,303.818,0.00241,1.01083,22.91122,20.83447,9.58544,0.03945,59.54695,1.27989,1.28419,1.61041,1.61254,0,Not_seen,Not_seen,Not_seen,0,SCHAEFER/ODEH
159,159,2002-04-13 15:08:33.216005,29.6,52.5,1.631,2452378.11907,2452378.14579,38.4773,3.86321,277.55418,-3.641,282.64926,0.00269,1.00017,9.06839,7.50421,5.09508,0.00625,54.37066,0.18515,0.18535,-0.31867,-0.31855,0,Not_seen,Not_seen,Not_seen,0,SCHAEFER/ODEH
160,160,2000-12-26 15:00:08.639985,30.2,35.5,1.625,2451905.11153,2451905.14206,43.96493,3.93501,240.36089,-3.7884,245.11144,0.00271,0.9808,9.06557,7.72341,4.75056,0.00625,54.05347,0.18396,0.18416,-0.29747,-0.29735,0,Not_seen,Not_seen,Not_seen,0,SCHAEFER/ODEH
161,161,1999-09-10 16:07:09.695986,31.8,34.7,1.672,2451432.16008,2451432.18609,37.44463,3.73954,272.55981,-3.51366,278.01703,0.00259,1.00445,9.07471,7.2532,5.45722,0.00626,56.52972,0.19277,0.19298,-0.33915,-0.33903,0,Not_seen,Not_seen,Not_seen,0,SCHAEFER/ODEH
162,162,2004-04-20 10:40:53.183985,5.0,114.9,1.445,2453115.93291,2453115.96023,39.33622,4.53887,284.62366,-4.25992,282.17276,0.00267,1.00223,9.13311,8.79879,-2.4509,0.00634,54.64149,0.18873,0.18897,-0.18704,-0.1869,0,Not_seen,Not_seen,Not_seen,0,SCHAEFER/ODEH
163,163,2002-04-13 15:14:27.456007,32.6,51.7,1.635,2452378.12312,2452378.14994,38.61857,3.73151,277.64834,-3.53404,283.19142,0.00269,1.00018,9.13633,7.26555,5.54308,0.00634,54.38017,0.18796,0.18816,-0.34083,-0.34071,0,Seen,Seen_eye,Seen_eye;Seen_binoculars;Seen_telescope;Seen_ccd,1,SCHAEFER/ODEH
164,164,1991-02-15 13:09:06.335989,33.4,73.1,1.548,2448303.03295,2448303.06679,48.737,4.78291,258.54684,-4.38605,257.62627,0.0026,0.98522,9.21496,9.16896,-0.92057,0.00645,56.1118,0.19729,0.19756,-0.14484,-0.14468,0,Seen,Seen_eye,Seen_eye;Seen_binoculars;Seen_telescope;Seen_ccd,1,SCHAEFER/ODEH
165,165,1913-11-28 17:59:27.167991,-33.9,18.5,0.75,2420100.23247,2420100.27105,55.56272,4.72036,240.45813,-4.53336,240.50068,0.0025,0.98385,9.25382,9.25372,0.04255,0.00651,58.53757,0.20756,0.20785,-0.13017,-0.12999,0,Seen,Seen_eye,Seen_eye;Seen_binoculars;Seen_telescope;Seen_ccd,1,SCHAEFER/ODEH
166,166,2003-04-02 16:11:25.440002,30.2,35.5,1.675,2452732.16193,2452732.19045,41.07761,4.17374,273.56904,-3.91479,278.03095,0.00271,0.99694,9.23579,8.08853,4.46191,0.00648,53.94669,0.19054,0.19076,-0.25697,-0.25684,0,Not_seen,Not_seen,Not_seen,0,SCHAEFER/ODEH
167,167,2003-05-02 10:41:19.967988,5.0,114.9,1.445,2452761.93258,2452761.96137,41.45164,4.74337,287.15978,-4.41951,285.83095,0.00271,1.00516,9.25853,9.16288,-1.32882,0.00651,53.80776,0.19098,0.19123,-0.14927,-0.14912,0,Not_seen,Not_seen,Not_seen,0,SCHAEFER/ODEH
168,168,1873-04-27 17:28:56.352012,38.0,23.7,1.728,2405276.21363,2405276.24693,47.95952,4.29695,286.90799,-3.9552,291.23178,0.00251,1.00491,9.31454,8.25216,4.32378,0.00659,58.33546,0.20956,0.20983,-0.22912,-0.22896,0,Not_seen,Not_seen,Not_seen,0,SCHAEFER/ODEH
169,169,2004-05-21 03:02:58.847994,32.4,-111.0,2.127,2453146.59351,2453146.66902,108.72231,10.27497,294.47607,-9.03426,301.04371,0.00272,1.00969,20.38544,19.30923,6.56764,0.03131,53.1125,0.90628,0.90878,1.26768,1.26899,0,Not_seen,Not_seen,Not_seen,0,SCHAEFER/ODEH
170,170,2000-12-26 15:48:10.079999,-4.0,39.7,1.658,2451905.14508,2451905.17515,43.2955,4.7972,247.71175,-4.39656,246.19378,0.00271,0.98081,9.31797,9.19377,-1.51797,0.0066,53.98516,0.19408,0.19433,-0.14431,-0.14416,0,Seen,Seen_eye,Seen_eye;Seen_binoculars;Seen_telescope;Seen_ccd,1,SCHAEFER/ODEH
171,171,1979-01-28 23:16:42.816018,29.9,-81.3,0.97,2443902.45464,2443902.48905,49.54638,4.88757,251.50185,-4.48775,251.61707,0.00239,0.98259,9.37603,9.37532,0.11522,0.00668,61.18709,0.22271,0.22305,-0.10888,-0.10868,0,Seen,Seen_eye,Seen_eye;Seen_binoculars;Seen_telescope;Seen_ccd,1,SCHAEFER/ODEH
172,172,1998-01-30 00:43:19.776001,29.8,-95.4,2.03,2450843.49477,2450843.57425,114.45424,12.18031,250.82438,-10.51007,255.44381,0.00243,0.98285,23.1497,22.69039,4.61943,0.04026,58.8782,1.29164,1.2963,1.80181,1.80412,0,Seen,Seen_eye,Seen_eye;Seen_binoculars;Seen_telescope;Seen_ccd,1,SCHAEFER/ODEH
173,173,1979-01-28 23:21:31.392003,29.7,-82.4,0.973,2443902.45795,2443902.49244,49.66976,4.91119,251.5609,-4.50957,251.65214,0.00239,0.98259,9.4212,9.42076,0.09124,0.00674,61.18427,0.22485,0.22519,-0.10306,-0.10285,0,Seen,Seen_eye,Seen_eye;Seen_binoculars;Seen_telescope;Seen_ccd,1,SCHAEFER/ODEH
174,174,1984-05-03 01:11:04.704005,37.2,-84.1,2.049,2445823.51559,2445823.59157,109.41944,10.17217,287.98367,-8.86276,297.49808,0.0026,1.00583,21.26043,19.03493,9.51441,0.03403,55.44219,1.02803,1.03096,1.30348,1.30498,0,Not_seen,Not_seen,Not_seen,0,SCHAEFER/ODEH
175,175,2004-06-18 17:04:31.872005,32.0,35.9,1.711,2453175.19476,2453175.23238,54.18402,4.72355,299.09088,-4.44128,301.24097,0.00272,1.01348,9.41314,9.16483,2.1501,0.00673,53.79696,0.19736,0.19762,-0.14522,-0.14506,0,Seen,Seen_eye,Seen_eye;Seen_binoculars;Seen_telescope;Seen_ccd,1,SCHAEFER/ODEH
176,176,1987-06-28 01:39:34.559990,37.2,-84.1,2.069,2446974.53876,2446974.60713,98.45121,8.74967,294.9173,-7.28828,306.72298,0.00272,1.0141,19.89108,16.03794,11.80568,0.02983,53.32229,0.8667,0.86875,0.91972,0.9208,0,Not_seen,Not_seen,Not_seen,0,SCHAEFER/ODEH
177,177,2002-08-09 11:37:26.975997,2.3,102.4,1.484,2452495.9712,2452496.00076,42.57901,4.86874,287.16847,-4.54601,286.0809,0.00244,1.01141,9.47721,9.41474,-1.08757,0.00682,59.92907,0.22285,0.22318,-0.10486,-0.10466,0,Not_seen,Not_seen,Not_seen,0,SCHAEFER/ODEH
178,178,1991-03-18 02:18:03.167987,32.4,-111.0,2.096,2448333.56197,2448333.63824,109.82578,11.55858,276.64276,-10.28684,275.16231,0.00251,0.9929,21.89492,21.84542,-1.48045,0.03607,57.24709,1.12502,1.12877,1.634,1.6359,0,Not_seen,Not_seen,Not_seen,0,SCHAEFER/ODEH
179,179,2002-11-05 13:53:13.631990,29.6,52.5,1.579,2452584.0672,2452584.09292,37.0357,3.47612,247.34907,-3.41884,253.82971,0.00241,0.98912,9.45984,6.89496,6.48064,0.0068,60.72694,0.225,0.22524,-0.35555,-0.3554,0,Not_seen,Not_seen,Not_seen,0,SCHAEFER/ODEH
180,180,2002-11-05 13:54:02.015997,30.1,52.1,1.579,2452584.06778,2452584.09345,36.96009,3.44588,247.20294,-3.39368,253.7625,0.00241,0.98912,9.47398,6.83957,6.55956,0.00682,60.72861,0.22567,0.22591,-0.36068,-0.36054,0,Not_seen,Not_seen,Not_seen,0,SCHAEFER/ODEH
181,181,2004-12-12 17:12:34.847981,10.3,9.8,0.717,2453352.20624,2453352.23061,35.09906,3.44613,240.64639,-3.52536,247.11126,0.00239,0.98214,9.50498,6.97149,6.46487,0.00686,61.13558,0.22867,0.22892,-0.34569,-0.34554,0,Not_seen,Not_seen,Not_seen,0,SCHAEFER/ODEH
182,182,1979-01-28 23:38:09.311998,38.7,-90.3,0.985,2443902.46753,2443902.50645,56.03752,4.89523,248.39634,-4.51091,250.2955,0.00239,0.98259,9.59553,9.40614,1.89916,0.007,61.18344,0.23322,0.23358,-0.09949,-0.09928,0,Seen,Seen_eye,Seen_eye;Seen_binoculars;Seen_telescope;Seen_ccd,1,SCHAEFER/ODEH
183,183,1979-01-28 23:37:03.647980,42.0,-91.7,0.984,2443902.46603,2443902.50662,58.45306,4.81176,246.95422,-4.44803,249.48872,0.00239,0.98259,9.59965,9.25979,2.53449,0.007,61.19115,0.23345,0.2338,-0.11399,-0.11378,0,Seen,Seen_eye,Seen_eye;Seen_binoculars;Seen_telescope;Seen_ccd,1,SCHAEFER/ODEH
184,184,2004-12-12 17:19:45.119998,11.2,7.6,0.722,2453352.21124,2453352.23557,35.03224,3.42048,240.47294,-3.50634,247.0953,0.00239,0.98214,9.58035,6.92682,6.62236,0.00697,61.1375,0.23231,0.23256,-0.34797,-0.34782,0,Not_seen,Not_seen,Not_seen,0,SCHAEFER/ODEH
185,185,1987-06-28 01:59:37.248015,42.7,-84.5,2.083,2446974.55193,2446974.62199,100.89375,8.04696,296.69542,-6.62139,310.48075,0.00272,1.0141,20.10289,14.66835,13.78534,0.03046,53.41877,0.88667,0.8886,0.79329,0.7943,0,Seen,Seen_eye,Seen_eye;Seen_binoculars;Seen_telescope;Seen_ccd,1,SCHAEFER/ODEH
186,186,2000-04-05 11:31:35.328015,5.3,102.9,1.48,2451639.9676,2451639.99611,41.06115,4.89438,274.64171,-4.51398,276.75727,0.0025,0.99818,9.64276,9.40837,2.11556,0.00706,58.45416,0.22501,0.22534,-0.1042,-0.104,0,Not_seen,Not_seen,Not_seen,0,SCHAEFER/ODEH
187,187,1979-01-28 23:44:50.207992,42.0,-93.6,0.989,2443902.47132,2443902.51216,58.82159,4.84757,246.94503,-4.47796,249.51857,0.00239,0.98259,9.67336,9.32553,2.57354,0.00711,61.18684,0.23702,0.23738,-0.10527,-0.10506,0,Seen,Seen_eye,Seen_eye;Seen_binoculars;Seen_telescope;Seen_ccd,1,SCHAEFER/ODEH
188,188,2003-05-02 11:32:43.584012,3.2,101.7,1.481,2452761.96787,2452761.99755,42.73674,4.91433,287.44729,-4.56876,285.67278,0.00271,1.00517,9.64731,9.48309,-1.77452,0.00707,53.79775,0.20728,0.20756,-0.1074,-0.10723,0,Seen,Seen_eye,Seen_eye;Seen_binoculars;Seen_telescope;Seen_ccd,1,SCHAEFER/ODEH
189,189,1987-06-28 02:24:04.320001,30.0,-100.0,2.1,2446974.56991,2446974.63772,97.64462,9.66792,293.47986,-8.13398,302.96297,0.00272,1.01411,20.15182,17.80191,9.48311,0.03061,53.1836,0.88703,0.88933,1.10683,1.10804,0,Not_seen,Not_seen,Not_seen,0,SCHAEFER/ODEH
190,190,1985-12-12 17:58:42.240011,-32.4,20.8,0.749,2446412.23159,2446412.27098,56.72029,4.88133,241.00919,-4.63243,238.81089,0.00242,0.98213,9.76387,9.51377,-2.19829,0.00724,60.44988,0.23856,0.23892,-0.08553,-0.08531,0,Seen,Seen_eye,Seen_eye;Seen_binoculars;Seen_telescope;Seen_ccd,1,SCHAEFER/ODEH
191,191,1973-07-01 05:28:20.064017,-44.0,170.5,1.228,2441864.71128,2441864.74891,54.19014,3.74883,305.2988,-3.70644,298.98037,0.0024,1.01437,9.76971,7.45527,-6.31843,0.00725,60.91076,0.24067,0.24095,-0.29012,-0.28995,0,Not_seen,Not_seen,Not_seen,0,SCHAEFER/ODEH
192,192,1977-02-18 23:31:32.735995,42.7,-83.6,0.98,2443193.46207,2443193.50294,58.84574,5.11608,258.38272,-4.66783,258.78457,0.00259,0.9861,9.79214,9.78391,0.40185,0.00728,56.46343,0.22412,0.22445,-0.06718,-0.06698,0,Seen,Seen_eye,Seen_eye;Seen_binoculars;Seen_telescope;Seen_ccd,1,SCHAEFER/ODEH
193,193,2001-07-21 13:39:38.016016,4.1,73.3,1.569,2452112.05507,2452112.08684,45.75086,5.13186,290.37924,-4.74505,290.88076,0.0024,1.01369,9.8896,9.87691,0.50151,0.00743,60.81495,0.24621,0.2466,-0.04464,-0.0444,0,Seen,Seen_eye,Seen_eye;Seen_binoculars;Seen_telescope;Seen_ccd,1,SCHAEFER/ODEH
194,194,2003-08-28 11:32:40.991992,5.3,102.9,1.481,2452879.96764,2452879.99778,43.40085,5.15887,279.92749,-4.72974,280.28808,0.00249,1.00775,9.89516,9.88861,0.36059,0.00744,58.52628,0.23721,0.23757,-0.04885,-0.04864,0,Not_seen,Not_seen,Not_seen,0,SCHAEFER/ODEH
195,195,1997-10-02 15:37:45.407990,31.8,34.7,1.651,2450724.13967,2450724.16566,37.42281,3.71244,260.83933,-3.53055,267.76649,0.0027,0.99809,10.01911,7.24299,6.92716,0.00763,54.16357,0.22505,0.22527,-0.32071,-0.32058,0,Not_seen,Not_seen,Not_seen,0,SCHAEFER/ODEH
196,196,2002-11-05 14:57:04.607992,31.9,35.8,1.623,2452584.11109,2452584.13782,38.49612,3.51272,246.2729,-3.46344,253.58486,0.00241,0.98911,10.10274,6.97616,7.31195,0.00775,60.70274,0.25643,0.25671,-0.3286,-0.32844,0,Not_seen,Not_seen,Not_seen,0,SCHAEFER/ODEH
197,197,2004-01-22 14:13:33.599986,30.0,51.7,1.593,2453027.08111,2453027.1073,37.71362,3.27846,241.37635,-3.36291,249.09714,0.00246,0.98177,10.18095,6.64137,7.72079,0.00787,59.39623,0.2548,0.25505,-0.36306,-0.3629,0,Not_seen,Not_seen,Not_seen,0,SCHAEFER/ODEH
198,198,1998-09-21 15:51:18.431985,31.8,35.2,1.661,2451078.14847,2451078.17582,39.38559,3.9778,266.2444,-3.72044,273.03201,0.0027,1.00131,10.25988,7.69824,6.78761,0.00799,54.12147,0.23578,0.23604,-0.26875,-0.26859,0,Not_seen,Not_seen,Not_seen,0,SCHAEFER/ODEH
199,199,1997-05-07 15:29:56.255998,32.7,52.3,1.646,2450576.13362,2450576.161,39.41432,3.66788,285.14056,-3.4298,292.66455,0.00251,1.0068,10.33996,7.09768,7.52399,0.00812,58.1658,0.25736,0.25764,-0.3159,-0.31573,0,Not_seen,Not_seen,Not_seen,0,SCHAEFER/ODEH
200,200,1871-04-20 17:19:35.616007,38.0,23.7,1.722,2404538.20884,2404538.23832,42.45331,3.92861,280.41969,-3.56909,287.63733,0.00269,1.00271,10.4036,7.4977,7.21765,0.00822,54.2691,0.24307,0.24334,-0.28443,-0.28428,0,Not_seen,Not_seen,Not_seen,0,SCHAEFER/ODEH
201,201,1997-05-07 15:41:51.648014,36.0,50.8,1.654,2450576.14198,2450576.16918,39.16181,3.4627,285.65619,-3.25332,293.70753,0.00252,1.0068,10.48115,6.71602,8.05134,0.00834,58.17316,0.26445,0.26472,-0.34984,-0.34968,0,Not_seen,Not_seen,Not_seen,0,SCHAEFER/ODEH
202,202,2000-12-26 18:01:14.304003,-32.4,20.8,1.751,2451905.23695,2451905.26824,45.05741,4.06364,246.41157,-3.6856,239.27474,0.00271,0.98081,10.53123,7.74924,-7.13683,0.00842,54.02185,0.24792,0.2482,-0.25638,-0.25621,0,Seen,Seen_eye,Seen_eye;Seen_binoculars;Seen_telescope;Seen_ccd,1,SCHAEFER/ODEH
203,203,2000-12-26 18:00:58.752005,-32.3,20.8,1.751,2451905.23678,2451905.26807,45.0582,4.07056,246.43417,-3.69119,239.3155,0.00271,0.98081,10.52816,7.76175,-7.11867,0.00842,54.02142,0.24778,0.24805,-0.25521,-0.25505,0,Seen,Seen_eye,Seen_eye;Seen_binoculars;Seen_telescope;Seen_ccd,1,SCHAEFER/ODEH
204,204,2000-12-26 18:14:47.327997,-33.9,18.4,1.76,2451905.24629,2451905.27774,45.29413,3.99473,246.07928,-3.62001,238.62619,0.00271,0.98081,10.65132,7.61475,-7.45309,0.00861,54.02474,0.25361,0.25388,-0.26643,-0.26627,0,Not_seen,Not_seen,Not_seen,0,SCHAEFER/ODEH
205,205,1997-05-07 16:39:22.464018,31.8,34.9,1.694,2450576.1809,2450576.21039,42.47678,4.04706,284.96757,-3.7363,292.60047,0.00252,1.00681,10.89733,7.78336,7.6329,0.00902,58.10709,0.28548,0.28582,-0.23061,-0.2304,0,Not_seen,Not_seen,Not_seen,0,SCHAEFER/ODEH
206,206,2003-01-03 17:05:59.999992,32.5,3.7,1.712,2452643.19962,2452643.2286,41.73313,3.41108,236.57361,-3.50795,245.06577,0.00253,0.98084,10.94997,6.91903,8.49216,0.0091,57.79083,0.28666,0.28695,-0.31634,-0.31617,0,Not_seen,Not_seen,Not_seen,0,SCHAEFER/ODEH
207,207,1988-01-21 01:36:37.440009,32.2,-111.0,2.067,2447181.52892,2447181.61481,123.68566,12.19898,242.4986,-10.88099,252.98232,0.0024,0.9819,25.3197,23.07997,10.48372,0.04803,59.71726,1.56297,1.5687,1.97256,1.97531,0,Not_seen,Not_seen,Not_seen,0,SCHAEFER/ODEH
208,208,2002-01-14 14:09:51.551985,29.6,52.5,1.59,2452289.07496,2452289.1092,49.30968,4.52479,240.89909,-4.37048,247.97651,0.00267,0.98104,11.36288,8.89527,7.07743,0.0098,54.74498,0.29235,0.29272,-0.11534,-0.11512,0,Not_seen,Not_seen,Not_seen,0,SCHAEFER/ODEH
209,209,2000-07-02 16:00:40.031996,32.6,51.7,1.667,2451728.15295,2451728.18485,45.93379,4.16232,292.03395,-3.76298,300.42495,0.00239,1.0144,11.53716,7.9253,8.391,0.0101,61.10507,0.33637,0.33681,-0.1864,-0.18615,0,Not_seen,Not_seen,Not_seen,0,SCHAEFER/ODEH
210,210,2000-04-05 15:13:20.927983,32.6,51.7,1.634,2451640.11948,2451640.15275,47.90942,4.78036,273.33676,-4.42787,280.43391,0.0025,0.99824,11.62119,9.20823,7.09715,0.01025,58.54047,0.32695,0.32741,-0.06364,-0.06337,0,Not_seen,Not_seen,Not_seen,0,SCHAEFER/ODEH
211,211,2000-09-28 17:04:41.375997,-33.9,18.4,1.712,2451816.19659,2451816.23035,48.60945,4.80274,271.27806,-4.46761,264.16767,0.00252,0.99935,11.67845,9.27035,-7.11039,0.01035,57.93463,0.32675,0.32721,-0.05754,-0.05727,0,Seen,Seen_eye,Seen_eye;Seen_binoculars;Seen_telescope;Seen_ccd,1,SCHAEFER/ODEH
212,212,2004-01-22 17:24:20.736005,32.5,3.7,1.725,2453027.21103,2453027.24301,46.04563,3.98009,240.45324,-3.98932,249.11692,0.00247,0.98179,11.76646,7.96941,8.66368,0.01051,59.26234,0.33928,0.33968,-0.18028,-0.18005,0,Seen,Seen_eye,Seen_eye;Seen_binoculars;Seen_telescope;Seen_ccd,1,SCHAEFER/ODEH
213,213,2004-09-15 14:24:34.559990,36.6,59.0,1.6,2453264.08835,2453264.11546,39.04834,3.71077,266.64522,-3.47488,276.02187,0.00256,1.00295,11.80845,7.18565,9.37666,0.01058,57.17762,0.32967,0.33003,-0.26429,-0.26409,0,Not_seen,Not_seen,Not_seen,0,SCHAEFER/ODEH
214,214,1999-06-14 15:45:44.927980,29.6,52.5,1.657,2451344.14355,2451344.1733,42.84182,4.03967,290.31374,-3.64738,299.42548,0.00241,1.01336,11.91591,7.68705,9.11173,0.01077,60.64527,0.35604,0.35648,-0.19871,-0.19846,0,Not_seen,Not_seen,Not_seen,0,SCHAEFER/ODEH
215,215,2003-08-28 15:21:42.911983,32.6,51.7,1.64,2452880.12475,2452880.15924,49.66275,5.04619,277.39919,-4.5331,284.56587,0.00249,1.00773,11.9584,9.57929,7.16667,0.01085,58.61445,0.34657,0.34709,-0.01503,-0.01472,0,Not_seen,Not_seen,Not_seen,0,SCHAEFER/ODEH
216,216,2004-09-15 14:57:27.072002,26.2,50.5,1.623,2453264.11002,2453264.13973,42.7851,4.65054,267.17893,-4.25767,275.16555,0.00256,1.00295,11.95881,8.90821,7.98662,0.01085,57.12115,0.33776,0.33821,-0.08729,-0.08703,0,Not_seen,Not_seen,Not_seen,0,SCHAEFER/ODEH
217,217,2004-09-15 14:59:30.624018,26.6,50.0,1.625,2453264.11148,2453264.14115,42.72363,4.62543,267.1324,-4.23694,275.20229,0.00256,1.00295,11.98056,8.86236,8.06988,0.01089,57.12394,0.339,0.33946,-0.09115,-0.09089,0,Not_seen,Not_seen,Not_seen,0,SCHAEFER/ODEH
218,218,2001-07-21 17:00:16.127989,31.9,35.8,1.709,2452112.19211,2452112.22903,53.16143,5.0499,290.11024,-4.51837,297.40463,0.0024,1.01369,12.02643,9.56827,7.2944,0.01097,60.83215,0.36377,0.36433,-0.00608,-0.00575,0,Not_seen,Not_seen,Not_seen,0,SCHAEFER/ODEH
219,219,2001-07-21 17:01:21.792006,32.6,35.9,1.709,2452112.19287,2452112.22979,53.16484,5.00147,290.22135,-4.47572,297.66467,0.0024,1.01369,12.04544,9.47719,7.44332,0.01101,60.83671,0.36494,0.3655,-0.01451,-0.01418,0,Seen,Seen_eye,Seen_eye;Seen_binoculars;Seen_telescope;Seen_ccd,1,SCHAEFER/ODEH
220,220,2000-09-28 17:51:58.751997,32.5,3.7,1.744,2451816.22893,2451816.26381,50.21839,5.15828,263.30399,-4.70831,270.2176,0.00252,0.99935,12.04278,9.86659,6.91361,0.011,57.88081,0.34706,0.34758,0.01399,0.0143,0,Seen,Seen_eye,Seen_eye;Seen_binoculars;Seen_telescope;Seen_ccd,1,SCHAEFER/ODEH
221,221,1996-10-13 15:26:28.031982,31.8,34.7,1.643,2450370.13003,2450370.16007,43.25044,4.25195,254.319,-4.04477,263.04891,0.00258,0.99499,12.038,8.29672,8.72991,0.011,56.55047,0.33881,0.33922,-0.14783,-0.14758,0,Not_seen,Not_seen,Not_seen,0,SCHAEFER/ODEH
222,222,2001-04-24 15:28:28.128011,32.6,51.7,1.645,2452024.12866,2452024.1649,52.17846,5.12841,281.61324,-4.66618,288.69509,0.00256,1.00343,12.08154,9.79459,7.08185,0.01107,56.97605,0.34383,0.34434,0.0049,0.0052,0,Seen,Seen_eye,Seen_eye;Seen_binoculars;Seen_telescope;Seen_ccd,1,SCHAEFER/ODEH
223,223,2004-09-15 14:55:03.647996,35.7,51.4,1.622,2453264.10925,2453264.13697,39.9118,3.85316,266.48966,-3.59275,275.97411,0.00256,1.00295,12.05277,7.44591,9.48445,0.01102,57.1794,0.34342,0.3438,-0.23021,-0.22998,0,Not_seen,Not_seen,Not_seen,0,SCHAEFER/ODEH
224,224,2004-09-15 14:56:55.968007,34.7,50.9,1.623,2453264.11044,2453264.1384,40.26639,3.94736,266.54065,-3.67002,275.89173,0.00256,1.00295,12.05561,7.61738,9.35108,0.01103,57.17368,0.34354,0.34394,-0.21299,-0.21276,0,Not_seen,Not_seen,Not_seen,0,SCHAEFER/ODEH
225,225,1999-06-14 16:03:40.608003,29.4,48.0,1.669,2451344.15573,2451344.18608,43.70383,4.1414,290.23945,-3.7298,299.40416,0.00241,1.01336,12.07536,7.8712,9.1647,0.01106,60.63131,0.36551,0.36598,-0.17477,-0.1745,0,Not_seen,Not_seen,Not_seen,0,SCHAEFER/ODEH
226,226,2004-09-15 14:59:57.407980,33.3,50.1,1.625,2453264.11239,2453264.14071,40.7759,4.07695,266.61477,-3.77864,275.77707,0.00256,1.00295,12.06341,7.85559,9.16229,0.01104,57.16572,0.34394,0.34435,-0.18894,-0.1887,0,Not_seen,Not_seen,Not_seen,0,SCHAEFER/ODEH
227,227,2004-09-15 15:07:48.287985,28.4,48.0,1.63,2453264.11733,2453264.14678,42.40897,4.50588,266.9318,-4.13701,275.36579,0.00256,1.00295,12.07046,8.64289,8.43398,0.01105,57.13649,0.34416,0.34461,-0.11007,-0.10981,0,Not_seen,Not_seen,Not_seen,0,SCHAEFER/ODEH
228,228,2000-07-02 17:01:29.567985,30.4,35.5,1.709,2451728.19426,2451728.22826,48.97025,4.62037,291.3765,-4.13396,299.74185,0.00239,1.0144,12.10289,8.75434,8.36535,0.01111,61.05695,0.36975,0.37028,-0.08399,-0.08368,0,Seen,Seen_eye,Seen_eye;Seen_binoculars;Seen_telescope;Seen_ccd,1,SCHAEFER/ODEH
229,229,1872-10-03 16:20:04.704013,38.0,23.7,1.681,2405070.16714,2405070.19745,43.65216,4.19734,258.51577,-3.81624,267.57215,0.0026,0.99721,12.08722,8.01358,9.05638,0.01109,56.32237,0.3402,0.34061,-0.17533,-0.17509,0,Not_seen,Not_seen,Not_seen,0,SCHAEFER/ODEH
230,230,2000-04-05 16:17:26.592017,32.0,35.9,1.679,2451640.16313,2451640.19834,50.70679,5.13069,273.41588,-4.71656,280.52504,0.00249,0.99826,12.14015,9.84725,7.10916,0.01118,58.53093,0.35663,0.35717,0.01765,0.01797,0,Not_seen,Not_seen,Not_seen,0,SCHAEFER/ODEH
231,231,2003-05-02 16:18:57.311983,-33.9,18.4,1.68,2452762.16719,2452762.19564,40.96297,3.64668,295.8532,-3.60554,286.14658,0.00271,1.00524,12.11146,7.25222,-9.70662,0.01113,53.90884,0.32692,0.32725,-0.25925,-0.25906,0,Not_seen,Not_seen,Not_seen,0,SCHAEFER/ODEH
232,232,2002-08-09 16:30:57.887998,-34.0,18.4,1.688,2452496.17219,2452496.20815,51.78587,4.69587,294.09006,-4.54507,285.97451,0.00243,1.0114,12.29285,9.24094,-8.11555,0.01146,60.01263,0.37488,0.37542,-0.03234,-0.03203,0,Seen,Seen_eye,Seen_eye;Seen_binoculars;Seen_telescope;Seen_ccd,1,SCHAEFER/ODEH
233,233,2001-01-25 17:32:46.175991,32.5,3.7,1.731,2451935.2135,2451935.25308,56.99802,5.32206,244.04862,-4.98853,250.83458,0.00272,0.98196,12.33827,10.3106,6.78596,0.01155,53.73718,0.33816,0.33865,0.05318,0.05346,0,Not_seen,Not_seen,Not_seen,0,SCHAEFER/ODEH
234,234,2003-09-28 01:45:33.119984,32.4,-111.0,2.073,2452910.54887,2452910.60384,79.16416,8.1793,251.62762,-7.43126,272.59066,0.00243,1.00005,26.08432,15.61057,20.96304,0.05093,59.81215,1.65976,1.66387,1.27167,1.27361,0,Not_seen,Not_seen,Not_seen,0,SCHAEFER/ODEH
235,235,1922-03-29 16:58:42.816002,-33.9,18.5,1.707,2423143.19595,2423143.22181,37.22804,3.62041,281.77325,-3.4318,271.62722,0.00268,0.99618,12.35092,7.05221,-10.14604,0.01157,54.55595,0.34401,0.34435,-0.26923,-0.26903,0,Not_seen,Not_seen,Not_seen,0,SCHAEFER/ODEH
236,236,2000-04-05 16:55:01.632008,-33.9,18.4,1.705,2451640.1887,2451640.2251,52.42241,5.24193,281.82793,-4.81052,274.45571,0.00249,0.99827,12.46038,10.05245,-7.37222,0.01178,58.53305,0.37563,0.37622,0.04924,0.04958,0,Not_seen,Not_seen,Not_seen,0,SCHAEFER/ODEH
237,237,2003-08-28 16:24:07.488011,32.4,36.2,1.683,2452880.16763,2452880.20315,51.14173,5.23,276.98217,-4.67863,284.59638,0.00249,1.00773,12.49045,9.90863,7.61421,0.01183,58.61817,0.37799,0.37858,0.03623,0.03657,0,Not_seen,Not_seen,Not_seen,0,SCHAEFER/ODEH
238,238,2003-09-28 01:42:36.864010,41.8,-111.8,2.071,2452910.54979,2452910.59809,69.54564,6.17849,249.39035,-5.76523,272.74371,0.00243,1.00005,26.19242,11.94372,23.35336,0.05134,60.07576,1.68068,1.68384,0.91488,0.91637,0,Seen,Seen_eye,Seen_eye;Seen_binoculars;Seen_telescope;Seen_ccd,1,SCHAEFER/ODEH
239,239,2001-04-24 16:32:21.695993,31.9,35.8,1.689,2452024.17222,2452024.2103,54.84281,5.46507,281.62237,-4.94454,288.69462,0.00256,1.00345,12.57927,10.40961,7.07225,0.012,56.96839,0.37257,0.37316,0.08318,0.08352,0,Not_seen,Not_seen,Not_seen,0,SCHAEFER/ODEH
240,240,2001-04-24 16:32:53.663995,32.6,35.9,1.69,2452024.17257,2452024.21068,54.87599,5.41785,281.66456,-4.90551,288.88154,0.00256,1.00345,12.59025,10.32336,7.21698,0.01202,56.97305,0.37325,0.37384,0.07495,0.07529,0,Not_seen,Not_seen,Not_seen,0,SCHAEFER/ODEH
241,241,1885-12-07 16:01:52.607986,50.6,5.7,1.668,2409883.14349,2409883.19858,79.32453,5.09471,230.94053,-4.62853,239.25254,0.00268,0.98222,12.7853,9.72324,8.31201,0.0124,54.42577,0.36765,0.36817,0.01168,0.01198,0,Seen,Seen_eye,Seen_eye;Seen_binoculars;Seen_telescope;Seen_ccd,1,SCHAEFER/ODEH
242,242,1999-01-18 18:12:31.680011,-33.9,18.4,1.759,2451197.24655,2451197.27388,39.35032,3.61652,253.27437,-3.25758,242.53387,0.00257,0.9814,12.74645,6.8741,-10.7405,0.01232,56.90632,0.38208,0.38248,-0.26484,-0.26461,0,Seen,Seen_eye,Seen_eye;Seen_binoculars;Seen_telescope;Seen_ccd,1,SCHAEFER/ODEH
243,243,1998-10-21 15:23:57.696004,31.8,34.7,1.642,2451108.12413,2451108.16353,56.72894,5.75747,253.08919,-5.26034,260.5741,0.00272,0.99281,13.31323,11.01781,7.48491,0.01344,53.65401,0.39285,0.39346,0.15577,0.15613,0,Not_seen,Not_seen,Not_seen,0,SCHAEFER/ODEH
244,244,1984-03-03 23:54:42.047993,37.2,-84.1,1.996,2445763.47813,2445763.51906,58.94473,5.62046,257.85793,-5.18185,265.82608,0.00271,0.98907,13.41612,10.80231,7.96815,0.01364,53.75556,0.39967,0.40028,0.13818,0.13853,0,Not_seen,Not_seen,Not_seen,0,SCHAEFER/ODEH
245,245,1871-05-20 17:55:12.287982,38.0,23.7,1.747,2404568.22743,2404568.27072,62.32749,5.55186,291.47312,-4.82187,300.09265,0.00272,1.0098,13.47978,10.37374,8.61953,0.01377,53.6983,0.40303,0.40364,0.09726,0.09761,0,Not_seen,Not_seen,Not_seen,0,SCHAEFER/ODEH
246,246,1997-12-30 18:12:05.760014,-33.9,18.4,1.758,2450813.24708,2450813.27256,36.69424,3.27621,251.46573,-2.94985,239.44251,0.0025,0.98093,13.53433,6.22606,-12.02322,0.01389,58.44804,0.44222,0.44265,-0.29494,-0.29469,0,Seen,Seen_eye,Seen_eye;Seen_binoculars;Seen_telescope;Seen_ccd,1,SCHAEFER/ODEH
247,247,2004-11-13 14:49:31.007998,32.0,35.9,1.618,2453323.10657,2453323.13167,36.14056,2.98833,238.30109,-3.18865,250.53342,0.00243,0.98708,13.69816,6.17698,12.23233,0.01422,60.31808,0.46743,0.46785,-0.28543,-0.28518,0,Not_seen,Not_seen,Not_seen,0,SCHAEFER/ODEH
248,248,2003-11-26 00:39:36.863994,41.5,-112.0,3.027,2452969.49748,2452969.56503,97.2725,6.61632,223.18688,-7.34201,248.61872,0.00241,0.98496,28.9547,13.95833,25.43184,0.0625,60.34799,2.05518,2.05934,1.29076,1.29268,0,Not_seen,Not_seen,Not_seen,0,SCHAEFER/ODEH
249,249,1983-12-05 22:42:14.400000,37.2,-84.1,1.946,2445674.42646,2445674.47042,63.3008,5.00522,232.61639,-5.01074,245.57448,0.00262,0.98286,16.3647,10.01596,12.9581,0.02026,55.71532,0.61496,0.61583,0.18139,0.18187,0,Not_seen,Not_seen,Not_seen,0,SCHAEFER/ODEH
250,250,2003-12-24 15:47:15.647987,49.6,8.7,1.658,2452998.14046,2452998.17951,56.23993,2.71672,220.21544,-3.29413,236.86167,0.00242,0.98129,17.69083,6.01085,16.64623,0.02364,60.3894,0.77806,0.77871,-0.1302,-0.12985,0,Seen,Seen_eye,Seen_eye;Seen_binoculars;Seen_telescope;Seen_ccd,1,SCHAEFER/ODEH
251,251,1990-09-20 15:51:06.336013,31.8,34.7,1.66,2448155.15083,2448155.17256,31.29114,2.94327,254.63434,-2.95551,273.03839,0.00265,1.00172,19.31851,5.89878,18.40405,0.02815,55.30038,0.84834,0.84904,-0.10392,-0.10355,0,Not_seen,Not_seen,Not_seen,0,SCHAEFER/ODEH
252,252,1978-03-09 22:34:57.216010,45.1,-64.2,0.941,2443577.42344,2443577.46281,56.69865,4.73364,264.82219,-4.43055,268.27293,0.00252,0.99067,9.79105,9.16419,3.45074,0.00728,58.00702,0.23019,0.23051,-0.1255,-0.12531,0,Seen,Seen_eye,Seen_eye;Seen_binoculars;Seen_telescope;Seen_ccd,1,SCHAEFER/ODEH
253,253,2000-01-07 18:02:15.647987,6.5,3.4,1.752,2451551.23733,2451551.26938,46.14916,5.19784,248.9036,-4.71217,247.95919,0.00269,0.98072,9.9548,9.91001,-0.94441,0.00753,54.18777,0.22227,0.22259,-0.05568,-0.05549,0,Seen,Seen_eye,Seen_eye;Seen_binoculars;Seen_telescope;Seen_ccd,1,SCHAEFER/ODEH
254,254,1995-01-03 04:40:10.847984,19.8,-155.5,2.195,2449720.66059,2449720.73705,110.1036,12.60851,249.57037,-10.6295,249.35062,0.00247,0.98106,23.23903,23.23801,-0.21976,0.04057,57.97777,1.28158,1.2863,1.8516,1.85394,0,Seen,Seen_eye,Seen_eye;Seen_binoculars;Seen_telescope;Seen_ccd,1,SCHAEFER/ODEH
255,255,2000-01-07 17:51:46.655985,34.0,-6.8,1.744,2451551.2283,2451551.26428,51.80798,4.57427,241.23929,-4.29261,245.786,0.00269,0.98072,9.96257,8.86689,4.54671,0.00754,54.23627,0.22282,0.2231,-0.15966,-0.1595,0,Seen,Seen_eye,Seen_eye;Seen_binoculars;Seen_telescope;Seen_ccd,1,SCHAEFER/ODEH
256,256,1867-02-05 16:12:54.431996,38.0,23.7,1.676,2403003.1583,2403003.1973,56.1694,5.22509,251.8123,-4.66031,253.41225,0.00261,0.98375,10.01372,9.8854,1.59994,0.00762,55.89872,0.23201,0.23235,-0.05229,-0.05209,0,Not_seen,Not_seen,Not_seen,0,SCHAEFER/ODEH
257,257,1866-01-17 15:53:10.751995,38.0,23.7,1.662,2402619.14371,2402619.1847,59.01843,5.33112,246.81014,-4.69023,247.30004,0.00254,0.98145,10.03329,10.02135,0.4899,0.00765,57.34471,0.23894,0.23931,-0.03455,-0.03432,0,Not_seen,Not_seen,Not_seen,0,SCHAEFER/ODEH
258,258,2003-06-30 15:40:44.255984,33.7,58.4,1.653,2452821.13635,2452821.17447,54.89521,4.7662,297.65139,-4.39675,301.70833,0.00263,1.01411,10.01915,9.16295,4.05695,0.00763,55.51088,0.23065,0.23095,-0.12536,-0.12517,0,Not_seen,Not_seen,Not_seen,0,SCHAEFER/ODEH
259,259,1995-06-28 22:13:45.407982,-30.1,-71.0,0.926,2449897.40936,2449897.4473,54.64224,5.28761,294.49773,-4.72986,294.21616,0.0027,1.01401,10.02141,10.01746,-0.28157,0.00763,53.99721,0.22446,0.22478,-0.04362,-0.04343,0,Seen,Seen_eye,Seen_eye;Seen_binoculars;Seen_telescope;Seen_ccd,1,SCHAEFER/ODEH
260,260,1921-02-08 22:29:29.760011,42.3,-71.1,0.937,2422729.41842,2422729.46057,60.68959,5.32358,253.93794,-4.73213,254.08479,0.00269,0.98411,10.05678,10.05571,0.14686,0.00768,54.25186,0.22711,0.22744,-0.0382,-0.038,0,Seen,Seen_eye,Seen_eye;Seen_binoculars;Seen_telescope;Seen_ccd,1,SCHAEFER/ODEH
261,261,1984-03-03 16:00:55.583994,15.6,35.6,1.667,2445763.15424,2445763.18366,42.36228,4.86633,260.8043,-4.50585,264.41802,0.00272,0.98896,10.04328,9.37218,3.61372,0.00766,53.78165,0.22454,0.22483,-0.1081,-0.10792,0,Not_seen,Not_seen,Not_seen,0,SCHAEFER/ODEH
262,262,1978-03-09 23:11:38.687996,41.3,-72.9,0.966,2443577.44915,2443577.48801,55.96129,5.01322,265.40384,-4.65635,268.30289,0.00252,0.99068,10.09382,9.66958,2.89905,0.00774,57.96547,0.24444,0.2448,-0.06643,-0.06621,0,Seen,Seen_eye,Seen_eye;Seen_binoculars;Seen_telescope;Seen_ccd,1,SCHAEFER/ODEH
263,263,1987-06-28 03:12:23.039985,39.8,-105.0,2.134,2446974.60223,2446974.6728,101.61831,8.65259,295.25784,-7.12731,308.55168,0.00272,1.01411,20.60534,15.77989,13.29384,0.03199,53.33556,0.92961,0.93178,0.92697,0.9281,0,Not_seen,Not_seen,Not_seen,0,SCHAEFER/ODEH
264,264,1978-03-09 23:14:54.816001,42.7,-73.8,0.969,2443577.45111,2443577.49067,56.9662,4.98552,265.19193,-4.63624,268.36311,0.00252,0.99068,10.1297,9.62176,3.17118,0.00779,57.96637,0.24618,0.24654,-0.07017,-0.06995,0,Seen,Seen_eye,Seen_eye;Seen_binoculars;Seen_telescope;Seen_ccd,1,SCHAEFER/ODEH
265,265,1987-06-28 03:22:13.152013,33.5,-112.1,2.14,2446974.60954,2446974.67904,100.07552,9.48418,293.70276,-7.90302,304.81583,0.00272,1.01411,20.61167,17.38719,11.11307,0.03201,53.21211,0.92803,0.93039,1.08687,1.0881,0,Seen,Seen_eye,Seen_eye;Seen_binoculars;Seen_telescope;Seen_ccd,1,SCHAEFER/ODEH
266,266,1998-01-30 02:09:42.047993,34.2,-118.1,2.09,2450843.55229,2450843.63728,122.38086,12.33195,248.9122,-10.68445,255.71,0.00243,0.98287,23.98607,23.0164,6.79781,0.04318,58.85151,1.38464,1.3897,1.88008,1.88255,0,Seen,Seen_eye,Seen_eye;Seen_binoculars;Seen_telescope;Seen_ccd,1,SCHAEFER/ODEH
267,267,1915-03-16 17:54:43.776006,49.4,8.7,1.746,2420573.22566,2420573.27219,66.99553,5.25204,270.96205,-4.83696,272.6342,0.00265,0.9924,10.22628,10.089,1.67215,0.00794,55.00443,0.23806,0.23841,-0.0283,-0.02809,0,Seen,Seen_eye,Seen_eye;Seen_binoculars;Seen_telescope;Seen_ccd,1,SCHAEFER/ODEH
268,268,1997-07-05 16:11:04.704005,-33.9,18.5,1.674,2450635.15634,2450635.19689,58.39253,5.39824,295.48608,-4.83625,294.23418,0.00265,1.01415,10.31057,10.23449,-1.2519,0.00807,54.99964,0.24197,0.24234,-0.01141,-0.0112,0,Seen,Seen_eye,Seen_eye;Seen_binoculars;Seen_telescope;Seen_ccd,1,SCHAEFER/ODEH
269,269,1987-06-28 03:43:18.047988,40.7,-111.9,2.155,2446974.62339,2446974.69468,102.65348,8.60098,295.41908,-7.05615,309.22405,0.00272,1.01412,20.84464,15.65713,13.80498,0.03273,53.34275,0.95122,0.95343,0.92596,0.92711,0,Seen,Seen_eye,Seen_eye;Seen_binoculars;Seen_telescope;Seen_ccd,1,SCHAEFER/ODEH
270,270,2004-06-18 19:16:45.119982,32.5,3.7,1.803,2453175.28509,2453175.32606,59.00104,5.16622,298.89774,-4.79272,301.76094,0.00271,1.0135,10.36136,9.95894,2.8632,0.00815,53.7699,0.23889,0.23923,-0.04081,-0.04061,0,Not_seen,Not_seen,Not_seen,0,SCHAEFER/ODEH
271,271,2003-11-24 17:42:17.279995,6.5,3.4,1.738,2452968.22447,2452968.25425,42.88159,4.57686,244.60449,-4.43435,249.76902,0.00239,0.98496,10.3836,9.01121,5.16453,0.00819,61.15559,0.27287,0.27326,-0.11531,-0.11508,0,Not_seen,Not_seen,Not_seen,0,SCHAEFER/ODEH
272,272,1987-06-28 04:12:18.144001,37.0,-122.0,2.175,2446974.64364,2446974.71468,102.28601,9.19827,294.19233,-7.58921,306.88433,0.00272,1.01412,21.01711,16.78748,12.692,0.03326,53.2557,0.96527,0.96766,1.0463,1.04754,0,Seen,Seen_eye,Seen_eye;Seen_binoculars;Seen_telescope;Seen_ccd,1,SCHAEFER/ODEH
273,273,1997-05-07 16:18:14.112016,-33.9,18.4,1.679,2450576.16364,2450576.19894,50.82329,4.73946,292.75887,-4.4323,287.47208,0.00252,1.00681,10.58354,9.17176,-5.28679,0.00851,58.06311,0.26912,0.26949,-0.10149,-0.10126,0,Seen,Seen_eye,Seen_eye;Seen_binoculars;Seen_telescope;Seen_ccd,1,SCHAEFER/ODEH
274,274,2001-10-17 14:13:50.015990,29.6,52.5,1.593,2452200.07897,2452200.11042,45.2877,4.63548,255.95363,-4.31567,261.61887,0.00246,0.99409,10.59022,8.95116,5.66525,0.00852,59.50843,0.27616,0.27655,-0.11936,-0.11913,0,Not_seen,Not_seen,Not_seen,0,SCHAEFER/ODEH
275,275,1872-07-06 18:09:57.888006,38.0,23.7,1.757,2404981.24008,2404981.27796,54.54479,4.60979,297.00858,-4.09047,303.04351,0.00272,1.01409,10.58509,8.70026,6.03494,0.00851,53.76869,0.24928,0.2496,-0.16046,-0.16027,0,Not_seen,Not_seen,Not_seen,0,SCHAEFER/ODEH
276,276,2001-10-17 14:14:17.663999,32.6,51.7,1.593,2452200.07929,2452200.11071,45.23209,4.46363,255.29853,-4.17344,261.48981,0.00246,0.99409,10.62346,8.63706,6.19128,0.00857,59.52243,0.27796,0.27833,-0.1497,-0.14948,0,Not_seen,Not_seen,Not_seen,0,SCHAEFER/ODEH
277,277,1978-03-11 00:47:00.959996,40.5,-89.0,2.033,2443578.49496,2443578.57977,122.12633,11.78399,265.63892,-10.29886,273.65014,0.00255,0.99111,23.47391,22.08286,8.01122,0.04138,56.20492,1.26728,1.27151,1.729,1.7311,0,Seen,Seen_eye,Seen_eye;Seen_binoculars;Seen_telescope;Seen_ccd,1,SCHAEFER/ODEH
278,278,2002-05-13 10:44:57.695996,5.0,114.9,1.448,2452407.93289,2452407.96664,48.60194,5.5593,289.32177,-5.09484,289.0165,0.00263,1.00791,10.6585,10.65414,-0.30527,0.00863,55.4613,0.2607,0.26111,0.04174,0.04198,0,Not_seen,Not_seen,Not_seen,0,SCHAEFER/ODEH
279,279,1979-01-30 02:04:29.279985,47.6,-122.3,2.086,2443903.54145,2443903.6427,145.79982,11.56349,242.11525,-10.15666,254.58841,0.0024,0.98291,25.00903,21.72015,12.47317,0.04688,59.75244,1.52635,1.53167,1.81904,1.82159,0,Seen,Seen_eye,Seen_eye;Seen_binoculars;Seen_telescope;Seen_ccd,1,SCHAEFER/ODEH
280,280,2001-10-17 14:26:34.656019,26.6,50.0,1.602,2452200.08769,2452200.11942,45.69529,4.83486,256.48588,-4.48053,261.70403,0.00246,0.99408,10.67451,9.31539,5.21815,0.00865,59.48557,0.28045,0.28086,-0.08038,-0.08014,0,Seen,Seen_eye,Seen_eye;Seen_binoculars;Seen_telescope;Seen_ccd,1,SCHAEFER/ODEH
281,281,1987-04-30 00:44:49.632002,26.7,-81.8,2.031,2446915.4962,2446915.5748,113.18875,11.74008,291.32456,-10.59758,292.34659,0.00265,1.00478,22.36073,22.33766,1.02203,0.0376,54.13255,1.10898,1.11253,1.67509,1.67689,0,Seen,Seen_eye,Seen_eye;Seen_binoculars;Seen_telescope;Seen_ccd,1,SCHAEFER/ODEH
282,282,1987-04-30 00:51:17.568018,38.9,-77.1,2.036,2446915.49588,2446915.58529,128.74703,11.32207,291.8112,-10.19564,298.23896,0.00265,1.00479,22.44632,21.51772,6.42776,0.03788,54.21107,1.119,1.12246,1.59818,1.59993,0,Seen,Seen_eye,Seen_eye;Seen_binoculars;Seen_telescope;Seen_ccd,1,SCHAEFER/ODEH
283,283,1999-01-18 14:56:06.719994,26.1,44.0,1.622,2451197.10553,2451197.14325,54.31726,5.53544,247.77081,-5.03043,249.55838,0.00257,0.98137,10.71559,10.56587,1.78757,0.00872,56.68373,0.2693,0.26973,0.03803,0.03829,0,Seen,Seen_eye,Seen_eye;Seen_binoculars;Seen_telescope;Seen_ccd,1,SCHAEFER/ODEH
284,284,1999-01-18 14:57:20.159990,26.1,43.7,1.623,2451197.10637,2451197.14412,54.36749,5.5407,247.7701,-5.03495,249.56079,0.00257,0.98137,10.72575,10.57564,1.79069,0.00874,56.68367,0.26981,0.27024,0.03932,0.03957,0,Not_seen,Not_seen,Not_seen,0,SCHAEFER/ODEH
285,285,1987-04-30 00:50:04.991989,28.0,-82.5,2.035,2446915.49935,2446915.57906,114.79091,11.74856,291.28309,-10.59791,292.89179,0.00265,1.00479,22.40356,22.34647,1.6087,0.03774,54.12917,1.11311,1.11668,1.67807,1.67988,0,Not_seen,Not_seen,Not_seen,0,SCHAEFER/ODEH
286,286,2004-11-13 10:17:03.264000,4.9,114.8,1.429,2453322.91577,2453322.94443,41.26991,4.45921,245.96849,-4.34497,252.16138,0.00243,0.98709,10.76057,8.80418,6.19289,0.00879,60.16624,0.28824,0.28863,-0.12688,-0.12665,0,Not_seen,Not_seen,Not_seen,0,SCHAEFER/ODEH
287,287,2001-10-17 14:42:25.056014,24.6,46.5,1.613,2452200.09854,2452200.13061,46.18542,4.98698,256.77957,-4.60627,261.73792,0.00246,0.99408,10.7962,9.59325,4.95835,0.00885,59.46487,0.28677,0.2872,-0.04885,-0.0486,0,Not_seen,Not_seen,Not_seen,0,SCHAEFER/ODEH
288,288,1881-03-30 19:08:53.376011,51.5,-2.6,1.798,2408170.27439,2408170.32715,75.97847,5.55059,281.58798,-5.16971,283.15719,0.00253,0.99706,10.8342,10.72029,1.56921,0.00891,57.55181,0.27949,0.27994,0.05954,0.0598,0,Seen,Seen_eye,Seen_eye;Seen_binoculars;Seen_telescope;Seen_ccd,1,SCHAEFER/ODEH
289,289,1987-04-30 01:03:38.879990,36.2,-81.7,2.044,2446915.50551,2446915.59257,125.36986,11.53268,291.50156,-10.37926,296.7855,0.00265,1.00479,22.5324,21.91194,5.28394,0.03817,54.16677,1.12656,1.13011,1.64143,1.64323,0,Seen,Seen_eye,Seen_eye;Seen_binoculars;Seen_telescope;Seen_ccd,1,SCHAEFER/ODEH
290,290,1978-03-11 01:05:48.480012,41.6,-93.6,2.046,2443578.50738,2443578.5936,124.16262,11.77599,265.39346,-10.29604,273.91816,0.00255,0.99111,23.64172,22.07203,8.52469,0.04196,56.19696,1.28503,1.28931,1.73671,1.73883,0,Seen,Seen_eye,Seen_eye;Seen_binoculars;Seen_telescope;Seen_ccd,1,SCHAEFER/ODEH
291,291,1979-01-30 02:23:49.632010,37.8,-122.4,2.1,2443903.55893,2443903.65108,132.68951,12.73538,247.66505,-11.03022,255.87419,0.0024,0.98292,25.12387,23.7656,8.20914,0.0473,59.48272,1.53322,1.53907,2.02688,2.02969,0,Seen,Seen_eye,Seen_eye;Seen_binoculars;Seen_telescope;Seen_ccd,1,SCHAEFER/ODEH
292,292,1978-01-09 22:27:43.488007,38.9,-76.9,0.936,2443518.41563,2443518.46127,65.72002,5.65372,243.87279,-5.07589,245.6322,0.0024,0.9811,10.87249,10.72962,1.75941,0.00898,60.70426,0.29688,0.2974,0.07077,0.07108,0,Seen,Seen_eye,Seen_eye;Seen_binoculars;Seen_telescope;Seen_ccd,1,SCHAEFER/ODEH
293,293,1987-04-30 01:09:08.928009,33.7,-84.4,2.048,2446915.51028,2446915.5952,122.2853,11.67424,291.33307,-10.50511,295.52501,0.00265,1.00479,22.5671,22.17935,4.19195,0.03828,54.1375,1.12938,1.13298,1.6696,1.67142,0,Not_seen,Not_seen,Not_seen,0,SCHAEFER/ODEH
294,294,2002-04-13 19:22:22.944020,30.5,-9.7,1.807,2452378.29246,2452378.32566,47.81145,4.87332,277.93194,-4.47487,283.41901,0.00269,1.00024,10.83648,9.34819,5.48707,0.00892,54.35074,0.26406,0.26441,-0.08685,-0.08664,0,Not_seen,Not_seen,Not_seen,0,SCHAEFER/ODEH
295,295,2001-01-25 14:19:45.984005,29.6,52.5,1.597,2451935.08168,2451935.11627,49.80817,4.76968,245.14533,-4.50419,250.85246,0.00272,0.98193,10.88598,9.27387,5.70713,0.009,53.77314,0.26364,0.26398,-0.09454,-0.09433,0,Seen,Seen_eye,Seen_eye;Seen_binoculars;Seen_telescope;Seen_ccd,1,SCHAEFER/ODEH
296,296,2001-01-25 14:17:15.647987,32.6,51.7,1.595,2451935.07993,2451935.11455,49.84821,4.56959,244.10002,-4.34822,250.36543,0.00272,0.98193,10.8951,8.91781,6.2654,0.00901,53.78836,0.26415,0.26448,-0.12984,-0.12964,0,Seen,Seen_eye,Seen_eye;Seen_binoculars;Seen_telescope;Seen_ccd,1,SCHAEFER/ODEH
297,297,1987-04-30 01:19:54.336015,33.0,-87.4,2.055,2446915.51788,2446915.6025,121.85074,11.74491,291.30648,-10.56945,295.21803,0.00265,1.00479,22.65029,22.31437,3.91155,0.03856,54.12016,1.13725,1.14089,1.68708,1.68892,0,Not_seen,Not_seen,Not_seen,0,SCHAEFER/ODEH
298,298,1970-04-08 01:26:08.448007,44.5,-88.0,2.06,2440684.51505,2440684.61579,145.058,12.12305,285.11816,-11.0469,291.44492,0.00253,0.99904,24.00675,23.16995,6.32676,0.04325,56.71224,1.33657,1.3412,1.8719,1.87418,0,Seen,Seen_eye,Seen_eye;Seen_binoculars;Seen_telescope;Seen_ccd,1,SCHAEFER/ODEH
299,299,2004-04-20 14:38:01.536019,27.3,62.4,1.61,2453116.09298,2453116.13068,54.29099,5.64088,284.41,-5.18429,286.09797,0.00268,1.00229,10.95559,10.82517,1.68797,0.00911,54.4895,0.27057,0.27099,0.06472,0.06497,0,Not_seen,Not_seen,Not_seen,0,SCHAEFER/ODEH
300,300,1920-04-19 18:42:17.568010,43.5,7.0,1.779,2422434.26014,2422434.30341,62.31662,5.15473,285.70392,-4.77107,290.44603,0.00243,1.00254,10.99784,9.92579,4.74212,0.00918,59.98055,0.30013,0.3006,-0.00769,-0.00741,0,Seen,Seen_eye,Seen_eye;Seen_binoculars;Seen_telescope;Seen_ccd,1,SCHAEFER/ODEH
301,301,1987-04-30 01:24:51.551985,30.0,-90.1,2.059,2446915.52237,2446915.60463,118.45037,11.85595,291.26566,-10.68105,293.84623,0.00265,1.0048,22.68235,22.537,2.58058,0.03867,54.09664,1.13993,1.14362,1.7107,1.71256,0,Seen,Seen_eye,Seen_eye;Seen_binoculars;Seen_telescope;Seen_ccd,1,SCHAEFER/ODEH
302,302,1978-01-09 22:46:24.960017,36.0,-79.8,0.949,2443518.42915,2443518.47358,63.97412,5.7872,245.23567,-5.18088,246.42157,0.0024,0.9811,11.0318,10.96808,1.1859,0.00924,60.68404,0.30552,0.30606,0.09972,0.10004,0,Seen,Seen_eye,Seen_eye;Seen_binoculars;Seen_telescope;Seen_ccd,1,SCHAEFER/ODEH
303,303,1987-04-30 01:31:33.311986,42.7,-84.5,2.064,2446915.52137,2446915.61635,136.77789,11.18014,292.50228,-10.07717,300.75925,0.00265,1.0048,22.78728,21.25731,8.25697,0.03903,54.22464,1.15308,1.15661,1.58936,1.59114,0,Seen,Seen_eye,Seen_eye;Seen_binoculars;Seen_telescope;Seen_ccd,1,SCHAEFER/ODEH
304,304,2000-09-28 15:56:07.008010,26.2,32.7,1.664,2451816.14938,2451816.18221,47.27324,5.16447,264.82818,-4.7145,269.73901,0.00252,0.99936,11.02952,9.87897,4.91084,0.00924,57.93511,0.29156,0.292,-0.01744,-0.01718,0,Seen,Seen_eye,Seen_eye;Seen_binoculars;Seen_telescope;Seen_ccd,1,SCHAEFER/ODEH
305,305,1978-01-09 22:56:07.295985,34.0,-81.1,0.956,2443518.43627,2443518.47985,62.76032,5.85422,246.10051,-5.23448,246.86784,0.0024,0.9811,11.11513,11.08869,0.76733,0.00938,60.67364,0.31008,0.31064,0.11448,0.11481,0,Seen,Seen_eye,Seen_eye;Seen_binoculars;Seen_telescope;Seen_ccd,1,SCHAEFER/ODEH
306,306,1987-04-30 01:39:25.920004,40.8,-87.7,2.069,2446915.52773,2446915.62069,133.86528,11.36812,292.10902,-10.23525,299.56237,0.00265,1.0048,22.8384,21.60337,7.45335,0.0392,54.18663,1.15738,1.16098,1.62614,1.62795,0,Not_seen,Not_seen,Not_seen,0,SCHAEFER/ODEH
307,307,2001-10-17 15:30:39.456005,-4.0,39.7,1.646,2452200.13137,2452200.16494,48.34712,5.80955,260.79895,-5.28328,260.12937,0.00246,0.99408,11.11295,11.09282,-0.66958,0.00938,59.36246,0.30326,0.30379,0.11087,0.11118,0,Seen,Seen_eye,Seen_eye;Seen_binoculars;Seen_telescope;Seen_ccd,1,SCHAEFER/ODEH
308,308,2001-01-25 14:52:58.368008,24.6,46.5,1.62,2451935.10445,2451935.13971,50.77831,5.18065,246.67865,-4.82701,251.46688,0.00272,0.98194,11.09152,10.00766,4.78823,0.00934,53.74115,0.27349,0.27388,-0.01529,-0.01506,0,Not_seen,Not_seen,Not_seen,0,SCHAEFER/ODEH
309,309,1999-03-18 14:59:08.160008,29.6,52.2,1.624,2451256.10911,2451256.14351,49.53509,5.15467,266.56365,-4.78321,271.60438,0.00244,0.99292,11.1403,9.93787,5.04073,0.00942,59.8856,0.30744,0.30792,-0.00216,-0.00188,0,Seen,Seen_eye,Seen_eye;Seen_binoculars;Seen_telescope;Seen_ccd,1,SCHAEFER/ODEH
310,310,1978-01-09 23:05:15.936019,29.9,-81.3,0.962,2443518.44345,2443518.48515,60.0415,5.91559,247.70711,-5.27802,247.56213,0.0024,0.9811,11.19455,11.19361,-0.14498,0.00951,60.66395,0.31447,0.31504,0.12755,0.12789,0,Seen,Seen_eye,Seen_eye;Seen_binoculars;Seen_telescope;Seen_ccd,1,SCHAEFER/ODEH
311,311,1978-01-09 23:03:42.623992,41.9,-87.6,0.961,2443518.43916,2443518.48809,70.45435,5.742,242.18423,-5.15077,244.8212,0.0024,0.9811,11.20647,10.89277,2.63697,0.00953,60.68321,0.31523,0.31579,0.09792,0.09825,0,Seen,Seen_eye,Seen_eye;Seen_binoculars;Seen_telescope;Seen_ccd,1,SCHAEFER/ODEH
312,312,2001-10-17 15:19:16.031992,31.9,35.8,1.638,2452200.12388,2452200.15649,46.96012,4.68922,255.03504,-4.36836,261.60532,0.00246,0.99408,11.18562,9.05759,6.57028,0.0095,59.47435,0.30781,0.30824,-0.08997,-0.08972,0,Not_seen,Not_seen,Not_seen,0,SCHAEFER/ODEH
313,313,1978-01-09 23:09:23.904016,33.9,-84.3,0.965,2443518.44532,2443518.48928,63.30107,5.91947,246.12408,-5.28587,246.92379,0.0024,0.98111,11.23375,11.20534,0.79971,0.00958,60.66216,0.31666,0.31723,0.13002,0.13036,0,Seen,Seen_eye,Seen_eye;Seen_binoculars;Seen_telescope;Seen_ccd,1,SCHAEFER/ODEH
314,314,1984-05-31 16:25:30.431999,15.6,35.6,1.684,2445852.16749,2445852.20549,54.71569,5.82722,293.78198,-5.35934,294.64201,0.00255,1.01162,11.21946,11.18656,0.86003,0.00956,57.1534,0.29758,0.29809,0.11688,0.11718,0,Not_seen,Not_seen,Not_seen,0,SCHAEFER/ODEH
315,315,1978-01-09 23:09:38.592007,43.0,-89.8,0.965,2443518.44283,2443518.49279,71.94611,5.73553,241.52207,-5.14422,244.44825,0.0024,0.98111,11.26523,10.87974,2.92618,0.00963,60.68195,0.31853,0.31909,0.09856,0.09889,0,Seen,Seen_eye,Seen_eye;Seen_binoculars;Seen_telescope;Seen_ccd,1,SCHAEFER/ODEH
316,316,1987-04-30 01:56:25.440002,30.3,-97.7,2.081,2446915.54378,2446915.62718,120.08395,11.97959,291.27522,-10.78488,294.06908,0.00265,1.00481,22.93301,22.76447,2.79386,0.03952,54.06176,1.16417,1.16797,1.74567,1.74758,0,Seen,Seen_eye,Seen_eye;Seen_binoculars;Seen_telescope;Seen_ccd,1,SCHAEFER/ODEH
317,317,1999-03-18 15:04:28.703994,36.0,50.8,1.628,2451256.11257,2451256.14755,50.36816,4.83201,265.84867,-4.52416,272.09321,0.00244,0.99293,11.24479,9.35617,6.24454,0.0096,59.9163,0.31338,0.31384,-0.05683,-0.05656,0,Seen,Seen_eye,Seen_eye;Seen_binoculars;Seen_telescope;Seen_ccd,1,SCHAEFER/ODEH
318,318,1978-01-09 23:15:07.776019,27.7,-82.7,0.969,2443518.45065,2443518.49157,58.92667,5.95894,248.47687,-5.30798,247.85561,0.0024,0.98111,11.28398,11.26692,-0.62126,0.00967,60.65593,0.31945,0.32004,0.13782,0.13817,0,Seen,Seen_eye,Seen_eye;Seen_binoculars;Seen_telescope;Seen_ccd,1,SCHAEFER/ODEH
319,319,1921-02-10 01:46:00.767993,32.2,-110.0,2.074,2422730.53934,2422730.61647,111.05988,11.96631,257.88521,-10.11605,259.07338,0.00267,0.9845,22.1139,22.08236,1.18817,0.03678,53.6711,1.07568,1.07917,1.63262,1.6344,0,Seen,Seen_eye,Seen_eye;Seen_binoculars;Seen_telescope;Seen_ccd,1,SCHAEFER/ODEH
320,320,1921-02-10 01:49:57.503985,35.2,-111.7,2.076,2422730.54089,2422730.62069,114.92378,11.91929,256.78293,-10.09544,259.22192,0.00267,0.9845,22.14773,22.01472,2.439,0.03689,53.68141,1.07914,1.08262,1.62762,1.6294,0,Seen,Seen_eye,Seen_eye;Seen_binoculars;Seen_telescope;Seen_ccd,1,SCHAEFER/ODEH
321,321,1987-04-30 02:06:04.319985,41.6,-93.7,2.088,2446915.54545,2446915.64017,136.39983,11.40525,292.25323,-10.26399,300.17197,0.00265,1.00481,23.05443,21.66924,7.91874,0.03993,54.17089,1.17874,1.18241,1.64347,1.64531,0,Not_seen,Not_seen,Not_seen,0,SCHAEFER/ODEH
322,322,1999-03-18 15:22:37.343996,24.6,46.5,1.641,2451256.12524,2451256.16005,50.11459,5.49712,267.17235,-5.06106,271.25969,0.00244,0.99293,11.31963,10.55819,4.08734,0.00973,59.85761,0.31724,0.31777,0.06564,0.06595,0,Seen,Seen_eye,Seen_eye;Seen_binoculars;Seen_telescope;Seen_ccd,1,SCHAEFER/ODEH
323,323,2003-05-02 15:17:26.304001,27.7,54.4,1.637,2452762.11987,2452762.15866,55.86085,5.69916,287.22897,-5.19809,290.39609,0.00271,1.00522,11.34681,10.89725,3.16712,0.00977,53.74623,0.28621,0.28666,0.08122,0.08148,0,Not_seen,Not_seen,Not_seen,0,SCHAEFER/ODEH
324,324,2000-07-02 16:03:41.472010,-32.4,20.8,1.669,2451728.1517,2451728.19113,56.78125,5.05416,300.01207,-4.79031,294.2554,0.00239,1.0144,11.40048,9.84446,-5.75667,0.00987,61.02795,0.32806,0.32857,0.00064,0.00094,0,Seen,Seen_eye,Seen_eye;Seen_binoculars;Seen_telescope;Seen_ccd,1,SCHAEFER/ODEH
325,325,2003-01-03 18:22:37.343996,-33.9,18.4,1.766,2452643.24759,2452643.28834,58.68195,5.19775,244.0456,-4.70197,238.40799,0.00253,0.98085,11.38892,9.89973,-5.6376,0.00985,57.61922,0.30911,0.30958,-0.00499,-0.00471,0,Seen,Seen_eye,Seen_eye;Seen_binoculars;Seen_telescope;Seen_ccd,1,SCHAEFER/ODEH
326,326,2004-04-20 15:31:45.983989,32.8,51.0,1.647,2453116.12895,2453116.1697,58.68369,5.73968,284.72899,-5.26931,287.65885,0.00268,1.0023,11.39102,11.00899,2.92985,0.00985,54.46714,0.29231,0.29277,0.096,0.09628,0,Seen,Seen_eye,Seen_eye;Seen_binoculars;Seen_telescope;Seen_ccd,1,SCHAEFER/ODEH
327,327,1978-01-09 23:29:03.263984,41.6,-93.6,0.979,2443518.45649,2443518.50604,71.35194,5.86112,242.30859,-5.24889,245.01244,0.0024,0.98111,11.43329,11.11001,2.70385,0.00992,60.66203,0.32797,0.32856,0.12714,0.12748,0,Seen,Seen_eye,Seen_eye;Seen_binoculars;Seen_telescope;Seen_ccd,1,SCHAEFER/ODEH
328,328,1922-05-27 16:08:36.096000,-33.9,18.5,1.673,2423202.15438,2423202.19546,59.15847,5.48431,296.84051,-4.97921,292.30729,0.00256,1.01098,11.40077,10.46351,-4.53321,0.00987,57.06228,0.30676,0.30724,0.05,0.05029,0,Seen,Seen_eye,Seen_eye;Seen_binoculars;Seen_telescope;Seen_ccd,1,SCHAEFER/ODEH
329,329,2002-09-07 22:30:06.048006,10.7,-61.5,0.938,2452525.42247,2452525.45645,48.91971,5.87087,274.6708,-5.30928,277.00488,0.0024,1.00526,11.42044,11.18015,2.33409,0.0099,60.79408,0.32794,0.32854,0.13414,0.13449,0,Seen,Seen_eye,Seen_eye;Seen_binoculars;Seen_telescope;Seen_ccd,1,SCHAEFER/ODEH
330,330,2001-07-21 15:57:10.080007,32.6,51.7,1.665,2452112.14899,2452112.18433,50.88285,4.75284,290.54725,-4.28438,297.52994,0.0024,1.01369,11.4161,9.03722,6.98268,0.00989,60.85686,0.32803,0.32852,-0.0801,-0.07982,0,Seen,Seen_eye,Seen_eye;Seen_binoculars;Seen_telescope;Seen_ccd,1,SCHAEFER/ODEH
331,331,2002-11-05 17:38:56.831997,-33.9,18.4,1.735,2452584.2179,2452584.25722,56.62299,5.29203,252.58614,-4.87504,247.28675,0.00241,0.98909,11.46206,10.16707,-5.29939,0.00997,60.50014,0.32873,0.32927,0.03329,0.03361,0,Seen,Seen_eye,Seen_eye;Seen_binoculars;Seen_telescope;Seen_ccd,1,SCHAEFER/ODEH
332,332,1987-04-30 02:22:41.376013,30.6,-104.0,2.099,2446915.56159,2446915.64597,121.5123,12.07928,291.28322,-10.87022,294.28052,0.00265,1.00481,23.14178,22.9495,2.9973,0.04023,54.03321,1.18455,1.18845,1.77441,1.77636,0,Seen,Seen_eye,Seen_eye;Seen_binoculars;Seen_telescope;Seen_ccd,1,SCHAEFER/ODEH
333,333,1999-10-10 11:14:55.680007,5.3,102.9,1.469,2451461.95351,2451461.98769,49.21119,6.00365,263.09276,-5.41241,263.88327,0.00266,0.99606,11.44331,11.41606,0.79051,0.00994,54.82333,0.29692,0.29741,0.13944,0.13973,0,Seen,Seen_eye,Seen_eye;Seen_binoculars;Seen_telescope;Seen_ccd,1,SCHAEFER/ODEH
334,334,1978-01-09 23:39:39.167998,30.9,-90.2,0.986,2443518.46663,2443518.50992,62.33944,6.08489,247.29434,-5.41532,247.50666,0.0024,0.98111,11.50216,11.50021,0.21231,0.01004,60.63373,0.33176,0.33238,0.16839,0.16875,0,Seen,Seen_eye,Seen_eye;Seen_binoculars;Seen_telescope;Seen_ccd,1,SCHAEFER/ODEH
335,335,1970-06-06 02:08:43.295988,28.0,-97.0,2.089,2440743.55385,2440743.63381,115.14225,11.51878,294.68028,-9.87693,302.29698,0.00266,1.01237,22.69586,21.39571,7.6167,0.03872,54.01255,1.1395,1.14307,1.59635,1.59815,0,Seen,Seen_eye,Seen_eye;Seen_binoculars;Seen_telescope;Seen_ccd,1,SCHAEFER/ODEH
336,336,1921-02-10 02:16:36.768013,34.2,-118.0,2.095,2422730.55948,2422730.6391,114.6445,12.05457,257.16884,-10.19911,259.24825,0.00267,0.98451,22.34938,22.25368,2.07941,0.03756,53.66125,1.09822,1.1018,1.66123,1.66305,0,Seen,Seen_eye,Seen_eye;Seen_binoculars;Seen_telescope;Seen_ccd,1,SCHAEFER/ODEH
337,337,1970-06-06 02:09:26.495995,26.3,-98.2,2.09,2440743.55464,2440743.63396,114.21621,11.63754,294.63835,-10.00663,301.49602,0.00266,1.01237,22.69201,21.64417,6.85767,0.0387,53.9894,1.13863,1.14223,1.62075,1.62258,0,Seen,Seen_eye,Seen_eye;Seen_binoculars;Seen_telescope;Seen_ccd,1,SCHAEFER/ODEH
338,338,1978-01-09 23:41:24.575996,30.0,-90.2,0.987,2443518.46803,2443518.51091,61.75411,6.09568,247.63189,-5.42209,247.63697,0.0024,0.98111,11.51777,11.51777,0.00508,0.01007,60.63193,0.33265,0.33327,0.17066,0.17103,0,Seen,Seen_eye,Seen_eye;Seen_binoculars;Seen_telescope;Seen_ccd,1,SCHAEFER/ODEH
339,339,2000-02-06 14:24:17.280019,36.2,51.7,1.6,2451581.08312,2451581.12155,55.34414,5.04205,247.93824,-4.71935,253.96199,0.00264,0.98355,11.46658,9.76141,6.02375,0.00998,55.37308,0.30111,0.30154,-0.02355,-0.02329,0,Seen,Seen_eye,Seen_eye;Seen_binoculars;Seen_telescope;Seen_ccd,1,SCHAEFER/ODEH
340,340,1997-12-30 15:09:26.784011,31.3,35.2,1.632,2450813.1122,2450813.15575,62.71408,5.98371,244.12515,-5.36468,246.12411,0.00251,0.98091,11.52253,11.3484,1.99896,0.01008,58.16359,0.31937,0.31993,0.14592,0.14625,0,Seen,Seen_eye,Seen_eye;Seen_binoculars;Seen_telescope;Seen_ccd,1,SCHAEFER/ODEH
341,341,1997-12-30 15:11:52.799996,31.3,34.6,1.633,2450813.11386,2450813.15749,62.81954,5.99473,244.11982,-5.37255,246.12915,0.00251,0.98091,11.54293,11.36728,2.00933,0.01011,58.16324,0.3205,0.32106,0.14847,0.14881,0,Not_seen,Not_seen,Not_seen,0,SCHAEFER/ODEH
342,342,2003-05-02 15:36:32.832001,32.6,51.7,1.65,2452762.13245,2452762.1728,58.10633,5.59538,287.65472,-5.10563,291.91586,0.00271,1.00523,11.51589,10.701,4.26114,0.01007,53.75739,0.29484,0.29529,0.0667,0.06697,0,Seen,Seen_eye,Seen_eye;Seen_binoculars;Seen_telescope;Seen_ccd,1,SCHAEFER/ODEH
343,343,2002-01-14 14:44:41.568007,24.6,46.5,1.614,2452289.09861,2452289.13407,51.07305,5.02446,242.58847,-4.7674,248.77243,0.00267,0.98105,11.57707,9.79186,6.18397,0.01017,54.69574,0.30317,0.30359,-0.01929,-0.01904,0,Not_seen,Not_seen,Not_seen,0,SCHAEFER/ODEH
344,344,1942-12-08 21:52:23.231995,40.7,-74.0,0.911,2430702.39127,2430702.43652,65.15983,5.24488,238.13311,-4.82825,243.97207,0.00239,0.9826,11.63928,10.07313,5.83896,0.01028,60.9567,0.3415,0.34205,0.03139,0.03171,0,Seen,Seen_eye,Seen_eye;Seen_binoculars;Seen_telescope;Seen_ccd,1,SCHAEFER/ODEH
345,345,1990-04-27 00:50:48.191996,41.6,-73.7,2.035,2448008.48781,2448008.59462,153.8078,12.80875,291.8054,-11.61908,300.37807,0.0024,1.00436,25.86666,24.42783,8.57267,0.05009,59.526,1.62484,1.63108,2.13683,2.1398,0,Not_seen,Not_seen,Not_seen,0,SCHAEFER/ODEH
346,346,2003-06-30 19:19:36.191998,32.5,3.7,1.805,2452821.28618,2452821.32916,61.88783,5.58182,296.62909,-5.03876,301.62193,0.00263,1.01413,11.73257,10.62058,4.99284,0.01045,55.51008,0.31597,0.31647,0.07114,0.07143,0,Not_seen,Not_seen,Not_seen,0,SCHAEFER/ODEH
347,347,1921-08-04 16:31:49.727991,-33.9,18.5,1.689,2422906.16919,2422906.21325,63.45067,6.25386,286.75282,-5.52595,287.12873,0.00239,1.01207,11.78579,11.77981,0.37591,0.01054,60.92727,0.34995,0.35063,0.207,0.2074,0,Seen,Seen_eye,Seen_eye;Seen_binoculars;Seen_telescope;Seen_ccd,1,SCHAEFER/ODEH
348,348,1976-12-21 22:43:39.936007,43.8,-87.7,0.947,2443134.42428,2443134.47538,73.58907,5.56708,237.01895,-5.07213,242.08133,0.00245,0.9813,11.77907,10.63921,5.06238,0.01053,59.6323,0.34212,0.3427,0.08836,0.0887,0,Seen,Seen_eye,Seen_eye;Seen_binoculars;Seen_telescope;Seen_ccd,1,SCHAEFER/ODEH
349,349,1976-12-21 22:54:06.335989,29.9,-81.3,0.954,2443134.43464,2443134.47873,63.48005,6.15021,244.29936,-5.50936,246.07466,0.00245,0.9813,11.79348,11.65957,1.7753,0.01055,59.5654,0.34258,0.34321,0.19066,0.19104,0,Seen,Seen_eye,Seen_eye;Seen_binoculars;Seen_telescope;Seen_ccd,1,SCHAEFER/ODEH
350,350,1978-01-11 00:44:25.440018,29.7,-98.1,2.031,2443519.49102,2443519.58065,129.06744,13.55313,246.6748,-11.53448,251.24211,0.00243,0.98132,25.49328,25.08761,4.56731,0.04868,58.64566,1.55569,1.56191,2.16985,2.17282,0,Seen,Seen_eye,Seen_eye;Seen_binoculars;Seen_telescope;Seen_ccd,1,SCHAEFER/ODEH
351,351,1999-03-18 16:08:25.728002,31.9,35.2,1.673,2451256.1562,2451256.19291,52.84845,5.38748,266.36389,-4.98205,271.98488,0.00244,0.99294,11.79135,10.36953,5.62098,0.01055,59.87881,0.34425,0.34482,0.06264,0.06297,0,Seen,Seen_eye,Seen_eye;Seen_binoculars;Seen_telescope;Seen_ccd,1,SCHAEFER/ODEH
352,352,1978-03-11 02:51:02.592012,50.3,-119.3,2.119,2443578.57537,2443578.67304,140.65624,11.31862,263.49571,-9.95301,275.93802,0.00256,0.99115,24.60665,21.27163,12.44231,0.04541,56.23477,1.39135,1.39582,1.70888,1.71106,0,Seen,Seen_eye,Seen_eye;Seen_binoculars;Seen_telescope;Seen_ccd,1,SCHAEFER/ODEH
353,353,2002-08-09 15:43:59.519982,32.6,51.7,1.656,2452496.13913,2452496.17606,53.18655,5.20632,285.63594,-4.66935,292.0872,0.00243,1.0114,11.79167,9.87566,6.45126,0.01055,59.956,0.34472,0.34526,0.01353,0.01385,0,Seen,Seen_eye,Seen_eye;Seen_binoculars;Seen_telescope;Seen_ccd,1,SCHAEFER/ODEH
354,354,1995-09-25 17:07:30.719999,-33.9,18.4,1.714,2449986.19474,2449986.23707,60.96429,6.13718,266.49769,-5.61135,265.17332,0.00252,1.00042,11.82268,11.74853,-1.32437,0.01061,57.89997,0.33464,0.33524,0.19491,0.19526,0,Not_seen,Not_seen,Not_seen,0,SCHAEFER/ODEH
355,355,2003-05-02 16:10:20.639992,38.2,46.0,1.674,2452762.15487,2452762.19757,61.48003,5.45227,288.50751,-4.97864,294.04795,0.00271,1.00524,11.80741,10.43091,5.54044,0.01058,53.77313,0.30999,0.31045,0.04865,0.04892,0,Seen,Seen_eye,Seen_eye;Seen_binoculars;Seen_telescope;Seen_ccd,1,SCHAEFER/ODEH
356,356,1987-04-30 03:17:57.407996,40.7,-111.9,2.137,2446915.59487,2446915.69073,138.03575,11.75135,292.06255,-10.55586,299.87542,0.00265,1.00483,23.61933,22.30721,7.81287,0.04189,54.08066,1.23432,1.23828,1.73506,1.73703,0,Seen,Seen_eye,Seen_eye;Seen_binoculars;Seen_telescope;Seen_ccd,1,SCHAEFER/ODEH
357,357,1876-06-22 18:16:43.103994,38.0,23.7,1.762,2406428.24044,2406428.28807,68.57988,5.63632,299.86351,-5.05178,305.16761,0.00239,1.01426,11.92839,10.6881,5.3041,0.0108,61.01777,0.35897,0.3596,0.1031,0.10347,0,Not_seen,Not_seen,Not_seen,0,SCHAEFER/ODEH
358,358,2000-01-07 22:20:12.479992,10.0,-61.5,1.931,2451551.41357,2451551.45211,55.48956,6.2915,248.29611,-5.61762,248.22766,0.00269,0.98074,11.90932,11.90912,-0.06844,0.01076,54.13263,0.31745,0.318,0.20087,0.20119,0,Not_seen,Not_seen,Not_seen,0,SCHAEFER/ODEH
359,359,2004-03-22 00:01:43.679985,36.8,-81.8,2.001,2453086.48343,2453086.52343,57.60003,5.57838,269.40526,-5.11451,274.69043,0.00262,0.99393,11.92432,10.69289,5.28518,0.01079,55.75025,0.32776,0.32828,0.08531,0.08561,0,Seen,Seen_eye,Seen_eye;Seen_binoculars;Seen_telescope;Seen_ccd,1,SCHAEFER/ODEH
360,360,1976-12-21 23:05:17.663991,42.0,-91.6,0.962,2443134.43952,2443134.49013,72.86795,5.75114,238.1538,-5.22,242.91748,0.00245,0.9813,11.95779,10.97114,4.76368,0.01085,59.60363,0.35238,0.35299,0.12756,0.12791,0,Seen,Seen_eye,Seen_eye;Seen_binoculars;Seen_telescope;Seen_ccd,1,SCHAEFER/ODEH
361,361,2000-02-06 15:23:22.272016,36.2,37.2,1.641,2451581.12343,2451581.16348,57.6811,5.28101,247.92362,-4.9218,254.12688,0.00264,0.98356,11.9363,10.2028,6.20325,0.01081,55.37041,0.32618,0.32666,0.03537,0.03565,0,Not_seen,Not_seen,Not_seen,0,SCHAEFER/ODEH
362,362,1954-03-07 00:49:11.423983,44.5,-88.0,2.034,2434808.487,2434808.5931,152.78515,13.70277,269.13886,-12.06829,274.08691,0.00241,0.9903,26.23378,25.77106,4.94805,0.0515,59.18207,1.66082,1.66759,2.28822,2.29143,0,Seen,Seen_eye,Seen_eye;Seen_binoculars;Seen_telescope;Seen_ccd,1,SCHAEFER/ODEH
363,363,2004-01-22 18:19:46.271980,-33.9,18.4,1.764,2453027.24555,2453027.28646,58.90368,5.47665,248.4797,-4.89048,242.28234,0.00247,0.9818,12.07388,10.36712,-6.19736,0.01106,59.10838,0.35624,0.35683,0.06941,0.06975,0,Seen,Seen_eye,Seen_eye;Seen_binoculars;Seen_telescope;Seen_ccd,1,SCHAEFER/ODEH
364,364,2001-10-17 17:22:08.544004,10.3,9.8,1.724,2452200.20775,2452200.24367,51.72677,6.15751,258.41417,-5.58487,261.36891,0.00246,0.99406,12.10715,11.74238,2.95474,0.01112,59.27347,0.3592,0.35987,0.20867,0.20905,0,Seen,Seen_eye,Seen_eye;Seen_binoculars;Seen_telescope;Seen_ccd,1,SCHAEFER/ODEH
365,365,1987-04-30 03:49:54.623990,37.0,-122.0,2.16,2446915.61843,2446915.7112,133.58895,12.14304,291.56384,-10.89497,297.79131,0.00265,1.00484,23.85378,23.03802,6.22747,0.04271,53.99222,1.25654,1.26069,1.81919,1.82125,0,Seen,Seen_eye,Seen_eye;Seen_binoculars;Seen_telescope;Seen_ccd,1,SCHAEFER/ODEH
