Index,Date,Latitude,Longitude,Moon Age,Sunset,Moonset,Lag,Moon Alt,Moon Az,Sun Alt,Sun Az,Moon-Earth Dist,Sun-Moon Dist,ARCL,ARCV,DAZ,Illumination,Parallax,W,W',q,q',Cloud Level,Seen,Method,Methods,Visibility
0,2452613.10949,30.9,35.8,0.609,2452613.10734,2452613.11218,6.96667,0.13989,241.63012,-1.43197,244.73804,0.00245,0.98317,3.48254,1.57186,3.10793,0.00092,59.88102,0.03013,0.03013,-1.00754,-1.00754,0,Not_seen,Not_seen,Not_seen,0
1,2451226.1207,33.3,44.4,0.621,2451226.11632,2451226.12618,14.2,0.9595,254.70547,-2.11218,256.59669,0.00251,0.98547,3.60704,3.07168,1.89123,0.00099,58.34475,0.03149,0.0315,-0.8567,-0.8567,0,Not_seen,Not_seen,Not_seen,0
2,2452229.07185,24.3,54.3,0.572,2452229.06693,2452229.07799,15.91667,1.27821,250.26974,-2.34938,250.63814,0.00251,0.98658,3.64624,3.62759,0.3684,0.00101,58.43899,0.03223,0.03224,-0.80065,-0.80064,0,Not_seen,Not_seen,Not_seen,0
3,2452229.11494,31.9,35.8,0.615,2452229.10924,2452229.12207,18.48333,1.40984,248.11077,-2.46171,249.5561,0.00251,0.98657,4.13242,3.87155,1.44533,0.0013,58.40873,0.04137,0.04139,-0.77052,-0.77051,0,Not_seen,Not_seen,Not_seen,0
4,2453145.15655,29.4,48.0,0.657,2453145.14986,2453145.16492,21.68333,1.70959,294.96866,-2.74801,294.75928,0.00271,1.00924,4.46251,4.4576,-0.20938,0.00152,54.11334,0.04469,0.04472,-0.70984,-0.70982,0,Not_seen,Not_seen,Not_seen,0
5,2452170.04835,4.1,73.3,0.548,2452170.04527,2452170.05221,10.0,0.76094,275.92425,-1.94247,272.2482,0.0024,1.00262,4.56265,2.70341,-3.67605,0.00158,61.09412,0.05275,0.05276,-0.88022,-0.88021,0,Not_seen,Not_seen,Not_seen,0
6,2452613.21169,10.3,9.8,0.712,2452613.20668,2452613.21796,16.25,1.37631,245.39222,-2.47567,247.80121,0.00245,0.98315,4.54293,3.85198,2.40899,0.00157,59.80559,0.05119,0.05121,-0.76634,-0.76632,0,Not_seen,Not_seen,Not_seen,0
7,2452170.11863,26.6,50.0,0.619,2452170.11271,2452170.12603,19.18333,1.73936,274.90729,-2.73764,273.69627,0.0024,1.0026,4.63781,4.47701,-1.21102,0.00164,61.05036,0.05446,0.05449,-0.70179,-0.70177,0,Not_seen,Not_seen,Not_seen,0
8,2452613.23445,6.5,3.4,0.734,2452613.22887,2452613.24144,18.1,1.62265,245.72316,-2.68367,247.87143,0.00245,0.98315,4.81216,4.30632,2.14827,0.00176,59.78557,0.05742,0.05744,-0.71702,-0.717,0,Not_seen,Not_seen,Not_seen,0
9,2445703.14228,15.6,35.6,0.642,2445703.13793,2445703.14772,14.1,1.06431,243.30542,-2.21893,246.86898,0.00266,0.98063,4.84498,3.28324,3.56356,0.00179,55.0339,0.05358,0.05359,-0.82172,-0.82171,0,Not_seen,Not_seen,Not_seen,0
10,2451964.23636,-33.9,18.4,0.736,2451964.22913,2451964.24539,23.41667,2.00497,257.59625,-2.94073,256.35098,0.0027,0.98697,5.09995,4.94569,-1.24527,0.00198,54.29814,0.05857,0.0586,-0.65236,-0.65234,0,Not_seen,Not_seen,Not_seen,0
11,2452229.21141,10.3,9.8,0.711,2452229.20485,2452229.21961,21.25,2.10029,251.57981,-3.03435,251.6149,0.00251,0.98655,5.13475,5.13463,0.03509,0.00201,58.3258,0.06377,0.06381,-0.63022,-0.6302,0,Not_seen,Not_seen,Not_seen,0
12,2453115.58822,32.4,-111.0,1.088,2453115.58117,2453115.59704,22.85,1.92805,283.86242,-2.90135,285.6886,0.00267,1.00211,5.16293,4.82941,1.82618,0.00203,54.91532,0.0607,0.06073,-0.66266,-0.66264,0,Not_seen,Not_seen,Not_seen,0
13,2423172.18024,-33.9,18.5,0.68,2423172.17341,2423172.18876,22.1,1.87422,287.33949,-2.73827,284.72036,0.00264,1.00427,5.30384,4.61248,-2.61912,0.00214,55.54445,0.06479,0.06483,-0.6818,-0.68178,0,Not_seen,Not_seen,Not_seen,0
14,2453381.22653,11.2,7.6,0.727,2453381.22413,2453381.22954,7.78333,0.33413,242.89058,-1.61987,248.0248,0.00238,0.98111,5.49294,1.954,5.13422,0.0023,61.47732,0.07691,0.07692,-0.94011,-0.9401,0,Not_seen,Not_seen,Not_seen,0
15,2453293.09664,26.6,50.0,0.597,2453293.09215,2453293.10226,14.55,1.15969,257.36123,-2.26472,261.72373,0.0025,0.99476,5.54531,3.4244,4.3625,0.00234,58.69343,0.07484,0.07486,-0.79436,-0.79434,0,Not_seen,Not_seen,Not_seen,0
16,2453263.56891,32.4,-110.8,1.069,2453263.56242,2453263.57701,21.01667,1.84648,272.24378,-2.79965,275.28499,0.00257,1.00304,5.55245,4.64612,3.04121,0.00235,56.98051,0.07284,0.07288,-0.67343,-0.6734,0,Not_seen,Not_seen,Not_seen,0
17,2452318.24586,-33.9,18.4,0.746,2452318.23762,2452318.25616,26.7,2.2881,252.5676,-3.18007,251.30634,0.0027,0.98462,5.61163,5.46817,-1.26127,0.0024,54.14673,0.0707,0.07074,-0.59255,-0.59253,0,Not_seen,Not_seen,Not_seen,0
18,2452229.23294,-33.9,18.4,0.733,2452229.22763,2452229.23957,17.2,1.20845,250.18578,-2.28508,245.67305,0.00251,0.98655,5.70626,3.49353,-4.51273,0.00248,58.33819,0.07876,0.07879,-0.78501,-0.78499,0,Not_seen,Not_seen,Not_seen,0
19,2452318.17548,43.9,18.4,0.675,2452318.17476,2452318.17638,2.33333,-0.36187,246.25006,-1.01071,251.9775,0.0027,0.9846,5.76364,0.64884,5.72744,0.00253,54.20322,0.07466,0.07465,-1.07203,-1.07203,0,Not_seen,Not_seen,Not_seen,0
20,2453145.28669,32.5,3.7,0.787,2453145.27744,2453145.29824,29.95,2.44391,295.69293,-3.36764,296.29127,0.00271,1.00927,5.84224,5.81155,0.59834,0.0026,54.06637,0.07651,0.07656,-0.5546,-0.55457,0,Not_seen,Not_seen,Not_seen,0
21,2447681.71469,19.8,-155.5,1.215,2447681.70713,2447681.72413,24.48333,2.11647,298.34585,-3.15703,295.21511,0.00248,1.01208,6.13218,5.2735,-3.13074,0.00286,59.17474,0.09225,0.09231,-0.59865,-0.59861,0,Not_seen,Not_seen,Not_seen,0
22,2453293.13508,30.4,35.5,0.635,2453293.13046,2453293.14084,14.95,1.13873,256.47543,-2.24885,261.54664,0.0025,0.99475,6.09779,3.38759,5.07121,0.00283,58.71431,0.09051,0.09054,-0.78832,-0.7883,0,Not_seen,Not_seen,Not_seen,0
23,2451491.12115,32.0,35.9,0.621,2451491.11213,2451491.13243,29.23333,2.64779,251.94778,-3.44927,252.60643,0.0027,0.9881,6.13249,6.09705,0.65865,0.00286,54.26167,0.0846,0.08466,-0.52103,-0.521,0,Not_seen,Not_seen,Not_seen,0
24,2451491.12473,31.8,34.7,0.625,2451491.11569,2451491.13603,29.28333,2.66271,251.97694,-3.46206,252.63961,0.0027,0.9881,6.16048,6.12477,0.66267,0.00289,54.26014,0.08537,0.08543,-0.51778,-0.51775,0,Not_seen,Not_seen,Not_seen,0
25,2400433.15973,38.0,23.7,0.66,2400433.15071,2400433.17101,29.23333,2.32289,244.30274,-3.0815,247.50589,0.0027,0.98179,6.28168,5.40438,3.20315,0.003,54.1428,0.08857,0.08862,-0.58784,-0.58781,0,Not_seen,Not_seen,Not_seen,0
26,2452348.06137,4.1,73.3,0.561,2452348.05462,2452348.0698,21.86667,2.36572,264.79177,-3.25497,267.75589,0.00272,0.99162,6.35378,5.62069,2.96412,0.00307,53.87915,0.09017,0.09023,-0.56522,-0.56518,0,Not_seen,Not_seen,Not_seen,0
27,2404597.25042,38.0,23.7,0.75,2404597.24257,2404597.26023,25.43333,1.89027,298.19543,-2.61161,302.72124,0.00271,1.01358,6.38268,4.50188,4.52581,0.0031,54.10062,0.09136,0.09141,-0.67636,-0.67633,0,Not_seen,Not_seen,Not_seen,0
28,2452909.11384,26.6,50.0,0.614,2452909.10603,2452909.12361,25.31667,2.49893,267.47786,-3.35228,270.29808,0.00244,1.00022,6.49485,5.85122,2.82022,0.00321,60.04531,0.10499,0.10507,-0.533,-0.53295,0,Not_seen,Not_seen,Not_seen,0
29,2451875.07057,32.6,51.7,1.571,2451875.06109,2451875.08243,30.73333,2.61704,244.42103,-3.46802,247.13304,0.00265,0.98418,6.66151,6.08506,2.71201,0.00338,55.17266,0.10148,0.10156,-0.51178,-0.51174,0,Not_seen,Not_seen,Not_seen,0
30,2447268.51936,37.2,-84.1,1.019,2447268.50874,2447268.53264,34.41667,2.8652,287.36871,-3.77152,286.19799,0.00248,1.00147,6.73907,6.63672,-1.17072,0.00345,59.08929,0.11123,0.11132,-0.4506,-0.45054,0,Not_seen,Not_seen,Not_seen,0
31,2453293.21758,-33.9,18.4,0.718,2453293.20784,2453293.22976,31.56667,2.83691,259.24342,-3.68168,257.24676,0.00249,0.99474,6.81719,6.51858,-1.99666,0.00354,58.69715,0.11306,0.11316,-0.46129,-0.46123,0,Seen,Seen_binoculars,Seen_binoculars;Seen_telescope;Seen_ccd,0.75
32,2451373.17319,-33.9,18.4,0.673,2451373.16258,2451373.18645,34.36667,2.87046,296.20565,-3.70458,293.91224,0.00245,1.01417,6.96311,6.57504,-2.29341,0.00369,59.78328,0.12013,0.12024,-0.45129,-0.45122,0,Not_seen,Not_seen,Not_seen,0
33,2452938.5549,44.6,-123.1,1.055,2452938.54995,2452938.56109,16.03333,0.88795,248.54091,-2.05408,254.77324,0.0024,0.99191,6.89093,2.94203,6.23233,0.00361,61.11926,0.12029,0.12032,-0.81449,-0.81447,0,Not_seen,Not_seen,Not_seen,0
34,2452909.1543,30.4,35.5,0.654,2452909.14606,2452909.16458,26.66667,2.55496,266.80307,-3.39001,270.53947,0.00244,1.00021,7.02069,5.94497,3.73639,0.00375,60.05869,0.12269,0.12278,-0.51273,-0.51267,0,Not_seen,Not_seen,Not_seen,0
35,2452348.12155,26.2,50.5,0.622,2452348.11535,2452348.12931,20.1,1.84016,263.44409,-2.83618,268.6694,0.00272,0.99164,7.01105,4.67634,5.22531,0.00374,53.90009,0.10981,0.10986,-0.64752,-0.64748,0,Not_seen,Not_seen,Not_seen,0
36,2452348.12288,26.6,50.0,0.623,2452348.11669,2452348.13063,20.06667,1.82708,263.41587,-2.82704,268.68064,0.00272,0.99164,7.02576,4.65412,5.26477,0.00375,53.90055,0.11027,0.11032,-0.64946,-0.64942,0,Not_seen,Not_seen,Not_seen,0
37,2451550.98684,23.7,90.4,1.487,2451550.97684,2451550.99933,32.38333,3.08398,245.65962,-3.85185,247.17232,0.0027,0.98069,7.09867,6.93584,1.5127,0.00383,54.26453,0.11333,0.11342,-0.4194,-0.41934,0,Not_seen,Not_seen,Not_seen,0
38,2453234.12912,30.2,57.1,0.629,2453234.11937,2453234.1413,31.56667,2.98415,285.62843,-3.73406,287.97559,0.00264,1.00988,7.11596,6.71821,2.34716,0.00385,55.47611,0.11642,0.11652,-0.43926,-0.4392,0,Not_seen,Not_seen,Not_seen,0
39,2451875.1159,32.0,35.9,1.616,2451875.10587,2451875.12845,32.51667,2.82369,244.35134,-3.64224,247.35655,0.00265,0.98417,7.12948,6.46593,3.00521,0.00387,55.14374,0.11616,0.11625,-0.46464,-0.46459,0,Not_seen,Not_seen,Not_seen,0
40,2453293.23803,6.5,3.4,0.738,2453293.23041,2453293.24757,24.71667,2.6728,258.30605,-3.53552,261.87176,0.00249,0.99473,7.15852,6.20832,3.5657,0.0039,58.71579,0.12469,0.12479,-0.48516,-0.4851,0,Not_seen,Not_seen,Not_seen,0
41,2451373.16309,24.6,46.5,0.663,2451373.15692,2451373.1708,19.98333,1.70904,289.87633,-2.66122,295.50462,0.00245,1.01417,7.12455,4.37026,5.62829,0.00386,59.8378,0.12588,0.12594,-0.66824,-0.6682,0,Not_seen,Not_seen,Not_seen,0
42,2453234.14562,26.6,50.0,0.646,2453234.13586,2453234.15784,31.65,3.12417,285.18218,-3.85369,287.17279,0.00264,1.00987,7.25589,6.97786,1.99061,0.004,55.47639,0.12104,0.12114,-0.41045,-0.41039,0,Not_seen,Not_seen,Not_seen,0
43,2450074.07242,36.1,50.7,0.572,2450074.06015,2450074.08775,39.75,3.29472,243.41478,-3.99568,243.73329,0.00239,0.98131,7.29734,7.29039,0.31851,0.00405,61.35,0.13538,0.13552,-0.37039,-0.3703,0,Not_seen,Not_seen,Not_seen,0
44,2451669.17884,-33.9,18.4,0.679,2451669.16832,2451669.19199,34.08333,3.06089,289.43719,-3.82621,286.95857,0.00244,1.00615,7.31902,6.8871,-2.47862,0.00407,59.94456,0.13307,0.13319,-0.41214,-0.41206,0,Not_seen,Not_seen,Not_seen,0
45,2451521.13397,26.2,32.7,1.634,2451521.12329,2451521.14731,34.6,3.27073,245.38117,-3.97857,246.60273,0.00272,0.98238,7.35136,7.2493,1.22156,0.00411,53.83829,0.12057,0.12068,-0.38359,-0.38353,0,Seen,Seen_telescope,Seen_telescope;Seen_ccd,0.5
46,2453234.15112,35.7,51.3,0.651,2453234.14095,2453234.16384,32.96667,2.91222,286.17353,-3.65948,289.49972,0.00264,1.00987,7.36466,6.5717,3.32619,0.00412,55.48971,0.12472,0.12482,-0.4488,-0.44874,0,Not_seen,Not_seen,Not_seen,0
47,2445969.15582,15.6,35.6,0.656,2445969.14677,2445969.16714,29.33333,3.23682,268.25583,-3.97492,269.97542,0.00239,1.00028,7.41365,7.21174,1.71959,0.00418,61.2794,0.13957,0.13971,-0.37569,-0.3756,0,Not_seen,Not_seen,Not_seen,0
48,2452348.16303,30.4,35.5,0.663,2452348.15649,2452348.17119,21.16667,1.8651,263.19179,-2.86074,268.86136,0.00272,0.99165,7.3795,4.72584,5.66957,0.00414,53.90143,0.12164,0.1217,-0.63528,-0.63525,0,Not_seen,Not_seen,Not_seen,0
49,2451875.14692,-4.0,39.7,1.647,2451875.13778,2451875.15836,29.63333,3.17845,250.74985,-3.89219,248.52868,0.00266,0.98417,7.41088,7.07064,-2.22118,0.00418,55.1126,0.12543,0.12554,-0.39847,-0.39841,0,Not_seen,Not_seen,Not_seen,0
50,2452525.1144,31.1,56.5,0.614,2452525.10448,2452525.12681,32.15,3.12373,276.68915,-3.86094,279.3643,0.0024,1.00531,7.47882,6.98466,2.67515,0.00425,60.98765,0.14135,0.14149,-0.39731,-0.39722,0,Not_seen,Not_seen,Not_seen,0
51,2452141.12761,29.5,56.8,0.628,2452141.11765,2452141.14007,32.28333,3.08858,283.92553,-3.83779,286.82549,0.00239,1.00958,7.50825,6.92637,2.89996,0.00429,61.27816,0.14314,0.14328,-0.40204,-0.40195,0,Not_seen,Not_seen,Not_seen,0
52,2447948.48739,35.6,-83.5,0.987,2447948.47598,2447948.50164,36.95,3.39399,262.55288,-4.12537,261.99969,0.00247,0.98767,7.53965,7.51936,-0.55319,0.00432,59.29911,0.13968,0.13982,-0.34486,-0.34477,0,Seen,Seen_binoculars,Seen_binoculars;Seen_telescope;Seen_ccd,0.75
53,2451521.15001,-4.0,39.7,1.65,2451521.14118,2451521.16104,28.6,3.04279,250.24951,-3.75054,246.89345,0.00272,0.98238,7.5762,6.79333,-3.35606,0.00436,53.85035,0.12808,0.12818,-0.42458,-0.42451,0,Not_seen,Not_seen,Not_seen,0
54,2452525.12967,32.5,51.3,0.63,2452525.11953,2452525.14235,32.86667,3.1524,276.55879,-3.8827,279.61252,0.0024,1.00531,7.66849,7.0351,3.05373,0.00447,60.98841,0.1486,0.14875,-0.38783,-0.38774,0,Seen,Seen_eye,Seen_eye;Seen_binoculars;Seen_telescope;Seen_ccd,1
55,2450103.54315,32.4,-111.0,1.043,2450103.53168,2450103.55749,37.16667,3.38824,250.65637,-4.0554,248.71916,0.0024,0.98166,7.69123,7.44364,-1.93721,0.0045,61.07278,0.14969,0.14985,-0.34631,-0.34621,0,Seen,Seen_binoculars,Seen_binoculars;Seen_telescope;Seen_ccd,0.75
56,2453381.45523,26.0,-80.3,0.955,2453381.45,2453381.46176,16.93333,1.18253,240.01452,-2.38323,246.80943,0.00239,0.98112,7.67238,3.56576,6.79491,0.00448,61.43128,0.14983,0.14989,-0.73401,-0.73397,0,Not_seen,Not_seen,Not_seen,0
57,2452909.20695,-33.9,18.4,0.707,2452909.19806,2452909.21808,28.83333,2.60355,270.84658,-3.48751,266.12021,0.00244,1.0002,7.70825,6.09106,-4.72637,0.00452,60.07667,0.1479,0.14802,-0.48266,-0.48259,0,Not_seen,Not_seen,Not_seen,0
58,2453234.18968,30.2,35.5,0.69,2453234.17933,2453234.20263,33.55,3.21523,285.14319,-3.91441,288.06698,0.00264,1.00987,7.70512,7.12964,2.92378,0.00451,55.49159,0.1365,0.13663,-0.38578,-0.3857,0,Not_seen,Not_seen,Not_seen,0
59,2453234.19035,32.0,35.9,0.69,2453234.17993,2453234.20337,33.75,3.16468,285.33158,-3.86892,288.52474,0.00264,1.00987,7.72364,7.03359,3.19317,0.00454,55.49462,0.13717,0.13729,-0.39498,-0.3949,0,Seen,Seen_telescope,Seen_telescope;Seen_ccd,0.5
60,2452229.41001,41.1,-74.0,0.91,2452229.40067,2452229.42168,30.25,2.19821,242.26736,-3.16023,247.82776,0.00252,0.98651,7.72051,5.35844,5.5604,0.00453,58.1925,0.14372,0.14381,-0.55848,-0.55842,0,Not_seen,Not_seen,Not_seen,0
61,2453086.12887,26.6,50.0,1.629,2453086.11932,2453086.14082,30.96667,3.13856,269.3296,-3.90663,272.55469,0.00261,0.9938,7.7474,7.04518,3.22509,0.00456,56.13691,0.13961,0.13973,-0.39232,-0.39225,0,Seen,Seen_binoculars,Seen_binoculars;Seen_telescope;Seen_ccd,0.75
62,2452141.14586,32.5,51.3,0.646,2452141.13557,2452141.15872,33.33333,3.09042,284.04543,-3.82816,287.58063,0.00239,1.00958,7.76844,6.91858,3.5352,0.00459,61.27557,0.15322,0.15336,-0.39666,-0.39657,0,Seen,Seen_eye,Seen_eye;Seen_binoculars;Seen_telescope;Seen_ccd,1
63,2452702.23296,-33.9,18.4,0.733,2452702.22277,2452702.24571,33.03333,3.12951,262.55903,-3.83801,259.18121,0.00267,0.98876,7.74219,6.96752,-3.37782,0.00456,54.88702,0.13632,0.13644,-0.4021,-0.40203,0,Not_seen,Not_seen,Not_seen,0
64,2452259.07075,32.6,51.7,1.571,2452259.06178,2452259.08197,29.06667,2.27522,238.8567,-3.26536,244.30591,0.00259,0.98168,7.76959,5.54058,5.44921,0.00459,56.45175,0.1412,0.14129,-0.54181,-0.54175,0,Seen,Seen_eye,Seen_eye;Seen_binoculars;Seen_telescope;Seen_ccd,1
65,2453086.13471,29.4,48.0,1.635,2453086.12503,2453086.14681,31.35,3.08295,269.18122,-3.86428,272.79449,0.00261,0.99381,7.82963,6.94723,3.61327,0.00466,56.13665,0.14258,0.14271,-0.4003,-0.40022,0,Seen,Seen_telescope,Seen_telescope;Seen_ccd,0.5
66,2451845.43722,38.8,-77.2,0.937,2451845.42628,2451845.45089,35.43333,3.03624,252.32285,-3.79911,256.19446,0.00259,0.99101,7.85449,6.83535,3.87162,0.00469,56.61186,0.1447,0.14483,-0.41019,-0.41011,0,Not_seen,Not_seen,Not_seen,0
67,2451521.18013,36.8,10.4,1.68,2451521.168,2451521.1953,39.31667,3.21376,241.20937,-3.95334,244.42352,0.00272,0.98238,7.85393,7.1671,3.21415,0.00469,53.84204,0.1376,0.13772,-0.38136,-0.38128,0,Seen,Seen_binoculars,Seen_binoculars;Seen_telescope;Seen_ccd,0.75
68,2446176.52223,37.2,-84.1,1.022,2446176.51106,2446176.53618,36.16667,3.13161,284.42082,-3.8969,287.96569,0.00271,1.00234,7.87082,7.02851,3.54487,0.00471,53.92854,0.13842,0.13853,-0.39472,-0.39465,0,Not_seen,Not_seen,Not_seen,0
69,2445733.15821,15.6,35.6,1.658,2445733.14961,2445733.16896,27.86667,2.80702,248.9863,-3.68631,253.45469,0.00271,0.98284,7.88082,6.49334,4.46839,0.00472,54.02559,0.13902,0.13912,-0.44787,-0.4478,0,Not_seen,Not_seen,Not_seen,0
70,2450901.2081,-33.9,18.4,0.708,2450901.19941,2450901.21897,28.16667,2.57246,276.61797,-3.43076,271.43198,0.00239,0.99588,7.9314,6.00322,-5.18599,0.00478,61.3243,0.15983,0.15995,-0.48416,-0.48409,0,Seen,Seen_binoculars,Seen_binoculars;Seen_telescope;Seen_ccd,0.75
71,2452437.2074,31.9,35.8,1.707,2452437.19615,2452437.22147,36.46667,3.08693,296.45824,-3.83581,300.33,0.00257,1.01287,7.9307,6.92274,3.87176,0.00478,57.02459,0.14859,0.14873,-0.39907,-0.39899,0,Not_seen,Not_seen,Not_seen,0
72,2453234.18637,-33.9,18.4,0.686,2453234.17891,2453234.19569,24.16667,1.95397,290.45597,-2.98551,284.25371,0.00264,1.00987,7.92714,4.93949,-6.20226,0.00478,55.54528,0.14461,0.14469,-0.59983,-0.59978,0,Not_seen,Not_seen,Not_seen,0
73,2452141.16083,38.6,48.2,0.661,2452141.15023,2452141.17409,34.35,2.91997,284.75252,-3.67072,289.32994,0.00239,1.00958,8.02285,6.59069,4.57743,0.00489,61.283,0.16342,0.16357,-0.42323,-0.42314,0,Seen,Seen_binoculars,Seen_binoculars;Seen_telescope;Seen_ccd,0.75
74,2451875.20574,32.5,3.7,1.706,2451875.19455,2451875.21973,36.26667,3.17769,243.62273,-3.94841,247.44204,0.00266,0.98416,8.08387,7.1261,3.81931,0.00497,55.08758,0.14914,0.14927,-0.3784,-0.37832,0,Not_seen,Not_seen,Not_seen,0
75,2452968.04578,32.9,59.2,1.546,2452968.04032,2452968.0526,17.68333,1.16398,239.69362,-2.3454,246.95013,0.00239,0.98498,8.05919,3.50938,7.25651,0.00494,61.38317,0.16517,0.16523,-0.73029,-0.73026,0,Not_seen,Not_seen,Not_seen,0
76,2452348.25239,32.5,3.7,0.752,2452348.24458,2452348.26214,25.28333,2.27588,263.18487,-3.19879,269.19853,0.00272,0.99168,8.13057,5.47468,6.01365,0.00503,53.89251,0.14759,0.14768,-0.54449,-0.54443,0,Not_seen,Not_seen,Not_seen,0
77,2445703.44543,37.2,-84.1,0.945,2445703.43822,2445703.45446,23.38333,1.52202,236.01643,-2.6638,243.10385,0.00267,0.98064,8.22954,4.18582,7.08742,0.00515,54.90442,0.15404,0.1541,-0.66944,-0.6694,0,Not_seen,Not_seen,Not_seen,0
78,2401998.22936,39.6,26.2,0.729,2401998.21763,2401998.24403,38.01667,3.13683,290.7264,-3.70867,295.36737,0.00254,1.00715,8.26882,6.8455,4.64097,0.0052,57.54145,0.16298,0.16313,-0.39802,-0.39793,0,Not_seen,Not_seen,Not_seen,0
79,2452554.55312,32.4,-111.0,1.053,2452554.54326,2452554.56545,31.95,3.05962,261.42349,-3.82218,266.06031,0.00239,0.99722,8.29653,6.8818,4.63682,0.00523,61.30385,0.1748,0.17496,-0.3872,-0.38709,0,Not_seen,Not_seen,Not_seen,0
80,2452259.11874,31.8,35.2,1.619,2452259.10898,2452259.13094,31.61667,2.55729,238.94067,-3.5094,244.65456,0.0026,0.98168,8.3319,6.0667,5.71389,0.00528,56.412,0.16222,0.16234,-0.47636,-0.47629,0,Not_seen,Not_seen,Not_seen,0
81,2452968.06745,32.6,51.7,1.567,2452968.0616,2452968.07476,18.95,1.29183,239.62552,-2.46111,247.09176,0.00239,0.98498,8.35485,3.75294,7.46624,0.00531,61.37582,0.17747,0.17754,-0.69846,-0.69842,0,Not_seen,Not_seen,Not_seen,0
82,2446028.1367,15.6,35.6,1.637,2446028.12771,2446028.14794,29.13333,2.84083,244.57659,-3.75255,249.78495,0.00246,0.98486,8.40048,6.59339,5.20836,0.00536,59.4252,0.1737,0.17385,-0.4167,-0.41661,0,Not_seen,Not_seen,Not_seen,0
83,2452348.29567,27.7,-11.3,0.796,2452348.28689,2452348.30664,28.45,2.7962,263.73202,-3.62961,269.21979,0.00272,0.99169,8.44828,6.42581,5.48777,0.00543,53.87353,0.15927,0.15939,-0.44224,-0.44217,0,Not_seen,Not_seen,Not_seen,0
84,2446973.41667,-30.1,-71.0,0.917,2446973.41189,2446973.42265,15.5,0.93108,303.9392,-2.16729,295.89208,0.00271,1.01392,8.62163,3.09836,-8.04711,0.00565,54.02087,0.16632,0.16636,-0.7707,-0.77067,0,Not_seen,Not_seen,Not_seen,0
85,2452318.55553,32.4,-111.0,1.056,2452318.54676,2452318.5665,28.43333,2.46693,249.83209,-3.41423,256.19943,0.00271,0.98469,8.6656,5.88116,6.36734,0.00571,54.08136,0.1682,0.16831,-0.49127,-0.4912,0,Not_seen,Not_seen,Not_seen,0
86,2453086.21453,-33.9,18.4,1.715,2453086.2055,2453086.22582,29.26667,2.74194,274.56311,-3.53514,268.30515,0.00261,0.99383,8.86131,6.27708,-6.25796,0.00597,56.10943,0.18246,0.18261,-0.44301,-0.44293,0,Not_seen,Not_seen,Not_seen,0
87,2451521.24923,-33.9,18.4,1.749,2451521.24176,2451521.25856,24.2,1.90801,247.59837,-2.78188,240.09697,0.00272,0.98237,8.84485,4.68989,-7.5014,0.00595,53.89841,0.17462,0.17472,-0.60649,-0.60644,0,Not_seen,Not_seen,Not_seen,0
88,2452584.06944,29.9,56.2,1.569,2452584.05942,2452584.08196,32.45,2.97028,247.63721,-3.8268,254.03852,0.00241,0.98912,9.33417,6.79708,6.40132,0.00662,60.7616,0.2192,0.2194,-0.36882,-0.3687,0,Seen,Seen_binoculars,Seen_binoculars;Seen_telescope;Seen_ccd,0.75
89,2452643.07857,32.0,51.9,1.579,2452643.06957,2452643.08981,29.15,2.24044,237.49505,-3.30472,245.02826,0.00253,0.98083,9.35141,5.54517,7.5332,0.00664,57.93931,0.20978,0.20992,-0.49968,-0.4996,0,Not_seen,Not_seen,Not_seen,0
90,2451610.47953,43.3,-79.9,0.98,2451610.46902,2451610.49267,34.06667,2.68087,259.09701,-3.57364,266.14992,0.00257,0.98989,9.42391,6.25452,7.05292,0.00675,56.95272,0.20942,0.20958,-0.42897,-0.42887,0,Not_seen,Not_seen,Not_seen,0
91,2452643.09368,26.6,49.8,1.594,2452643.08377,2452643.10605,32.08333,2.75349,239.40903,-3.73138,246.28837,0.00253,0.98083,9.45117,6.48487,6.87933,0.00679,57.9066,0.21415,0.21433,-0.40308,-0.40297,0,Not_seen,Not_seen,Not_seen,0
92,2453175.16173,-33.9,18.4,1.662,2453175.15589,2453175.16903,18.91667,1.16113,305.54867,-2.38291,296.83156,0.00272,1.01347,9.40826,3.54404,-8.71712,0.00673,53.96471,0.19777,0.19783,-0.70705,-0.70701,0,Not_seen,Not_seen,Not_seen,0
93,2447062.48562,37.2,-84.1,0.986,2447062.48087,2447062.49155,15.38333,1.09634,262.47409,-2.19516,271.46339,0.00262,1.00077,9.57141,3.2915,8.9893,0.00696,55.90352,0.21203,0.21209,-0.7237,-0.72366,0,Not_seen,Not_seen,Not_seen,0
94,2453352.20014,32.5,3.7,0.7,2453352.19477,2453352.20686,17.41667,1.03955,234.78443,-2.29205,243.84621,0.00239,0.98214,9.65311,3.33161,9.06179,0.00708,61.23522,0.23622,0.2363,-0.70515,-0.7051,0,Not_seen,Not_seen,Not_seen,0
95,2451551.25167,-32.3,20.8,1.752,2451551.24148,2451551.26441,33.01667,2.90636,248.57386,-3.56245,240.60557,0.00269,0.98072,10.2601,6.46881,-7.96829,0.008,54.34155,0.23675,0.23694,-0.39111,-0.391,0,Seen,Seen_binoculars,Seen_binoculars;Seen_telescope;Seen_ccd,0.75
96,2453293.46266,25.8,-80.2,0.963,2453293.45397,2453293.47353,28.16667,2.75287,254.15016,-3.6233,262.25196,0.00249,0.99469,10.30646,6.37617,8.10179,0.00807,58.82394,0.25859,0.2588,-0.38731,-0.38719,0,Seen,Seen_telescope,Seen_telescope;Seen_ccd,0.5
97,2451551.26105,-33.9,18.4,1.761,2451551.25093,2451551.27372,32.81667,2.81288,248.2255,-3.48075,239.96262,0.00269,0.98072,10.38334,6.29363,-8.26287,0.00819,54.34849,0.24248,0.24267,-0.40519,-0.40508,0,Seen,Seen_binoculars,Seen_binoculars;Seen_telescope;Seen_ccd,0.75
98,2449690.24953,-33.9,18.4,1.75,2449690.23904,2449690.26264,33.98333,2.89571,248.43799,-3.58067,240.20188,0.0024,0.98334,10.47389,6.47638,-8.23611,0.00833,61.0398,0.2771,0.27734,-0.36628,-0.36613,0,Not_seen,Not_seen,Not_seen,0
99,2405513.13861,38.0,23.7,1.639,2405513.13066,2405513.14855,25.76667,1.69772,231.71907,-2.69,242.03417,0.00252,0.98117,11.20685,4.38772,10.3151,0.00953,58.23213,0.30252,0.30267,-0.56008,-0.55999,0,Not_seen,Not_seen,Not_seen,0
100,2453293.54505,32.2,-111.1,1.045,2453293.53639,2453293.55588,28.06667,2.52064,252.21534,-3.44188,262.0258,0.00249,0.99468,11.47622,5.96252,9.81046,0.01,58.87418,0.32069,0.32093,-0.39189,-0.39175,0,Not_seen,Not_seen,Not_seen,0
101,2453293.56313,33.9,-118.0,1.063,2453293.55458,2453293.57382,27.7,2.41798,251.68719,-3.35955,261.91028,0.00249,0.99468,11.73865,5.77753,10.22309,0.01046,58.88721,0.33554,0.33579,-0.40166,-0.40152,0,Seen,Seen_telescope,Seen_telescope;Seen_ccd,0.5
102,2453293.56354,34.1,-118.2,1.064,2453293.55502,2453293.57419,27.6,2.39905,251.6408,-3.34451,261.8926,0.00249,0.99468,11.74703,5.74356,10.25181,0.01047,58.88822,0.33603,0.33627,-0.40477,-0.40463,0,Seen,Seen_telescope,Seen_telescope;Seen_ccd,0.5
103,2446796.42265,39.0,-77.0,0.923,2446796.41343,2446796.43419,29.9,1.87521,231.72152,-3.10077,242.53894,0.00239,0.981,11.90335,4.97597,10.81741,0.01075,61.29499,0.3591,0.35931,-0.46804,-0.46791,0,Not_seen,Not_seen,Not_seen,0
104,2453677.52899,32.2,-111.1,1.029,2453677.52303,2453677.53644,19.3,1.40695,242.52326,-2.57358,253.82552,0.00255,0.98954,11.98002,3.98053,11.30226,0.01089,57.40118,0.34062,0.34076,-0.57839,-0.57831,0,Seen,Seen_telescope,Seen_telescope;Seen_ccd,0.5
105,2453293.56792,44.6,-123.1,1.068,2453293.56162,2453293.5758,20.41667,1.2989,248.93762,-2.42361,260.31885,0.00249,0.99468,11.97211,3.72252,11.38123,0.01088,58.92677,0.34921,0.34934,-0.59916,-0.59908,0,Not_seen,Not_seen,Not_seen,0
106,2451373.55049,43.3,-79.9,1.05,2451373.54104,2451373.5623,30.61667,2.171,292.54173,-2.91542,303.93038,0.00246,1.01418,12.46925,5.08642,11.38865,0.01179,59.57515,0.38286,0.38311,-0.44316,-0.44301,0,Not_seen,Not_seen,Not_seen,0
107,2453323.07216,36.1,50.3,1.572,2453323.06411,2453323.08223,26.1,1.85426,237.44484,-3.01912,249.66239,0.00243,0.98708,13.14962,4.87338,12.21754,0.01311,60.35708,0.43118,0.43143,-0.43654,-0.4364,0,Seen,Seen_eye,Seen_eye;Seen_binoculars;Seen_telescope;Seen_ccd,1
108,2452968.51199,47.6,-117.5,2.012,2452968.50356,2452968.52252,27.3,1.29621,227.43542,-2.61733,241.78063,0.00239,0.98494,14.86585,3.91355,14.34522,0.01674,61.25053,0.55855,0.55878,-0.46027,-0.46014,0,Seen,Seen_binoculars,Seen_binoculars;Seen_telescope;Seen_ccd,0.75
109,2449779.23013,-33.9,18.4,1.73,2449779.22369,2449779.23817,20.85,1.77809,273.92356,-2.72953,259.46131,0.00259,0.98868,15.1444,4.50762,-14.46225,0.01736,56.57056,0.53527,0.53555,-0.41393,-0.41377,0,Not_seen,Not_seen,Not_seen,0
110,2451965.23038,51.7,7.2,1.73,2451965.20991,2451965.25596,66.31667,4.66404,250.07181,-5.30692,261.78927,0.00268,0.9873,15.37425,9.97096,11.71746,0.01789,54.42892,0.53067,0.53135,0.12982,0.1302,0,Not_seen,Not_seen,Not_seen,0
111,2400995.2336,38.0,23.7,1.734,2400995.22743,2400995.24131,19.98333,1.65536,277.66062,-2.35466,292.88403,0.00248,1.01134,15.73942,4.01002,15.22342,0.01875,58.9641,0.60234,0.60264,-0.4262,-0.42603,0,Not_seen,Not_seen,Not_seen,0
112,2423054.26301,-33.9,18.5,1.763,2423054.24981,2423054.27951,42.76667,4.06109,253.82425,-4.18412,238.36814,0.00268,0.98079,17.50605,8.24522,-15.45611,0.02316,54.55918,0.68845,0.68923,0.04473,0.04515,0,Not_seen,Not_seen,Not_seen,0
113,2402412.257,38.0,23.7,1.757,2402412.2436,2402412.27375,43.41667,3.88387,287.63662,-3.94594,304.01262,0.00257,1.01422,18.14004,7.82981,16.376,0.02485,56.97683,0.77154,0.7724,0.04819,0.04866,0,Not_seen,Not_seen,Not_seen,0
114,2423084.25774,-33.9,18.5,2.758,2423084.2456,2423084.27291,39.31667,3.87461,262.52375,-4.09554,245.09269,0.00271,0.9826,19.15394,7.97015,-17.43106,0.02768,53.87378,0.81256,0.81342,0.08419,0.08465,0,Not_seen,Not_seen,Not_seen,0
115,2401054.17501,38.0,23.7,1.675,2401054.16796,2401054.18382,22.83333,1.77673,246.47793,-2.72294,265.90295,0.0024,0.99694,19.93385,4.49968,19.42503,0.02996,61.10222,0.99739,0.99794,-0.16584,-0.16556,0,Not_seen,Not_seen,Not_seen,0
116,2402088.24134,38.0,23.7,2.741,2402088.22949,2402088.25616,38.4,3.65039,272.85834,-3.81236,295.16123,0.00272,1.01172,23.5033,7.46276,22.30289,0.04148,53.8439,1.21705,1.21826,0.242,0.2426,0,Not_seen,Not_seen,Not_seen,0
117,2451167.1201,31.9,35.8,1.62,2451167.10815,2451167.13503,38.71667,3.43932,243.73699,-4.10733,244.87561,0.00265,0.98131,7.63194,7.54665,1.13863,0.00443,55.15882,0.13312,0.13325,-0.34615,-0.34607,0,Not_seen,Not_seen,Not_seen,0
118,2450103.54889,32.8,-113.2,1.049,2450103.53722,2450103.56348,37.81667,3.43647,250.52349,-4.09612,248.67832,0.0024,0.98166,7.75498,7.5326,-1.84517,0.00457,61.06762,0.15217,0.15233,-0.3359,-0.3358,0,Seen,Seen_binoculars,Seen_binoculars;Seen_telescope;Seen_ccd,0.75
119,2450103.5617,34.1,-118.3,1.062,2450103.54949,2450103.57697,39.56667,3.55145,250.07773,-4.18851,248.50902,0.0024,0.98166,7.89709,7.73996,-1.56871,0.00474,61.05545,0.15775,0.15793,-0.31175,-0.31165,0,Seen,Seen_binoculars,Seen_binoculars;Seen_telescope;Seen_ccd,0.75
120,2448036.54066,35.6,-83.5,1.041,2448036.5269,2448036.55787,44.6,3.5412,299.44252,-4.38472,299.62507,0.00239,1.01047,7.92803,7.92593,0.18255,0.00478,61.10555,0.15912,0.1593,-0.29232,-0.29222,0,Seen,Seen_binoculars,Seen_binoculars;Seen_telescope;Seen_ccd,0.75
121,2401260.23073,38.0,23.7,1.731,2401260.21741,2401260.24738,43.16667,3.68806,292.01952,-4.26497,292.19606,0.00271,1.00514,7.95498,7.95303,0.17654,0.00481,53.97917,0.14152,0.14166,-0.30037,-0.30028,0,Not_seen,Not_seen,Not_seen,0
122,2449719.51858,33.0,-106.0,1.019,2449719.50569,2449719.53468,41.73333,3.71363,245.57584,-4.32829,245.31988,0.00243,0.98091,8.04598,8.04192,-0.25595,0.00492,60.09853,0.16118,0.16137,-0.27947,-0.27936,0,Seen,Seen_binoculars,Seen_binoculars;Seen_telescope;Seen_ccd,0.75
123,2447652.54617,42.7,-84.8,1.046,2447652.53061,2447652.56561,50.4,3.64966,297.84011,-4.54418,297.42474,0.00243,1.00647,8.20434,8.19384,-0.41537,0.00512,60.31996,0.1682,0.16838,-0.26,-0.25989,0,Seen,Seen_binoculars,Seen_binoculars;Seen_telescope;Seen_ccd,0.75
124,2451551.08127,32.7,52.3,1.581,2451551.06935,2451551.09617,38.61667,3.34914,242.5431,-4.09922,245.90723,0.0027,0.9807,8.17184,7.44836,3.36413,0.00508,54.27414,0.15014,0.15028,-0.34556,-0.34547,0,Seen,Seen_telescope,Seen_telescope;Seen_ccd,0.5
125,2447652.54935,43.0,-85.7,1.049,2447652.53361,2447652.56903,51.0,3.66988,297.95768,-4.56476,297.62039,0.00243,1.00647,8.24153,8.23464,-0.33729,0.00516,60.31692,0.16971,0.1699,-0.255,-0.25489,0,Seen,Seen_binoculars,Seen_binoculars;Seen_telescope;Seen_ccd,0.75
126,2453086.17013,30.4,35.5,1.67,2453086.15984,2453086.183,33.35,3.27591,269.23308,-4.02666,273.00286,0.00261,0.99382,8.21699,7.30257,3.76977,0.00513,56.10655,0.15693,0.15708,-0.356,-0.35591,0,Seen,Seen_binoculars,Seen_binoculars;Seen_telescope;Seen_ccd,0.75
127,2451994.21267,-33.9,18.4,0.713,2451994.20197,2451994.22604,34.66667,3.3492,273.35783,-4.03221,269.73886,0.00264,0.99489,8.21971,7.38141,-3.61896,0.00514,55.40789,0.15508,0.15522,-0.34924,-0.34915,0,Seen,Seen_eye,Seen_eye;Seen_binoculars;Seen_telescope;Seen_ccd,1
128,2452141.1882,30.2,35.5,0.688,2452141.17737,2452141.20172,35.06667,3.38389,283.45197,-4.0693,287.119,0.00239,1.00958,8.30528,7.45319,3.66703,0.00524,61.25163,0.17502,0.1752,-0.32992,-0.32981,0,Not_seen,Not_seen,Not_seen,0
129,2422729.26107,36.5,-6.2,0.761,2422729.24824,2422729.27711,41.56667,3.86769,256.20284,-4.32422,254.53499,0.00269,0.98406,8.35969,8.19191,-1.66784,0.00531,54.31276,0.15723,0.15739,-0.26688,-0.26678,0,Not_seen,Not_seen,Not_seen,0
130,2445644.14003,15.6,35.6,1.64,2445644.12977,2445644.15285,33.23333,3.54672,251.89443,-4.26125,254.94473,0.00253,0.98895,8.38177,7.80797,3.0503,0.00534,57.89759,0.16849,0.16866,-0.29841,-0.29831,0,Not_seen,Not_seen,Not_seen,0
131,2447652.56002,30.3,-97.0,1.06,2447652.54758,2447652.57558,40.31667,3.57443,294.55949,-4.44526,292.02962,0.00243,1.00648,8.40862,8.01969,-2.52987,0.00537,60.31764,0.17665,0.17685,-0.27228,-0.27216,0,Seen,Seen_binoculars,Seen_binoculars;Seen_telescope;Seen_ccd,0.75
132,2451521.24064,6.5,3.4,1.741,2451521.2298,2451521.25418,35.1,3.82999,249.15562,-4.41157,247.59754,0.00272,0.98237,8.3873,8.24157,-1.55808,0.00535,53.80767,0.15679,0.15696,-0.26218,-0.26208,0,Not_seen,Not_seen,Not_seen,0
133,2451875.23298,34.0,-6.8,1.733,2451875.2214,2451875.24747,37.53333,3.22207,242.88878,-3.99388,247.16845,0.00266,0.98416,8.38811,7.21595,4.27967,0.00535,55.07366,0.16051,0.16066,-0.36247,-0.36239,0,Seen,Seen_telescope,Seen_telescope;Seen_ccd,0.5
134,2447327.55539,37.2,-84.1,1.055,2447327.54027,2447327.57429,49.0,3.7576,302.31642,-4.50012,303.92615,0.00262,1.01326,8.41289,8.25772,1.60973,0.00538,55.80348,0.1636,0.16377,-0.25641,-0.25631,0,Not_seen,Not_seen,Not_seen,0
135,2422729.26709,38.8,-9.1,0.767,2422729.25361,2422729.28394,43.66667,3.93213,255.53233,-4.38217,254.26887,0.00269,0.98407,8.40958,8.3143,-1.26346,0.00538,54.31027,0.1591,0.15927,-0.2535,-0.2534,0,Not_seen,Not_seen,Not_seen,0
136,2452259.15516,-4.0,39.7,1.655,2452259.14375,2452259.16942,36.96667,3.94798,246.26022,-4.58837,246.21875,0.0026,0.98168,8.53645,8.53635,-0.04146,0.00554,56.313,0.16997,0.17016,-0.22467,-0.22456,0,Not_seen,Not_seen,Not_seen,0
137,2452791.51844,26.0,-80.3,1.018,2452791.5058,2452791.53425,40.96667,3.84211,295.34056,-4.5077,297.12707,0.00269,1.01134,8.53845,8.34981,1.7865,0.00554,54.42841,0.16436,0.16453,-0.24674,-0.24664,0,Seen,Seen_binoculars,Seen_binoculars;Seen_telescope;Seen_ccd,0.75
138,2451757.26414,6.5,3.4,0.764,2451757.25331,2451757.27767,35.08333,3.87956,286.99456,-4.50812,288.77317,0.00241,1.01265,8.57385,8.38768,1.77861,0.00559,60.71762,0.18487,0.18509,-0.23049,-0.23036,0,Seen,Seen_eye,Seen_eye;Seen_binoculars;Seen_telescope;Seen_ccd,1
139,2451905.07979,29.6,52.5,1.58,2451905.06826,2451905.09419,37.33333,3.2934,241.04821,-4.08403,245.40078,0.0027,0.9808,8.56413,7.37743,4.35257,0.00558,54.10037,0.16435,0.1645,-0.34399,-0.3439,0,Seen,Seen_telescope,Seen_telescope;Seen_ccd,0.5
140,2441392.59463,35.5,-117.6,1.095,2441392.58212,2441392.61027,40.53333,3.77692,273.61734,-4.4994,271.06131,0.00241,0.99254,8.66135,8.27632,-2.55603,0.0057,60.67783,0.18853,0.18875,-0.23941,-0.23928,0,Seen,Seen_eye,Seen_eye;Seen_binoculars;Seen_telescope;Seen_ccd,1
141,2451727.98483,2.3,102.4,1.485,2451727.97361,2451727.99884,36.33333,3.92699,291.38477,-4.54248,293.28692,0.00239,1.01438,8.68006,8.46947,1.90215,0.00573,61.1621,0.19086,0.19109,-0.21869,-0.21855,0,Seen,Seen_binoculars,Seen_binoculars;Seen_telescope;Seen_ccd,0.75
142,2453086.2042,38.0,23.7,1.704,2453086.19318,2453086.21796,35.68333,3.17591,268.9089,-3.95253,273.80767,0.00261,0.99383,8.64757,7.12844,4.89877,0.00568,56.09322,0.17373,0.17389,-0.36318,-0.36308,0,Seen,Seen_telescope,Seen_telescope;Seen_ccd,0.5
143,2451905.09154,26.6,50.0,1.592,2451905.07986,2451905.10613,37.83333,3.49059,242.04747,-4.23891,245.97141,0.0027,0.9808,8.66708,7.72949,3.92394,0.00571,54.08708,0.16828,0.16844,-0.30639,-0.30629,0,Seen,Seen_binoculars,Seen_binoculars;Seen_telescope;Seen_ccd,0.75
144,2448036.60984,31.6,-110.5,1.11,2448036.59543,2448036.62785,46.68333,4.0057,298.15097,-4.77684,298.12416,0.0024,1.01049,8.78258,8.78254,-0.02682,0.00586,61.05119,0.19503,0.19527,-0.18486,-0.18471,0,Seen,Seen_binoculars,Seen_binoculars;Seen_telescope;Seen_ccd,0.75
145,2448036.6127,32.4,-111.0,1.113,2448036.59807,2448036.63098,47.4,4.02464,298.33153,-4.79263,298.48195,0.0024,1.01049,8.81855,8.81727,0.15042,0.00591,61.04884,0.19662,0.19686,-0.18042,-0.18027,0,Seen,Seen_eye,Seen_eye;Seen_binoculars;Seen_telescope;Seen_ccd,1
146,2447652.5993,39.7,-105.5,1.099,2447652.58346,2447652.61911,51.33333,3.98844,296.7432,-4.83032,296.13741,0.00243,1.00649,8.8395,8.81876,-0.60579,0.00594,60.26778,0.19503,0.19526,-0.18124,-0.18109,0,Seen,Seen_binoculars,Seen_binoculars;Seen_telescope;Seen_ccd,0.75
147,2449749.09754,35.6,51.3,1.598,2449749.08384,2449749.11465,44.36667,4.07337,253.61934,-4.60675,251.85829,0.0025,0.9828,8.85662,8.68012,-1.76105,0.00596,58.51084,0.19007,0.1903,-0.1981,-0.19796,0,Seen,Seen_eye,Seen_eye;Seen_binoculars;Seen_telescope;Seen_ccd,1
148,2452732.13151,32.6,51.6,1.631,2452732.12074,2452732.14497,34.88333,3.35196,273.70237,-4.07053,278.49094,0.00271,0.99693,8.83124,7.42249,4.78857,0.00593,54.00383,0.17443,0.17459,-0.33335,-0.33325,0,Seen,Seen_eye,Seen_eye;Seen_binoculars;Seen_telescope;Seen_ccd,1
149,2452199.9677,2.3,102.4,1.468,2452199.95667,2452199.98149,35.75,4.17067,261.13592,-4.74944,260.78765,0.00245,0.99411,8.92689,8.92011,-0.34827,0.00606,59.62505,0.19677,0.19702,-0.17004,-0.16989,0,Seen,Seen_eye,Seen_eye;Seen_binoculars;Seen_telescope;Seen_ccd,1
150,2453175.16348,26.6,50.0,1.663,2453175.14964,2453175.18078,44.83333,4.10737,298.3668,-4.76349,299.19511,0.00272,1.01347,8.90937,8.87086,0.82831,0.00603,53.83731,0.17698,0.17717,-0.18697,-0.18684,0,Not_seen,Not_seen,Not_seen,0
151,2453175.16996,24.6,46.5,1.67,2453175.15628,2453175.18706,44.31667,4.15266,298.02986,-4.80724,298.50219,0.00272,1.01347,8.97232,8.9599,0.47234,0.00612,53.83481,0.17947,0.17968,-0.17655,-0.17642,0,Seen,Seen_telescope,Seen_telescope;Seen_ccd,0.5
152,2453175.1723,28.4,48.0,1.672,2453175.15809,2453175.19006,46.03333,4.13603,298.6804,-4.78194,299.9112,0.00272,1.01347,9.00233,8.91797,1.2308,0.00616,53.83615,0.18068,0.18088,-0.18001,-0.17988,0,Seen,Seen_telescope,Seen_telescope;Seen_ccd,0.5
153,2451551.16223,-4.0,39.7,1.662,2451551.15104,2451551.17622,36.25,4.00173,250.03168,-4.53903,247.12317,0.00269,0.98071,9.02154,8.54076,-2.90851,0.00619,54.2553,0.18286,0.18306,-0.2164,-0.21628,0,Seen,Seen_binoculars,Seen_binoculars;Seen_telescope;Seen_ccd,0.75
154,2422994.22821,-33.9,18.5,1.728,2422994.21698,2422994.24225,36.38333,3.36389,255.39525,-3.94624,250.08778,0.00252,0.98991,9.03152,7.31013,-5.30748,0.0062,57.95803,0.19577,0.19596,-0.33165,-0.33153,0,Not_seen,Not_seen,Not_seen,0
155,2453175.176,33.3,50.0,1.676,2453175.16103,2453175.19472,48.51667,4.06813,299.87373,-4.71285,302.09416,0.00272,1.01347,9.05683,8.78098,2.22043,0.00623,53.84105,0.18288,0.18309,-0.19237,-0.19224,0,Seen,Seen_eye,Seen_eye;Seen_binoculars;Seen_telescope;Seen_ccd,1
156,2451432.17045,30.4,35.5,1.67,2451432.1601,2451432.18339,33.53333,3.34543,272.87201,-4.0256,278.12141,0.00259,1.00445,9.04706,7.37103,5.2494,0.00622,56.55451,0.19169,0.19187,-0.32803,-0.32792,0,Seen,Seen_telescope,Seen_telescope;Seen_ccd,0.5
157,2451905.1216,32.6,35.9,1.622,2451905.10943,2451905.13681,39.41667,3.34087,239.74119,-4.13898,244.83551,0.00271,0.9808,9.04776,7.47984,5.09432,0.00622,54.08978,0.18336,0.18353,-0.32219,-0.32209,0,Seen,Seen_eye,Seen_eye;Seen_binoculars;Seen_telescope;Seen_ccd,1
158,2448036.63621,34.2,-118.1,1.136,2448036.62069,2448036.6556,50.26667,4.17457,298.72313,-4.91626,299.41474,0.0024,1.0105,9.11704,9.09083,0.69161,0.00632,61.02965,0.21006,0.21033,-0.14495,-0.14479,0,Seen,Seen_binoculars,Seen_binoculars;Seen_telescope;Seen_ccd,0.75
159,2452378.13244,29.6,52.5,1.632,2452378.12177,2452378.14579,34.58333,3.41348,277.81515,-4.09939,282.92395,0.00269,1.00017,9.08322,7.51287,5.10881,0.00627,54.39825,0.18585,0.18603,-0.31738,-0.31727,0,Seen,Seen_binoculars,Seen_binoculars;Seen_telescope;Seen_ccd,0.75
160,2451905.12678,30.2,35.5,1.627,2451905.11455,2451905.14206,39.61667,3.49549,240.67498,-4.26224,245.39982,0.00271,0.9808,9.08137,7.75772,4.72485,0.00627,54.08009,0.18469,0.18487,-0.2936,-0.29349,0,Seen,Seen_binoculars,Seen_binoculars;Seen_telescope;Seen_ccd,0.75
161,2451432.17316,31.8,34.7,1.673,2451432.16282,2451432.18609,33.5,3.28511,272.83204,-3.97499,278.30964,0.00259,1.00445,9.0924,7.26009,5.4776,0.00628,56.55633,0.19361,0.1938,-0.33796,-0.33785,0,Not_seen,Not_seen,Not_seen,0
162,2453115.94637,5.0,114.9,1.446,2453115.93529,2453115.96023,35.91667,4.09449,284.65965,-4.72238,282.22246,0.00267,1.00223,9.14688,8.81688,-2.43719,0.00636,54.67301,0.18941,0.18963,-0.18482,-0.18469,0,Not_seen,Not_seen,Not_seen,0
163,2452378.1366,32.6,51.7,1.637,2452378.12593,2452378.14994,34.58333,3.28055,277.94321,-3.99321,283.50106,0.00269,1.00018,9.15176,7.27376,5.55785,0.00636,54.40686,0.18869,0.18886,-0.33957,-0.33947,0,Seen,Seen_eye,Seen_eye;Seen_binoculars;Seen_telescope;Seen_ccd,1
164,2448303.04959,33.4,73.1,1.55,2448303.03582,2448303.06679,44.6,4.33094,258.86983,-4.85458,257.93484,0.0026,0.98523,9.23288,9.18552,-0.93499,0.00648,56.14789,0.19819,0.19843,-0.14265,-0.1425,0,Seen,Seen_eye,Seen_eye;Seen_binoculars;Seen_telescope;Seen_ccd,1
165,2420100.25118,-33.9,18.5,0.751,2420100.23529,2420100.27105,51.5,4.33117,240.17541,-4.94005,240.16663,0.0025,0.98385,9.27122,9.27122,-0.00878,0.00653,58.56802,0.20845,0.20872,-0.12788,-0.12772,0,Seen,Seen_eye,Seen_eye;Seen_binoculars;Seen_telescope;Seen_ccd,1
166,2452732.1761,30.2,35.5,1.676,2452732.16462,2452732.19045,37.2,3.72524,273.83683,-4.37533,278.3072,0.00271,0.99694,9.25038,8.10057,4.47037,0.0065,53.97564,0.19124,0.19144,-0.25534,-0.25523,0,Seen,Seen_telescope,Seen_telescope;Seen_ccd,0.5
167,2452761.94671,5.0,114.9,1.447,2452761.93499,2452761.96137,37.98333,4.29828,287.19296,-4.88111,285.884,0.00271,1.00516,9.27205,9.17939,-1.30896,0.00653,53.84095,0.19166,0.19188,-0.14721,-0.14707,0,Seen,Seen_binoculars,Seen_binoculars;Seen_telescope;Seen_ccd,0.75
168,2405276.22988,38.0,23.7,1.73,2405276.21624,2405276.24693,44.2,3.92137,287.21376,-4.33805,291.56451,0.00251,1.00491,9.33349,8.25942,4.35076,0.00662,58.36195,0.21051,0.21075,-0.22782,-0.22767,0,Not_seen,Not_seen,Not_seen,0
169,2453145.61091,32.4,-111.0,1.111,2453145.59605,2453145.62948,48.13333,4.25986,295.60691,-4.88937,297.47629,0.00271,1.00935,9.33785,9.14923,1.86937,0.00663,53.9181,0.19466,0.19489,-0.14841,-0.14827,0,Seen,Seen_binoculars,Seen_binoculars;Seen_telescope;Seen_ccd,0.75
170,2451905.15985,-4.0,39.7,1.66,2451905.14762,2451905.17515,39.65,4.34479,247.69572,-4.85843,246.14203,0.00271,0.98081,9.33317,9.20322,-1.5537,0.00662,54.01899,0.19483,0.19506,-0.14291,-0.14277,0,Seen,Seen_eye,Seen_eye;Seen_binoculars;Seen_telescope;Seen_ccd,1
171,2443902.47153,29.9,-81.3,0.972,2443902.45751,2443902.48905,45.41667,4.43669,251.79615,-4.95971,251.89046,0.00239,0.98259,9.39686,9.39639,0.09431,0.00671,61.22606,0.22384,0.22415,-0.1061,-0.10591,0,Seen,Seen_eye,Seen_eye;Seen_binoculars;Seen_telescope;Seen_ccd,1
172,2450843.06693,29.8,-95.4,1.567,2450843.49762,2450842.52856,-1395.43333,-8.04088,98.9914,3.83004,113.14871,0.00244,0.98269,18.44875,11.87093,14.15731,0.0257,59.55748,0.83392,0.8319,0.48564,0.48457,0,Seen,Seen_eye,Seen_eye;Seen_binoculars;Seen_telescope;Seen_ccd,1
173,2443902.47487,29.7,-82.4,0.975,2443902.46081,2443902.49244,45.55,4.46032,251.85289,-4.98142,251.92308,0.00239,0.98259,9.442,9.44174,0.07019,0.00677,61.22344,0.22598,0.22629,-0.10028,-0.10009,0,Seen,Seen_eye,Seen_eye;Seen_binoculars;Seen_telescope;Seen_ccd,1
174,2445822.531,37.2,-84.1,1.031,2445822.51806,2445822.54718,41.93333,3.62376,287.88265,-4.28158,292.99504,0.00263,1.00541,9.41215,7.90534,5.11239,0.00673,55.71712,0.20436,0.20457,-0.26694,-0.26681,0,Not_seen,Not_seen,Not_seen,0
175,2453175.2132,32.0,35.9,1.713,2453175.19785,2453175.23238,49.73333,4.2812,299.3837,-4.88857,301.5908,0.00272,1.01348,9.43109,9.16977,2.2071,0.00676,53.82984,0.19823,0.19847,-0.14419,-0.14405,0,Seen,Seen_eye,Seen_eye;Seen_binoculars;Seen_telescope;Seen_ccd,1
176,2446973.55834,37.2,-84.1,1.058,2446973.54207,2446973.57868,52.71667,4.16679,301.16278,-4.77204,304.24327,0.00271,1.01394,9.45371,8.93883,3.08049,0.00679,53.869,0.19933,0.19956,-0.16663,-0.16649,0,Seen,Seen_binoculars,Seen_binoculars;Seen_telescope;Seen_ccd,0.75
177,2452495.98567,2.3,102.4,1.486,2452495.9736,2452496.00076,39.11667,4.42628,287.1673,-5.00773,286.11094,0.00244,1.01141,9.49283,9.43401,-1.05636,0.00685,59.96719,0.22373,0.22403,-0.1024,-0.10222,0,Seen,Seen_telescope,Seen_telescope;Seen_ccd,0.5
178,2448332.57721,32.4,-111.0,1.077,2448332.56421,2448332.59345,42.1,4.13916,274.38451,-4.77901,271.13561,0.00253,0.99244,9.49039,8.91817,-3.24891,0.00684,57.7875,0.21549,0.21575,-0.15895,-0.15879,0,Not_seen,Not_seen,Not_seen,0
179,2452584.08019,29.6,52.5,1.58,2452584.07,2452584.09292,33.0,3.03853,247.62213,-3.88747,254.09757,0.00241,0.98912,9.47878,6.92599,6.47544,0.00683,60.75259,0.22599,0.2262,-0.35185,-0.35172,0,Seen,Seen_binoculars,Seen_binoculars;Seen_telescope;Seen_ccd,0.75
180,2452584.08076,30.1,52.1,1.581,2452584.0706,2452584.09345,32.9,3.00822,247.48172,-3.86264,254.03632,0.00241,0.98912,9.49302,6.87085,6.5546,0.00685,60.75401,0.22667,0.22688,-0.35695,-0.35682,0,Seen,Seen_binoculars,Seen_binoculars;Seen_telescope;Seen_ccd,0.75
181,2453352.2185,10.3,9.8,0.718,2453352.20881,2453352.23061,31.4,3.0245,240.75079,-3.99103,247.19011,0.00239,0.98214,9.51987,7.01554,6.43932,0.00689,61.1611,0.22948,0.2297,-0.34079,-0.34067,0,Seen,Seen_binoculars,Seen_binoculars;Seen_telescope;Seen_ccd,0.75
182,2443902.48663,38.7,-90.3,0.987,2443902.47078,2443902.50645,51.36667,4.4461,248.80833,-4.98777,250.6874,0.00239,0.98259,9.61877,9.43387,1.87907,0.00703,61.22228,0.2345,0.23482,-0.09595,-0.09576,0,Seen,Seen_eye,Seen_eye;Seen_binoculars;Seen_telescope;Seen_ccd,1
183,2443902.48597,42.0,-91.7,0.986,2443902.46946,2443902.50662,53.51667,4.36487,247.4182,-4.92552,249.93332,0.00239,0.98259,9.62409,9.29038,2.51512,0.00704,61.22909,0.23478,0.2351,-0.11013,-0.10994,0,Seen,Seen_eye,Seen_eye;Seen_binoculars;Seen_telescope;Seen_ccd,1
184,2453352.22349,11.2,7.6,0.723,2453352.21382,2453352.23557,31.31667,2.99892,240.58537,-3.97267,247.18257,0.00239,0.98214,9.59527,6.97159,6.5972,0.007,61.16281,0.23313,0.23335,-0.343,-0.34287,0,Seen,Seen_binoculars,Seen_binoculars;Seen_telescope;Seen_ccd,0.75
185,2446973.57326,42.7,-84.5,1.073,2446973.55566,2446973.59527,57.03333,3.99795,303.64988,-4.61182,307.98853,0.00271,1.01394,9.6393,8.60977,4.33865,0.00706,53.87872,0.20725,0.20748,-0.19475,-0.19461,0,Seen,Seen_eye,Seen_eye;Seen_binoculars;Seen_telescope;Seen_ccd,1
186,2451639.98157,5.3,102.9,1.482,2451639.96993,2451639.99611,37.7,4.44663,274.68618,-4.9756,276.80544,0.0025,0.99818,9.65709,9.42223,2.11926,0.00709,58.49215,0.22583,0.22612,-0.10232,-0.10214,0,Seen,Seen_binoculars,Seen_binoculars;Seen_telescope;Seen_ccd,0.75
187,2443902.49138,42.0,-93.6,0.991,2443902.47475,2443902.51216,53.88333,4.40053,247.40931,-4.95572,249.96327,0.00239,0.98259,9.69781,9.35625,2.55396,0.00715,61.22508,0.23837,0.2387,-0.10139,-0.1012,0,Seen,Seen_eye,Seen_eye;Seen_binoculars;Seen_telescope;Seen_ccd,1
188,2452761.9824,3.2,101.7,1.482,2452761.97028,2452761.99755,39.26667,4.4685,287.46516,-5.03203,285.71101,0.00271,1.00517,9.66074,9.50053,-1.75415,0.00709,53.83226,0.20799,0.20825,-0.10523,-0.10507,0,Seen,Seen_eye,Seen_eye;Seen_binoculars;Seen_telescope;Seen_ccd,1
189,2446973.58836,30.0,-100.0,1.088,2446973.57285,2446973.60775,50.26667,4.48549,298.87619,-5.05366,300.69767,0.00271,1.01394,9.71109,9.53915,1.82149,0.00716,53.84315,0.2102,0.21046,-0.10003,-0.09988,0,Not_seen,Not_seen,Not_seen,0
190,2446412.25083,-32.4,20.8,0.751,2446412.2347,2446412.27098,52.25,4.44367,240.71427,-5.07982,238.45506,0.00242,0.98213,9.78719,9.52349,-2.25922,0.00728,60.48665,0.23985,0.24017,-0.08379,-0.08359,0,Seen,Seen_eye,Seen_eye;Seen_binoculars;Seen_telescope;Seen_ccd,1
191,2441864.73014,-44.0,170.5,1.23,2441864.71512,2441864.74891,48.66667,3.32079,304.75878,-4.19021,298.46573,0.0024,1.01437,9.79584,7.511,-6.29305,0.00729,60.93803,0.24206,0.24231,-0.28371,-0.28356,0,Seen,Seen_binoculars,Seen_binoculars;Seen_telescope;Seen_ccd,0.75
192,2443193.48206,42.7,-83.6,0.982,2443193.46535,2443193.50294,54.13333,4.66413,258.82734,-5.13959,259.22107,0.00259,0.98611,9.8116,9.80372,0.39372,0.00731,56.50046,0.22516,0.22546,-0.06458,-0.0644,0,Seen,Seen_eye,Seen_eye;Seen_binoculars;Seen_telescope;Seen_ccd,1
193,2452112.07057,4.1,73.3,1.571,2452112.05755,2452112.08684,42.18333,4.68687,290.392,-5.20675,290.93126,0.0024,1.01369,9.90827,9.89362,0.53926,0.00746,60.85566,0.2473,0.24766,-0.04231,-0.0421,0,Seen,Seen_eye,Seen_eye;Seen_binoculars;Seen_telescope;Seen_ccd,1
194,2452879.98235,5.3,102.9,1.482,2452879.97,2452879.99778,40.0,4.70975,279.95383,-5.1926,280.33856,0.00249,1.00775,9.90981,9.90236,0.38473,0.00746,58.56656,0.23807,0.23841,-0.04696,-0.04676,0,Seen,Seen_binoculars,Seen_binoculars;Seen_telescope;Seen_ccd,0.75
195,2450724.15274,31.8,34.7,1.653,2450724.1424,2450724.16566,33.5,3.26506,261.11887,-3.9937,268.05205,0.0027,0.99809,10.03456,7.25877,6.93318,0.00765,54.18971,0.22585,0.22605,-0.31866,-0.31853,0,Not_seen,Not_seen,Not_seen,0
196,2452584.12457,31.9,35.8,1.625,2452584.11397,2452584.13782,34.35,3.07685,246.57318,-3.933,253.8799,0.00241,0.98911,10.12208,7.00985,7.30671,0.00778,60.72854,0.25752,0.25777,-0.32458,-0.32444,0,Seen,Seen_binoculars,Seen_binoculars;Seen_telescope;Seen_ccd,0.75
197,2453027.09437,30.0,51.7,1.594,2453027.08402,2453027.1073,33.53333,2.85682,241.67705,-3.83279,249.37651,0.00246,0.98177,10.19612,6.68961,7.69945,0.0079,59.41861,0.25566,0.25588,-0.35772,-0.35759,0,Seen,Seen_binoculars,Seen_binoculars;Seen_telescope;Seen_ccd,0.75
198,2451078.16214,31.8,35.2,1.662,2451078.15119,2451078.17582,35.46667,3.52579,266.52029,-4.18274,273.32017,0.0027,1.00131,10.27564,7.70854,6.79989,0.00802,54.14914,0.23662,0.23685,-0.26721,-0.26707,0,Not_seen,Not_seen,Not_seen,0
199,2450576.14742,32.7,52.3,1.647,2450576.13656,2450576.161,35.18333,3.20994,285.4402,-3.88532,292.99465,0.00251,1.0068,10.36038,7.09526,7.55445,0.00815,58.19264,0.25849,0.25874,-0.31546,-0.31532,0,Seen,Seen_telescope,Seen_telescope;Seen_ccd,0.5
200,2404538.22337,38.0,23.7,1.723,2404538.21141,2404538.23832,38.75,3.54515,280.72619,-3.95474,287.96256,0.00269,1.00271,10.41816,7.49989,7.23638,0.00824,54.29246,0.24386,0.2441,-0.28374,-0.2836,0,Not_seen,Not_seen,Not_seen,0
201,2450576.15578,36.0,50.8,1.656,2450576.14506,2450576.16918,34.73333,3.00341,285.99837,-3.70799,294.08168,0.00252,1.0068,10.50265,6.7114,8.08332,0.00838,58.19835,0.26565,0.26588,-0.34959,-0.34945,0,Not_seen,Not_seen,Not_seen,0
202,2451905.25258,-32.4,20.8,1.753,2451905.24006,2451905.26824,40.58333,3.59845,246.10705,-4.13568,238.92354,0.00271,0.98081,10.55178,7.73413,-7.18352,0.00846,54.05092,0.24902,0.24927,-0.25723,-0.25708,0,Seen,Seen_eye,Seen_eye;Seen_binoculars;Seen_telescope;Seen_ccd,1
203,2451905.2524,-32.3,20.8,1.752,2451905.23987,2451905.26807,40.6,3.60642,246.13165,-4.14037,238.96644,0.00271,0.98081,10.54863,7.74679,-7.16521,0.00845,54.05048,0.24887,0.24912,-0.25606,-0.25591,0,Seen,Seen_eye,Seen_eye;Seen_binoculars;Seen_telescope;Seen_ccd,1
204,2451905.26203,-33.9,18.4,1.762,2451905.24947,2451905.27774,40.71667,3.52808,245.75395,-4.06954,238.25323,0.00271,0.98081,10.67243,7.59762,-7.50072,0.00865,54.05337,0.25474,0.25499,-0.26746,-0.26732,0,Seen,Seen_binoculars,Seen_binoculars;Seen_telescope;Seen_ccd,0.75
205,2450576.19562,31.8,34.9,1.696,2450576.1838,2450576.21039,38.3,3.58992,285.25511,-4.1907,292.91974,0.00252,1.00681,10.91754,7.78062,7.66463,0.00905,58.13694,0.28668,0.28698,-0.23017,-0.22999,0,Seen,Seen_binoculars,Seen_binoculars;Seen_telescope;Seen_ccd,0.75
206,2452643.21422,32.5,3.7,1.714,2452643.20271,2452643.2286,37.28333,2.99338,236.91494,-3.98096,245.38359,0.00253,0.98084,10.96656,6.97435,8.46865,0.00913,57.81324,0.28764,0.2879,-0.31022,-0.31007,0,Not_seen,Not_seen,Not_seen,0
207,2447180.54512,32.2,-111.0,1.045,2447180.53127,2447180.56243,44.86667,3.89865,241.48648,-4.72995,248.91143,0.00239,0.98163,11.37873,8.62861,7.42495,0.00983,61.18566,0.32766,0.32805,-0.12118,-0.12095,0,Seen,Seen_binoculars,Seen_binoculars;Seen_telescope;Seen_ccd,0.75
208,2452289.0918,29.6,52.5,1.592,2452289.07788,2452289.1092,45.1,4.09635,241.20299,-4.84195,248.25024,0.00267,0.98104,11.37778,8.9383,7.04725,0.00983,54.77522,0.29328,0.29361,-0.11049,-0.11029,0,Seen,Seen_binoculars,Seen_binoculars;Seen_telescope;Seen_ccd,0.75
209,2451728.16885,32.6,51.7,1.669,2451728.15605,2451728.18485,41.46667,3.6972,292.33595,-4.2129,300.77761,0.00239,1.0144,11.56359,7.9101,8.44166,0.01015,61.13873,0.3381,0.33848,-0.18691,-0.18668,0,Seen,Seen_telescope,Seen_telescope;Seen_ccd,0.5
210,2451640.13581,32.6,51.7,1.636,2451640.12226,2451640.15275,43.91667,4.33328,273.62917,-4.88687,280.74022,0.0025,0.99824,11.63906,9.22015,7.11105,0.01028,58.57764,0.32816,0.32858,-0.06174,-0.06149,0,Seen,Seen_binoculars,Seen_binoculars;Seen_telescope;Seen_ccd,0.75
211,2451816.21315,-33.9,18.4,1.713,2451816.19939,2451816.23035,44.58333,4.35771,270.96885,-4.92897,263.85123,0.00252,0.99935,11.69575,9.28667,-7.11761,0.01038,57.96964,0.32791,0.32833,-0.05523,-0.05498,0,Seen,Seen_eye,Seen_eye;Seen_binoculars;Seen_telescope;Seen_ccd,1
212,2453027.22691,32.5,3.7,1.727,2453027.21403,2453027.24301,41.73333,3.56049,240.78805,-4.46145,249.42579,0.00247,0.98179,11.78285,8.02195,8.63774,0.01054,59.28983,0.34038,0.34074,-0.17439,-0.17417,0,Seen,Seen_eye,Seen_eye;Seen_binoculars;Seen_telescope;Seen_ccd,1
213,2453264.102,36.6,59.0,1.602,2453264.09123,2453264.11546,34.9,3.25634,266.97234,-3.93521,276.36822,0.00256,1.00295,11.82717,7.19155,9.39588,0.01061,57.20608,0.33088,0.33119,-0.263,-0.26281,0,Seen,Seen_binoculars,Seen_binoculars;Seen_telescope;Seen_ccd,0.75
214,2451344.15843,29.6,52.5,1.658,2451344.14654,2451344.1733,38.53333,3.57225,290.58301,-4.09975,299.73846,0.00241,1.01336,11.93963,7.672,9.15545,0.01082,60.67736,0.35764,0.35803,-0.19928,-0.19905,0,Seen,Seen_telescope,Seen_telescope;Seen_ccd,0.5
215,2452880.14163,32.6,51.7,1.642,2452880.12755,2452880.15924,45.63333,4.58867,277.67677,-4.9895,284.87697,0.00249,1.00773,11.97759,9.57817,7.2002,0.01089,58.65466,0.34791,0.34839,-0.01435,-0.01407,0,Seen,Seen_binoculars,Seen_binoculars;Seen_telescope;Seen_ccd,0.75
216,2453264.12466,26.2,50.5,1.625,2453264.1126,2453264.13973,39.06667,4.197,267.39403,-4.71945,275.39648,0.00256,1.00295,11.97545,8.91644,8.00244,0.01088,57.15691,0.33891,0.33932,-0.0858,-0.08556,0,Seen,Seen_binoculars,Seen_binoculars;Seen_telescope;Seen_ccd,0.75
217,2453264.1261,26.6,50.0,1.626,2453264.11406,2453264.14115,39.0,4.17276,267.35099,-4.69774,275.43676,0.00256,1.00295,11.99723,8.8705,8.08578,0.01092,57.15943,0.34015,0.34056,-0.08966,-0.08942,0,Seen,Seen_binoculars,Seen_binoculars;Seen_telescope;Seen_ccd,0.75
218,2452112.21017,31.9,35.8,1.71,2452112.19509,2452112.22903,48.86667,4.59084,290.39088,-4.96744,297.73901,0.0024,1.01369,12.05114,9.55828,7.34813,0.01102,60.87335,0.3655,0.36602,-0.00607,-0.00577,0,Seen,Seen_binoculars,Seen_binoculars;Seen_telescope;Seen_ccd,0.75
219,2452112.21096,32.6,35.9,1.711,2452112.19589,2452112.22979,48.81667,4.54054,290.5117,-4.9258,298.0093,0.0024,1.01369,12.0705,9.46634,7.4976,0.01105,60.87765,0.3667,0.36722,-0.01457,-0.01427,0,Seen,Seen_eye,Seen_eye;Seen_binoculars;Seen_telescope;Seen_ccd,1
220,2451816.24596,32.5,3.7,1.746,2451816.23168,2451816.26381,46.26667,4.70852,263.58797,-5.17162,270.51232,0.00252,0.99935,12.06002,9.88014,6.92435,0.01104,57.919,0.34828,0.34876,0.01606,0.01634,0,Seen,Seen_eye,Seen_eye;Seen_binoculars;Seen_telescope;Seen_ccd,1
221,2450370.14491,31.8,34.7,1.645,2450370.13279,2450370.16007,39.28333,3.81223,254.60602,-4.51012,263.33467,0.00258,0.99499,12.05463,8.32235,8.72865,0.01103,56.58186,0.33993,0.34031,-0.14461,-0.14439,0,Seen,Seen_telescope,Seen_telescope;Seen_ccd,0.5
222,2452024.14635,32.6,51.7,1.646,2452024.13152,2452024.1649,48.06667,4.67602,281.907,-5.12123,289.01655,0.00256,1.00343,12.09991,9.79725,7.10955,0.01111,57.01548,0.34511,0.34557,0.00591,0.00619,0,Seen,Seen_eye,Seen_eye;Seen_binoculars;Seen_telescope;Seen_ccd,1
223,2453264.12316,35.7,51.4,1.623,2453264.11211,2453264.13697,35.8,3.39778,266.80696,-4.05433,276.31026,0.00256,1.00295,12.07131,7.45211,9.50331,0.01106,57.20905,0.34465,0.34499,-0.22887,-0.22867,0,Seen,Seen_binoculars,Seen_binoculars;Seen_telescope;Seen_ccd,0.75
224,2453264.12443,34.7,50.9,1.624,2453264.11325,2453264.1384,36.21667,3.49348,266.84531,-4.13033,276.21484,0.00256,1.00295,12.07386,7.62381,9.36952,0.01106,57.20397,0.34476,0.34511,-0.21163,-0.21143,0,Not_seen,Not_seen,Not_seen,0
225,2451344.17088,29.4,48.0,1.671,2451344.15872,2451344.18608,39.4,3.67329,290.50638,-4.18268,299.71538,0.00241,1.01336,12.09906,7.85597,9.209,0.01111,60.66432,0.36714,0.36756,-0.17535,-0.1751,0,Seen,Seen_binoculars,Seen_binoculars;Seen_telescope;Seen_ccd,0.75
226,2453264.12651,33.3,50.1,1.627,2453264.11516,2453264.14071,36.78333,3.62228,266.90415,-4.24008,276.08445,0.00256,1.00295,12.08138,7.86236,9.18029,0.01107,57.19707,0.34515,0.34551,-0.18755,-0.18734,0,Seen,Seen_binoculars,Seen_binoculars;Seen_telescope;Seen_ccd,0.75
227,2453264.13188,28.4,48.0,1.632,2453264.11997,2453264.14678,38.61667,4.05212,267.16885,-4.59859,275.61926,0.00256,1.00295,12.08746,8.65071,8.45041,0.01109,57.17113,0.34534,0.34575,-0.1086,-0.10837,0,Seen,Seen_telescope,Seen_telescope;Seen_ccd,0.5
228,2451728.21104,30.4,35.5,1.711,2451728.19727,2451728.22826,44.63333,4.15585,291.64931,-4.58435,300.06625,0.00239,1.0144,12.12837,8.74019,8.41694,0.01116,61.09452,0.37153,0.37201,-0.08437,-0.08409,0,Seen,Seen_eye,Seen_eye;Seen_binoculars;Seen_telescope;Seen_ccd,1
229,2405070.18198,38.0,23.7,1.682,2405070.16961,2405070.19745,40.1,3.82232,258.81089,-4.20511,267.87445,0.0026,0.99721,12.10176,8.02743,9.06356,0.01111,56.34891,0.34118,0.34155,-0.17337,-0.17315,0,Not_seen,Not_seen,Not_seen,0
230,2451640.18032,32.0,35.9,1.68,2451640.16589,2451640.19834,46.73333,4.68272,273.70193,-5.17625,280.82553,0.00249,0.99826,12.15807,9.85897,7.1236,0.01121,58.57097,0.35793,0.35842,0.01958,0.01987,0,Seen,Seen_telescope,Seen_telescope;Seen_ccd,0.5
231,2452762.18146,-33.9,18.4,1.681,2452762.17013,2452762.19564,36.73333,3.21613,295.52493,-4.07458,285.82832,0.00271,1.00524,12.12627,7.29071,-9.69661,0.01116,53.93334,0.32787,0.32816,-0.25485,-0.25468,0,Seen,Seen_telescope,Seen_telescope;Seen_ccd,0.5
232,2452496.18981,-34.0,18.4,1.69,2452496.17514,2452496.20815,47.53333,4.26933,293.74745,-5.01597,285.65496,0.00243,1.0114,12.31093,9.2853,-8.09249,0.0115,60.04818,0.3762,0.37669,-0.02714,-0.02685,0,Seen,Seen_eye,Seen_eye;Seen_binoculars;Seen_telescope;Seen_ccd,1
233,2451935.23273,32.5,3.7,1.733,2451935.21646,2451935.25308,52.73333,4.88832,244.38296,-5.46054,251.13826,0.00272,0.98196,12.35345,10.34886,6.7553,0.01158,53.77367,0.33921,0.33967,0.05762,0.05789,0,Seen,Seen_binoculars,Seen_binoculars;Seen_telescope;Seen_ccd,0.75
234,2452909.56497,32.4,-111.0,1.065,2452909.55253,2452909.58051,40.28333,4.02982,262.40829,-4.61729,271.26149,0.00243,1.00014,12.36935,8.64711,8.8532,0.01161,60.10974,0.38016,0.38062,-0.08866,-0.08839,0,Seen,Seen_binoculars,Seen_binoculars;Seen_telescope;Seen_ccd,0.75
235,2423143.20887,-33.9,18.5,1.709,2423143.19853,2423143.22181,33.51667,3.21057,281.49212,-3.8599,271.34082,0.00268,0.99618,12.36552,7.07047,-10.1513,0.0116,54.57972,0.34497,0.34528,-0.26684,-0.26667,0,Not_seen,Not_seen,Not_seen,0
236,2451640.20644,-33.9,18.4,1.706,2451640.19152,2451640.2251,48.36667,4.79453,281.52113,-5.27717,274.14506,0.00249,0.99827,12.47816,10.0717,-7.37608,0.01181,58.57394,0.37696,0.3775,0.05194,0.05226,0,Seen,Seen_binoculars,Seen_binoculars;Seen_telescope;Seen_ccd,0.75
237,2452880.18497,32.4,36.2,1.685,2452880.17043,2452880.20315,47.11667,4.77152,277.25795,-5.13548,284.90585,0.00249,1.00773,12.5097,9.907,7.6479,0.01187,58.65996,0.37942,0.37996,0.0369,0.03722,0,Seen,Seen_binoculars,Seen_binoculars;Seen_telescope;Seen_ccd,0.75
238,2452909.56552,41.8,-111.8,1.066,2452909.5541,2452909.5798,37.01667,3.17129,261.28198,-3.90199,271.59812,0.00243,1.00014,12.50257,7.07328,10.31613,0.01186,60.1666,0.38872,0.3891,-0.24107,-0.24085,0,Seen,Seen_eye,Seen_eye;Seen_binoculars;Seen_telescope;Seen_ccd,1
239,2452024.19072,31.9,35.8,1.691,2452024.17505,2452024.2103,50.76667,5.01301,281.90728,-5.39915,289.0083,0.00256,1.00345,12.59754,10.41216,7.10102,0.01204,57.01045,0.37393,0.37447,0.08422,0.08454,0,Seen,Seen_binoculars,Seen_binoculars;Seen_telescope;Seen_ccd,0.75
240,2452024.1911,32.6,35.9,1.691,2452024.17543,2452024.21068,50.76667,4.96579,281.95757,-5.35977,289.20359,0.00256,1.00345,12.6087,10.32556,7.24603,0.01206,57.01475,0.37462,0.37515,0.07596,0.07628,0,Seen,Seen_binoculars,Seen_binoculars;Seen_telescope;Seen_ccd,0.75
241,2409883.17022,50.6,5.7,1.67,2409883.14753,2409883.19858,73.5,4.70631,231.57644,-5.07126,239.85527,0.00268,0.98221,12.80518,9.77756,8.27883,0.01244,54.45667,0.369,0.36948,0.0179,0.01818,0,Seen,Seen_eye,Seen_eye;Seen_binoculars;Seen_telescope;Seen_ccd,1
242,2451197.26041,-33.9,18.4,1.76,2451197.24963,2451197.27388,34.91667,3.14163,252.95725,-3.71046,242.17634,0.00257,0.9814,12.76861,6.85209,-10.7809,0.01236,56.93505,0.3836,0.38395,-0.26616,-0.26596,0,Seen,Seen_eye,Seen_eye;Seen_binoculars;Seen_telescope;Seen_ccd,1
243,2451108.14319,31.8,34.7,1.643,2451108.12692,2451108.16353,52.71667,5.31377,253.38494,-5.72808,260.85997,0.00272,0.99281,13.3276,11.04186,7.47503,0.01347,53.69435,0.39399,0.39456,0.15884,0.15917,0,Seen,Seen_binoculars,Seen_binoculars;Seen_telescope;Seen_ccd,0.75
244,2445763.49795,37.2,-84.1,1.998,2445763.48106,2445763.51906,54.71667,5.17977,258.22011,-5.64815,266.17859,0.00271,0.98907,13.43099,10.82792,7.95848,0.01367,53.79488,0.40085,0.40141,0.14142,0.14174,0,Seen,Seen_binoculars,Seen_binoculars;Seen_telescope;Seen_ccd,0.75
245,2404568.24823,38.0,23.7,1.748,2404568.23023,2404568.27072,58.3,5.15688,291.79238,-5.20231,300.45674,0.00272,1.0098,13.49738,10.35919,8.66435,0.01381,53.73303,0.40434,0.4049,0.09656,0.09689,0,Not_seen,Not_seen,Not_seen,0
246,2450813.26016,-33.9,18.4,1.76,2450813.25024,2450813.27256,32.13333,2.79504,251.1392,-3.40167,239.07452,0.0025,0.98093,13.55764,6.19671,-12.06468,0.01393,58.47492,0.44394,0.44431,-0.29689,-0.29668,0,Seen,Seen_eye,Seen_eye;Seen_binoculars;Seen_telescope;Seen_ccd,1
247,2453323.11935,32.0,35.9,1.619,2453323.1095,2453323.13167,31.91667,2.5775,238.61094,-3.65833,250.83407,0.00243,0.98708,13.71604,6.23584,12.22314,0.01426,60.33951,0.46881,0.46918,-0.27875,-0.27854,0,Seen,Seen_binoculars,Seen_binoculars;Seen_telescope;Seen_ccd,0.75
248,2452968.51212,41.5,-112.0,2.012,2452968.50135,2452968.52558,34.88333,2.2425,231.68344,-3.44267,245.29665,0.00239,0.98494,14.7468,5.68517,13.61321,0.01647,61.21926,0.54941,0.54979,-0.28823,-0.28801,0,Not_seen,Not_seen,Not_seen,0
249,2445674.44783,37.2,-84.1,1.948,2445674.42977,2445674.47042,58.53333,4.59808,233.03171,-5.49168,245.95464,0.00262,0.98286,16.38179,10.08977,12.92293,0.0203,55.74756,0.61659,0.6174,0.18967,0.19012,0,Seen,Seen_binoculars,Seen_binoculars;Seen_telescope;Seen_ccd,0.75
250,2452998.16031,49.6,8.7,1.66,2452998.14495,2452998.17951,49.76667,2.35735,220.89886,-3.78368,237.52664,0.00242,0.98129,17.71686,6.14104,16.62778,0.02371,60.40457,0.78053,0.7811,-0.11586,-0.11555,0,Seen,Seen_eye,Seen_eye;Seen_binoculars;Seen_telescope;Seen_ccd,1
251,2448155.162,31.8,34.7,1.662,2448155.15355,2448155.17256,27.36667,2.50474,254.91412,-3.41847,273.32662,0.00265,1.00172,19.3334,5.92321,18.4125,0.0282,55.31978,0.84993,0.85053,-0.10063,-0.10032,0,Seen,Seen_binoculars,Seen_binoculars;Seen_telescope;Seen_ccd,0.75
252,2443577.44277,45.1,-64.2,0.943,2443577.42674,2443577.46281,51.95,4.29043,265.28297,-4.89551,268.73971,0.00252,0.99067,9.81349,9.18594,3.45674,0.00732,58.04119,0.23138,0.23168,-0.12261,-0.12244,0,Seen,Seen_eye,Seen_eye;Seen_binoculars;Seen_telescope;Seen_ccd,1
253,2451551.25297,6.5,3.4,1.753,2451551.23985,2451551.26938,42.51667,4.74499,248.97855,-5.17672,248.00021,0.00269,0.98072,9.9697,9.92171,-0.97833,0.00755,54.22542,0.22309,0.22338,-0.05402,-0.05384,0,Seen,Seen_eye,Seen_eye;Seen_binoculars;Seen_telescope;Seen_ccd,1
254,2449719.67659,19.8,-155.5,1.177,2449719.66286,2449719.69376,44.5,4.69146,249.51948,-5.10136,247.41311,0.00244,0.98092,10.01624,9.79281,-2.10637,0.00762,59.93067,0.24887,0.24922,-0.05146,-0.05125,0,Seen,Seen_eye,Seen_eye;Seen_binoculars;Seen_telescope;Seen_ccd,1
255,2451551.24604,34.0,-6.8,1.746,2451551.23145,2451551.26428,47.28333,4.13257,241.60313,-4.76812,246.12068,0.00269,0.98072,9.97941,8.90068,4.51755,0.00756,54.26857,0.2237,0.22396,-0.15575,-0.1556,0,Seen,Seen_eye,Seen_eye;Seen_binoculars;Seen_telescope;Seen_ccd,1
256,2403003.17715,38.0,23.7,1.677,2403003.16102,2403003.1973,52.25,4.833,252.15398,-5.07146,253.73741,0.00261,0.98375,10.02992,9.90446,1.58344,0.00764,55.93313,0.2329,0.23322,-0.04985,-0.04966,0,Not_seen,Not_seen,Not_seen,0
257,2402619.16354,38.0,23.7,1.664,2402619.14661,2402619.1847,54.85,4.92837,247.176,-5.11133,247.64167,0.00254,0.98145,10.05046,10.03969,0.46566,0.00767,57.38176,0.23991,0.24025,-0.03213,-0.03192,0,Not_seen,Not_seen,Not_seen,0
258,2452821.15505,33.7,58.4,1.655,2452821.13951,2452821.17447,50.33333,4.31515,297.96603,-4.84429,302.08225,0.00263,1.01411,10.04002,9.15944,4.11622,0.00766,55.54641,0.23175,0.23203,-0.12504,-0.12487,0,Seen,Seen_binoculars,Seen_binoculars;Seen_telescope;Seen_ccd,0.75
259,2449897.42789,-30.1,-71.0,0.928,2449897.41236,2449897.4473,50.31667,4.83004,294.18194,-5.2043,293.93325,0.0027,1.01401,10.03741,10.03434,-0.2487,0.00765,54.03576,0.22533,0.22563,-0.04141,-0.04123,0,Seen,Seen_eye,Seen_eye;Seen_binoculars;Seen_telescope;Seen_ccd,1
260,2422729.43889,42.3,-71.1,0.939,2422729.42154,2422729.46057,56.2,4.89683,254.36272,-5.17571,254.49403,0.00269,0.98411,10.07339,10.07254,0.13131,0.00771,54.28852,0.22801,0.22832,-0.03598,-0.0358,0,Seen,Seen_eye,Seen_eye;Seen_binoculars;Seen_telescope;Seen_ccd,1
261,2445763.16866,15.6,35.6,1.669,2445763.15666,2445763.18366,38.88333,4.42075,260.94399,-4.96901,264.54477,0.00272,0.98896,10.05505,9.38977,3.60078,0.00768,53.81578,0.2252,0.22548,-0.10594,-0.10578,0,Not_seen,Not_seen,Not_seen,0
262,2443577.46814,41.3,-72.9,0.968,2443577.45225,2443577.48801,51.5,4.56895,265.80812,-5.12133,268.71139,0.00252,0.99068,10.11485,9.69028,2.90327,0.00777,58.00198,0.24561,0.24594,-0.06366,-0.06346,0,Seen,Seen_eye,Seen_eye;Seen_binoculars;Seen_telescope;Seen_ccd,1
263,2446973.62336,39.8,-105.0,1.123,2446973.60572,2446973.64541,57.15,4.32648,301.89173,-4.87753,306.07404,0.00271,1.01394,10.1078,9.20402,4.18231,0.00776,53.85103,0.22772,0.22798,-0.12301,-0.12285,0,Not_seen,Not_seen,Not_seen,0
264,2443577.47046,42.7,-73.8,0.97,2443577.45428,2443577.49067,52.4,4.54106,265.61678,-5.10179,268.7928,0.00252,0.99068,10.15124,9.64285,3.17602,0.00783,58.00264,0.24738,0.24771,-0.06734,-0.06714,0,Seen,Seen_eye,Seen_eye;Seen_binoculars;Seen_telescope;Seen_ccd,1
265,2446973.62925,33.5,-112.1,1.129,2446973.61264,2446973.65001,53.81667,4.5898,299.56618,-5.11898,302.44368,0.00271,1.01394,10.12524,9.70878,2.87749,0.00779,53.83114,0.22842,0.2287,-0.07211,-0.07194,0,Seen,Seen_eye,Seen_eye;Seen_binoculars;Seen_telescope;Seen_ccd,1
266,2450842.57046,34.2,-118.1,1.07,2450842.55462,2450842.59025,51.31667,4.78931,249.92014,-5.26773,251.75969,0.00244,0.98256,10.22347,10.05705,1.83955,0.00794,59.79195,0.25864,0.25902,-0.0192,-0.01897,0,Seen,Seen_eye,Seen_eye;Seen_binoculars;Seen_telescope;Seen_ccd,1
267,2420573.24817,49.4,8.7,1.748,2420573.22896,2420573.27219,62.25,4.84256,271.45445,-5.26488,273.13712,0.00265,0.9924,10.24618,10.10743,1.68267,0.00797,55.03836,0.23914,0.23946,-0.02582,-0.02562,0,Seen,Seen_eye,Seen_eye;Seen_binoculars;Seen_telescope;Seen_ccd,1
268,2450635.17611,-33.9,18.5,1.676,2450635.15949,2450635.19689,53.85,4.94147,295.12062,-5.31423,293.90115,0.00265,1.01415,10.32775,10.2557,-1.21946,0.0081,55.03855,0.24295,0.24328,-0.00871,-0.00851,0,Seen,Seen_eye,Seen_eye;Seen_binoculars;Seen_telescope;Seen_ccd,1
269,2446973.64505,40.7,-111.9,1.145,2446973.62694,2446973.66767,58.65,4.3663,302.18895,-4.90105,306.75677,0.00271,1.01395,10.32971,9.26736,4.56782,0.0081,53.84599,0.23777,0.23806,-0.11064,-0.11047,0,Seen,Seen_eye,Seen_eye;Seen_binoculars;Seen_telescope;Seen_ccd,1
270,2453175.30503,32.5,3.7,1.805,2453175.28821,2453175.32606,54.51667,4.72198,299.1954,-5.2384,302.11993,0.00271,1.0135,10.3798,9.96038,2.92453,0.00818,53.80616,0.2399,0.24021,-0.04006,-0.03988,0,Seen,Seen_telescope,Seen_telescope;Seen_ccd,0.5
271,2452968.23909,6.5,3.4,1.739,2452968.22696,2452968.25425,39.3,4.14801,244.67309,-4.8981,249.81112,0.00239,0.98496,10.40074,9.04611,5.13802,0.00822,61.19015,0.27392,0.27428,-0.11119,-0.11098,0,Seen,Seen_binoculars,Seen_binoculars;Seen_telescope;Seen_ccd,0.75
272,2446973.6646,37.0,-122.0,1.165,2446973.64694,2446973.68668,57.21667,4.61682,300.51973,-5.11704,304.45011,0.00271,1.01395,10.49564,9.73386,3.93038,0.00837,53.82556,0.24536,0.24567,-0.05945,-0.05926,0,Seen,Seen_eye,Seen_eye;Seen_binoculars;Seen_telescope;Seen_ccd,1
273,2450576.18098,-33.9,18.4,1.681,2450576.16662,2450576.19894,46.53333,4.29643,292.42424,-4.90471,287.15213,0.00252,1.00681,10.60168,9.20114,-5.27211,0.00854,58.09748,0.2702,0.27054,-0.0979,-0.0977,0,Seen,Seen_eye,Seen_eye;Seen_binoculars;Seen_telescope;Seen_ccd,1
274,2452200.09445,29.6,52.5,1.594,2452200.08168,2452200.11042,41.38333,4.18896,256.2154,-4.78263,261.8809,0.00246,0.99409,10.60758,8.97159,5.6655,0.00854,59.54326,0.27723,0.27758,-0.11668,-0.11647,0,Seen,Seen_binoculars,Seen_binoculars;Seen_telescope;Seen_ccd,0.75
275,2404981.25852,38.0,23.7,1.759,2404981.24297,2404981.27796,50.38333,4.21602,297.33212,-4.47152,303.41786,0.00272,1.01409,10.6037,8.68754,6.08574,0.00854,53.79718,0.25029,0.25058,-0.16113,-0.16096,0,Not_seen,Not_seen,Not_seen,0
276,2452200.09481,32.6,51.7,1.595,2452200.08209,2452200.11071,41.2,4.01759,255.59313,-4.64057,261.7858,0.00246,0.99409,10.64137,8.65816,6.19268,0.0086,59.5558,0.27905,0.27939,-0.14694,-0.14674,0,Seen,Seen_binoculars,Seen_binoculars;Seen_telescope;Seen_ccd,0.75
277,2443578.0699,40.5,-89.0,1.57,2443578.49802,2443577.53476,-1387.1,5.89807,91.82101,14.8811,108.93116,0.00254,0.99091,19.05837,8.98302,17.11015,0.02741,57.4528,0.858,0.85947,0.20962,0.2104,0,Seen,Seen_eye,Seen_eye;Seen_binoculars;Seen_telescope;Seen_ccd,1
278,2452407.94926,5.0,114.9,1.449,2452407.93535,2452407.96664,45.06667,5.11259,289.35066,-5.55717,289.0745,0.00263,1.00791,10.67332,10.66976,-0.27616,0.00865,55.50235,0.26162,0.26199,0.04385,0.04407,0,Seen,Seen_binoculars,Seen_binoculars;Seen_telescope;Seen_ccd,0.75
279,2443902.56387,47.6,-122.3,1.064,2443902.54421,2443902.58845,63.7,4.66446,244.41884,-5.19062,248.66248,0.00239,0.98261,10.72782,9.85507,4.24364,0.00874,61.18717,0.29136,0.29178,-0.01995,-0.0197,0,Seen,Seen_eye,Seen_eye;Seen_binoculars;Seen_telescope;Seen_ccd,1
280,2452200.10326,26.6,50.0,1.603,2452200.09032,2452200.11942,41.9,4.38799,256.71692,-4.94736,261.93408,0.00246,0.99408,10.69143,9.33535,5.21716,0.00868,59.52206,0.28151,0.28189,-0.07776,-0.07754,0,Seen,Seen_eye,Seen_eye;Seen_binoculars;Seen_telescope;Seen_ccd,1
281,2446915.06988,26.7,-81.8,1.57,2446915.4989,2446914.5336,-1390.03333,23.92155,75.63399,36.56069,91.50312,0.00264,1.00459,18.597,12.63914,15.86913,0.02611,50.74745,0.72193,0.72625,0.50234,0.50468,0,Seen,Seen_eye,Seen_eye;Seen_binoculars;Seen_telescope;Seen_ccd,1
282,2446915.07257,38.9,-77.1,1.573,2446915.49903,2446914.5395,-1381.71667,30.76468,84.72108,39.60207,104.63125,0.00264,1.00459,18.45813,8.83738,19.91017,0.02572,47.70235,0.6686,0.67335,0.09308,0.09568,0,Seen,Seen_eye,Seen_eye;Seen_binoculars;Seen_telescope;Seen_ccd,1
283,2451197.12385,26.1,44.0,1.624,2451197.10833,2451197.14325,50.28333,5.08663,248.03192,-5.50199,249.789,0.00257,0.98137,10.73301,10.58862,1.75708,0.00875,56.72583,0.27037,0.27077,0.04095,0.04119,0,Seen,Seen_eye,Seen_eye;Seen_binoculars;Seen_telescope;Seen_ccd,1
284,2451197.1247,26.1,43.7,1.625,2451197.10917,2451197.14412,50.33333,5.09187,248.03124,-5.50654,249.79141,0.00257,0.98137,10.74317,10.59841,1.76017,0.00876,56.72581,0.27088,0.27128,0.04223,0.04247,0,Seen,Seen_binoculars,Seen_binoculars;Seen_telescope;Seen_ccd,0.75
285,2446914.51758,28.0,-82.5,1.018,2446914.50168,2446914.53745,51.51667,5.06713,290.25732,-5.63757,289.41067,0.00263,1.00439,10.73803,10.7047,-0.84665,0.00876,55.58369,0.26518,0.26556,0.04946,0.04969,0,Not_seen,Not_seen,Not_seen,0
286,2453322.92987,4.9,114.8,1.43,2453322.91822,2453322.94443,37.75,4.03085,246.02054,-4.80865,252.19085,0.00243,0.98709,10.77647,8.8395,6.17031,0.00882,60.20004,0.28925,0.28961,-0.12275,-0.12254,0,Seen,Seen_binoculars,Seen_binoculars;Seen_telescope;Seen_ccd,0.75
287,2452200.11423,24.6,46.5,1.614,2452200.10112,2452200.13061,42.46667,4.54151,256.99037,-5.07141,261.94684,0.00246,0.99408,10.81281,9.61293,4.95647,0.00888,59.50249,0.28783,0.28822,-0.04626,-0.04602,0,Seen,Seen_binoculars,Seen_binoculars;Seen_telescope;Seen_ccd,0.75
288,2408170.29963,51.5,-2.6,1.8,2408170.27762,2408170.32715,71.33333,5.17657,282.07227,-5.5599,283.67138,0.00253,0.99706,10.85455,10.73646,1.5991,0.00895,57.58589,0.28071,0.28113,0.06187,0.06213,0,Seen,Seen_eye,Seen_eye;Seen_binoculars;Seen_telescope;Seen_ccd,1
289,2446914.52573,36.2,-81.7,1.026,2446914.50793,2446914.54797,57.66667,5.11066,291.30209,-5.67805,292.27424,0.00263,1.00439,10.83228,10.7887,0.97215,0.00891,55.57566,0.2698,0.27019,0.06062,0.06085,0,Seen,Seen_eye,Seen_eye;Seen_binoculars;Seen_telescope;Seen_ccd,1
290,2443577.5268,41.6,-93.6,1.027,2443577.50969,2443577.54818,55.43333,4.93319,265.77273,-5.42676,269.03381,0.00252,0.9907,10.85974,10.35994,3.26107,0.00895,57.93101,0.28266,0.28307,0.02538,0.02562,0,Seen,Seen_eye,Seen_eye;Seen_binoculars;Seen_telescope;Seen_ccd,1
291,2443902.579,37.8,-122.4,1.079,2443902.56133,2443902.60109,57.25,5.10685,249.03782,-5.53296,251.31285,0.00239,0.98261,10.87964,10.63982,2.27503,0.00899,61.14334,0.29942,0.2999,0.0633,0.06358,0,Seen,Seen_eye,Seen_eye;Seen_binoculars;Seen_telescope;Seen_ccd,1
292,2443518.4378,38.9,-76.9,0.938,2443518.41903,2443518.46127,60.83333,5.20036,244.31063,-5.55749,246.03839,0.0024,0.9811,10.89531,10.75785,1.72775,0.00901,60.74904,0.29835,0.29882,0.07446,0.07475,0,Seen,Seen_eye,Seen_eye;Seen_binoculars;Seen_telescope;Seen_ccd,1
293,2446914.52997,33.7,-84.4,1.03,2446914.51266,2446914.55161,56.08333,5.15548,290.90313,-5.71417,291.33692,0.00263,1.00439,10.87827,10.86965,0.43379,0.00898,55.56954,0.27206,0.27245,0.07005,0.07029,0,Not_seen,Not_seen,Not_seen,0
294,2452378.30874,30.5,-9.7,1.809,2452378.2952,2452378.32566,43.86667,4.42232,278.20205,-4.93356,283.70671,0.00269,1.00024,10.852,9.35588,5.50466,0.00894,54.386,0.26498,0.26531,-0.08553,-0.08534,0,Seen,Seen_telescope,Seen_telescope;Seen_ccd,0.5
295,2451935.09865,29.6,52.5,1.599,2451935.08455,2451935.11627,45.68333,4.33303,245.44243,-4.97487,251.12229,0.00272,0.98193,10.90073,9.30791,5.67986,0.00902,53.80588,0.26451,0.26482,-0.09061,-0.09043,0,Seen,Seen_eye,Seen_eye;Seen_binoculars;Seen_telescope;Seen_ccd,1
296,2451935.09697,32.6,51.7,1.597,2451935.08291,2451935.11455,45.56667,4.13447,244.43348,-4.82021,250.67272,0.00272,0.98193,10.91026,8.95469,6.23924,0.00904,53.81957,0.26504,0.26534,-0.12562,-0.12544,0,Seen,Seen_eye,Seen_eye;Seen_binoculars;Seen_telescope;Seen_ccd,1
297,2446914.53756,33.0,-87.4,1.038,2446914.52027,2446914.55918,56.03333,5.20317,290.81587,-5.75769,291.11798,0.00263,1.00439,10.96501,10.96086,0.30212,0.00913,55.56138,0.27636,0.27677,0.08173,0.08197,0,Not_seen,Not_seen,Not_seen,0
298,2440683.53722,44.5,-88.0,1.037,2440683.51748,2440683.5619,63.96667,5.18541,284.10173,-5.77127,285.14884,0.00249,0.9986,11.00645,10.95668,1.04711,0.0092,58.52591,0.2933,0.29376,0.09136,0.09163,0,Seen,Seen_eye,Seen_eye;Seen_binoculars;Seen_telescope;Seen_ccd,1
299,2453116.11123,27.3,62.4,1.611,2453116.09566,2453116.13068,50.43333,5.19616,284.64197,-5.64124,286.35679,0.00268,1.00229,10.97184,10.83741,1.71482,0.00914,54.52912,0.27156,0.27195,0.06654,0.06677,0,Seen,Seen_binoculars,Seen_binoculars;Seen_telescope;Seen_ccd,0.75
300,2422434.28109,43.5,7.0,1.781,2422434.26323,2422434.30341,57.86667,4.74347,286.10469,-5.19017,290.88573,0.00243,1.00254,11.0217,9.93364,4.78104,0.00922,60.01837,0.30162,0.30205,-0.00603,-0.00577,0,Seen,Seen_eye,Seen_eye;Seen_binoculars;Seen_telescope;Seen_ccd,1
301,2446914.54145,30.0,-90.1,1.041,2446914.52472,2446914.56236,54.2,5.2278,290.47277,-5.77626,290.11689,0.00263,1.00439,11.0098,11.00406,-0.35588,0.0092,55.55717,0.2786,0.27901,0.08738,0.08762,0,Seen,Seen_eye,Seen_eye;Seen_binoculars;Seen_telescope;Seen_ccd,1
302,2443518.45069,36.0,-79.8,0.951,2443518.43237,2443518.47358,59.33333,5.33428,245.62706,-5.65916,246.7809,0.0024,0.9811,11.05364,10.99344,1.15383,0.00928,60.72992,0.30696,0.30746,0.10311,0.10341,0,Seen,Seen_eye,Seen_eye;Seen_binoculars;Seen_telescope;Seen_ccd,1
303,2446914.54383,42.7,-84.5,1.044,2446914.52394,2446914.5687,64.46667,5.09356,292.8504,-5.6791,295.35261,0.00263,1.00439,11.05859,10.77265,2.5022,0.00928,55.56767,0.28112,0.28152,0.06574,0.06597,0,Seen,Seen_eye,Seen_eye;Seen_binoculars;Seen_telescope;Seen_ccd,1
304,2451816.16541,26.2,32.7,1.665,2451816.15197,2451816.18221,43.55,4.71345,265.04649,-5.17883,269.96677,0.00252,0.99936,11.04563,9.89228,4.92028,0.00926,57.97356,0.2926,0.29301,-0.01549,-0.01525,0,Seen,Seen_eye,Seen_eye;Seen_binoculars;Seen_telescope;Seen_ccd,1
305,2443518.45738,34.0,-81.1,0.957,2443518.4394,2443518.47985,58.25,5.39988,246.46387,-5.71237,247.19885,0.0024,0.9811,11.13645,11.11225,0.73498,0.00942,60.72024,0.31151,0.31203,0.11768,0.11798,0,Seen,Seen_eye,Seen_eye;Seen_binoculars;Seen_telescope;Seen_ccd,1
306,2446914.54971,40.8,-87.7,1.05,2446914.53024,2446914.57404,63.06667,5.17592,292.32232,-5.7434,294.42527,0.00263,1.0044,11.11937,10.91932,2.10296,0.00939,55.55743,0.28415,0.28457,0.0822,0.08245,0,Not_seen,Not_seen,Not_seen,0
307,2452200.14759,-4.0,39.7,1.648,2452200.13372,2452200.16494,44.96667,5.36301,260.76856,-5.7447,260.08837,0.00246,0.99408,11.12846,11.10772,-0.68019,0.0094,59.40687,0.30434,0.30483,0.11299,0.11328,0,Seen,Seen_eye,Seen_eye;Seen_binoculars;Seen_telescope;Seen_ccd,1
308,2451935.12164,24.6,46.5,1.622,2451935.10718,2451935.13971,46.85,4.74017,246.92187,-5.29743,251.68043,0.00272,0.98194,11.10581,10.0376,4.75856,0.00936,53.77713,0.27438,0.27473,-0.01177,-0.01156,0,Seen,Seen_binoculars,Seen_binoculars;Seen_telescope;Seen_ccd,0.75
309,2451256.12588,29.6,52.2,1.626,2451256.11177,2451256.14351,45.7,4.71172,266.82641,-5.24594,271.86927,0.00244,0.99293,11.15889,9.95766,5.04286,0.00945,59.92607,0.30867,0.30911,0.00054,0.0008,0,Seen,Seen_eye,Seen_eye;Seen_binoculars;Seen_telescope;Seen_ccd,1
310,2443518.46363,29.9,-81.3,0.964,2443518.44641,2443518.48515,55.78333,5.46136,248.01566,-5.75212,247.8383,0.0024,0.98111,11.21487,11.21348,-0.17736,0.00955,60.7111,0.31585,0.31638,0.13036,0.13067,0,Seen,Seen_eye,Seen_eye;Seen_binoculars;Seen_telescope;Seen_ccd,1
311,2443518.46291,41.9,-87.6,0.963,2443518.44277,2443518.48809,65.26667,5.28882,242.67717,-5.63667,245.28112,0.0024,0.98111,11.23059,10.92549,2.60395,0.00957,60.72863,0.31682,0.31734,0.10213,0.10244,0,Seen,Seen_eye,Seen_eye;Seen_binoculars;Seen_telescope;Seen_ccd,1
312,2452200.13992,31.9,35.8,1.64,2452200.12666,2452200.15649,42.96667,4.24469,255.32199,-4.83472,261.89254,0.00246,0.99408,11.20341,9.07941,6.57055,0.00953,59.50941,0.30897,0.30936,-0.08711,-0.08687,0,Seen,Seen_telescope,Seen_telescope;Seen_ccd,0.5
313,2443518.4666,33.9,-84.3,0.967,2443518.44845,2443518.48928,58.8,5.46544,246.48607,-5.76353,247.25305,0.0024,0.98111,11.25505,11.22897,0.76698,0.00962,60.70927,0.3181,0.31864,0.13323,0.13355,0,Seen,Seen_eye,Seen_eye;Seen_binoculars;Seen_telescope;Seen_ccd,1
314,2445852.18582,15.6,35.6,1.686,2445852.17009,2445852.20549,50.96667,5.3858,293.89703,-5.81477,294.80271,0.00255,1.01162,11.23701,11.20057,0.90568,0.00959,57.19742,0.29874,0.29921,0.11897,0.11924,0,Not_seen,Not_seen,Not_seen,0
315,2443518.46708,43.0,-89.8,0.967,2443518.44652,2443518.49279,66.63333,5.28241,242.03693,-5.63172,244.92982,0.0024,0.98111,11.28988,10.91412,2.89289,0.00968,60.72728,0.32016,0.32068,0.10296,0.10327,0,Seen,Seen_eye,Seen_eye;Seen_binoculars;Seen_telescope;Seen_ccd,1
316,2446914.56333,30.3,-97.7,1.063,2446914.54613,2446914.58481,55.7,5.36554,290.53337,-5.89268,290.29836,0.00263,1.0044,11.26066,11.25822,-0.23501,0.00963,55.53336,0.29127,0.29171,0.12031,0.12057,0,Seen,Seen_eye,Seen_eye;Seen_binoculars;Seen_telescope;Seen_ccd,1
317,2451256.1297,36.0,50.8,1.63,2451256.11543,2451256.14755,46.25,4.39084,266.18228,-4.98625,272.4315,0.00244,0.99293,11.26475,9.3771,6.24923,0.00963,59.95405,0.31468,0.3151,-0.05397,-0.05372,0,Seen,Seen_eye,Seen_eye;Seen_binoculars;Seen_telescope;Seen_ccd,1
318,2443518.47044,27.7,-82.7,0.97,2443518.45354,2443518.49157,54.76667,5.50309,248.75963,-5.78198,248.10571,0.0024,0.98111,11.30394,11.28508,-0.65391,0.0097,60.70362,0.32083,0.32137,0.14045,0.14077,0,Seen,Seen_eye,Seen_eye;Seen_binoculars;Seen_telescope;Seen_ccd,1
319,2422729.55804,32.2,-110.0,1.058,2422729.54137,2422729.57889,54.03333,5.51972,257.47907,-5.65806,255.9481,0.00269,0.98415,11.2818,11.17777,-1.53098,0.00966,54.26979,0.28571,0.28614,0.10897,0.10923,0,Seen,Seen_eye,Seen_eye;Seen_binoculars;Seen_telescope;Seen_ccd,1
320,2422729.56039,35.2,-111.7,1.06,2422729.54294,2422729.58221,56.55,5.56579,256.64979,-5.70144,255.7814,0.00269,0.98415,11.30054,11.26724,-0.86839,0.00969,54.26626,0.28664,0.28708,0.11847,0.11873,0,Seen,Seen_eye,Seen_eye;Seen_binoculars;Seen_telescope;Seen_ccd,1
321,2446914.56806,41.6,-93.7,1.068,2446914.548,2446914.59314,65.0,5.26238,292.54772,-5.82048,294.92217,0.00263,1.0044,11.33358,11.08286,2.37445,0.00975,55.54018,0.29508,0.29552,0.10503,0.10529,0,Not_seen,Not_seen,Not_seen,0
322,2451256.14213,24.6,46.5,1.642,2451256.12779,2451256.16005,46.45,5.05354,267.38537,-5.52356,271.47314,0.00244,0.99293,11.33743,10.57711,4.08777,0.00976,59.90088,0.31846,0.31895,0.06826,0.06854,0,Seen,Seen_eye,Seen_eye;Seen_binoculars;Seen_telescope;Seen_ccd,1
323,2452762.13863,27.7,54.4,1.639,2452762.1226,2452762.15866,51.91667,5.25214,287.46571,-5.6521,290.66729,0.00271,1.00522,11.36317,10.90424,3.20158,0.0098,53.78662,0.28725,0.28766,0.08253,0.08278,0,Seen,Seen_telescope,Seen_telescope;Seen_ccd,0.5
324,2451728.17094,-32.4,20.8,1.671,2451728.15479,2451728.19113,52.33333,4.62154,299.66801,-5.2663,293.94303,0.00239,1.0144,11.42201,9.88784,-5.72498,0.0099,61.06654,0.3295,0.32998,0.00582,0.0061,0,Seen,Seen_eye,Seen_eye;Seen_binoculars;Seen_telescope;Seen_ccd,1
325,2452643.26746,-33.9,18.4,1.767,2452643.25075,2452643.28834,54.13333,4.74279,243.73227,-5.14769,238.0321,0.00253,0.98085,11.41194,9.89048,-5.70017,0.00989,57.65784,0.31056,0.311,-0.00506,-0.0048,0,Seen,Seen_eye,Seen_eye;Seen_binoculars;Seen_telescope;Seen_ccd,1
326,2453116.14864,32.8,51.0,1.649,2453116.13179,2453116.1697,54.58333,5.29408,285.02127,-5.7248,287.98193,0.00268,1.0023,11.40851,11.01888,2.96066,0.00988,54.50752,0.29342,0.29385,0.09765,0.09791,0,Seen,Seen_eye,Seen_eye;Seen_binoculars;Seen_telescope;Seen_ccd,1
327,2443518.4805,41.6,-93.6,0.981,2443518.46007,2443518.50604,66.2,5.4084,242.79602,-5.73444,245.46606,0.0024,0.98111,11.45729,11.14285,2.67004,0.00996,60.70839,0.32959,0.33014,0.13138,0.1317,0,Seen,Seen_eye,Seen_eye;Seen_binoculars;Seen_telescope;Seen_ccd,1
328,2423202.17424,-33.9,18.5,1.674,2423202.15727,2423202.19546,55.0,5.06993,296.50847,-5.42332,292.00185,0.00256,1.01098,11.41756,10.49325,-4.50661,0.00989,57.10127,0.30787,0.30832,0.05363,0.05389,0,Seen,Seen_eye,Seen_eye;Seen_binoculars;Seen_telescope;Seen_ccd,1
329,2452525.43889,10.7,-61.5,0.939,2452525.42484,2452525.45645,45.51667,5.42227,274.7429,-5.7704,277.0977,0.0024,1.00526,11.43693,11.19267,2.3548,0.00993,60.84125,0.32914,0.32969,0.1361,0.13642,0,Seen,Seen_eye,Seen_eye;Seen_binoculars;Seen_telescope;Seen_ccd,1
330,2452112.16638,32.6,51.7,1.666,2452112.15201,2452112.18433,46.53333,4.29286,290.83825,-4.73516,297.87379,0.0024,1.01369,11.44118,9.02802,7.03554,0.00994,60.89563,0.32968,0.33012,-0.08005,-0.0798,0,Seen,Seen_eye,Seen_eye;Seen_binoculars;Seen_telescope;Seen_ccd,1
331,2452584.23702,-33.9,18.4,1.737,2452584.22086,2452584.25722,52.36667,4.84603,252.27769,-5.32676,246.93961,0.00241,0.98909,11.48501,10.1728,-5.33807,0.01001,60.54106,0.33027,0.33076,0.03477,0.03506,0,Seen,Seen_eye,Seen_eye;Seen_binoculars;Seen_telescope;Seen_ccd,1
332,2446914.58153,30.6,-104.0,1.082,2446914.56394,2446914.60352,57.0,5.47908,290.58885,-5.98983,290.46876,0.00263,1.00441,11.46954,11.46891,-0.1201,0.00998,55.51342,0.30203,0.3025,0.14775,0.14802,0,Seen,Seen_eye,Seen_eye;Seen_binoculars;Seen_telescope;Seen_ccd,1
333,2451461.97,5.3,102.9,1.47,2451461.95584,2451461.98769,45.85,5.55462,263.13557,-5.87474,263.92103,0.00266,0.99606,11.45623,11.42936,0.78546,0.00996,54.86628,0.29782,0.29828,0.1413,0.14158,0,Seen,Seen_eye,Seen_eye;Seen_binoculars;Seen_telescope;Seen_ccd,1
334,2443518.48754,30.9,-90.2,0.988,2443518.46963,2443518.50992,58.01667,5.62988,247.61696,-5.89153,247.79572,0.0024,0.98111,11.52279,11.52141,0.17876,0.01008,60.68236,0.33322,0.33379,0.17136,0.1717,0,Seen,Seen_eye,Seen_eye;Seen_binoculars;Seen_telescope;Seen_ccd,1
335,2440742.57472,28.0,-97.0,1.075,2440742.55642,2440742.59759,59.28333,5.4876,298.49989,-5.97303,299.41534,0.00264,1.0121,11.49702,11.46064,0.91546,0.01003,55.34663,0.30256,0.30303,0.14723,0.14751,0,Seen,Seen_eye,Seen_eye;Seen_binoculars;Seen_telescope;Seen_ccd,1
336,2422729.57903,34.2,-118.0,1.079,2422729.56153,2422729.60091,56.71667,5.66517,256.94301,-5.78045,255.91402,0.00269,0.98415,11.49163,11.44562,-1.02899,0.01002,54.26258,0.29636,0.29682,0.14207,0.14234,0,Seen,Seen_eye,Seen_eye;Seen_binoculars;Seen_telescope;Seen_ccd,1
337,2440742.57516,26.3,-98.2,1.075,2440742.55718,2440742.59764,58.26667,5.50042,298.23961,-5.98865,298.73696,0.00264,1.0121,11.49979,11.48907,0.49735,0.01004,55.34523,0.3027,0.30317,0.15016,0.15043,0,Seen,Seen_eye,Seen_eye;Seen_binoculars;Seen_telescope;Seen_ccd,1
338,2443518.48874,30.0,-90.2,0.989,2443518.471,2443518.51091,57.48333,5.6408,247.94289,-5.89736,247.91443,0.0024,0.98111,11.53819,11.53816,-0.02846,0.0101,60.68064,0.33409,0.33467,0.17355,0.17389,0,Seen,Seen_eye,Seen_eye;Seen_binoculars;Seen_telescope;Seen_ccd,1
339,2451581.10189,36.2,51.7,1.602,2451581.08616,2451581.12155,50.96667,4.60434,248.30819,-5.19095,254.30985,0.00264,0.98355,11.48386,9.7953,6.00166,0.01001,55.40953,0.30222,0.30261,-0.01951,-0.01927,0,Seen,Seen_eye,Seen_eye;Seen_binoculars;Seen_telescope;Seen_ccd,1
340,2450813.13325,31.3,35.2,1.633,2450813.11525,2450813.15575,58.31667,5.53172,244.45801,-5.84221,246.42082,0.00251,0.98091,11.5415,11.37393,1.9628,0.01011,58.21071,0.32068,0.3212,0.14925,0.14955,0,Seen,Seen_eye,Seen_eye;Seen_binoculars;Seen_telescope;Seen_ccd,1
341,2450813.13495,31.3,34.6,1.635,2450813.11692,2450813.15749,58.41667,5.5422,244.45315,-5.85069,246.4262,0.00251,0.98091,11.56192,11.39289,1.97305,0.01015,58.21051,0.32181,0.32234,0.15181,0.15212,0,Seen,Seen_binoculars,Seen_binoculars;Seen_telescope;Seen_ccd,0.75
342,2452762.15199,32.6,51.7,1.652,2452762.13535,2452762.1728,53.93333,5.14715,287.94711,-5.55784,292.24566,0.00271,1.00523,11.53344,10.70499,4.29855,0.0101,53.79713,0.29595,0.29637,0.06776,0.06801,0,Seen,Seen_eye,Seen_eye;Seen_binoculars;Seen_telescope;Seen_ccd,1
343,2452289.11592,24.6,46.5,1.616,2452289.10139,2452289.13407,47.06667,4.59095,242.8379,-5.23912,248.98832,0.00267,0.98105,11.59154,9.83007,6.15042,0.0102,54.72996,0.30411,0.3045,-0.01491,-0.01468,0,Seen,Seen_binoculars,Seen_binoculars;Seen_telescope;Seen_ccd,0.75
344,2430702.41325,40.7,-74.0,0.913,2430702.39463,2430702.43652,60.31667,4.82701,238.57945,-5.2873,244.3908,0.00239,0.9826,11.66116,10.1143,5.81135,0.01032,60.99593,0.343,0.34351,0.03639,0.03669,0,Seen,Seen_eye,Seen_eye;Seen_binoculars;Seen_telescope;Seen_ccd,1
345,2448008.06782,41.6,-73.7,1.568,2448008.49108,2448007.53874,-1371.36667,31.3973,85.33021,39.41492,108.92668,0.00239,1.00413,20.75775,8.01761,23.59647,0.03246,52.24622,0.924,0.93131,0.1478,0.15163,0,Seen,Seen_binoculars,Seen_binoculars;Seen_telescope;Seen_ccd,0.75
346,2452821.307,32.5,3.7,1.807,2452821.28928,2452821.32916,57.41667,5.12923,296.92384,-5.48388,301.98086,0.00263,1.01413,11.75322,10.61312,5.05702,0.01048,55.55201,0.31732,0.31778,0.07119,0.07146,0,Seen,Seen_telescope,Seen_telescope;Seen_ccd,0.5
347,2422906.19031,-33.9,18.5,1.69,2422906.17196,2422906.21325,59.46667,5.83371,286.43512,-5.965,286.83324,0.00239,1.01207,11.8054,11.79871,0.39813,0.01058,60.97419,0.35138,0.35202,0.20973,0.2101,0,Seen,Seen_eye,Seen_eye;Seen_binoculars;Seen_telescope;Seen_ccd,1
348,2443134.44912,43.8,-87.7,0.949,2443134.4281,2443134.47538,68.08333,5.12312,237.56146,-5.56078,242.58659,0.00245,0.9813,11.80356,10.6839,5.02513,0.01057,59.67418,0.34379,0.34432,0.09381,0.09412,0,Seen,Seen_eye,Seen_eye;Seen_binoculars;Seen_telescope;Seen_ccd,1
349,2443134.45591,29.9,-81.3,0.956,2443134.43765,2443134.47873,59.15,5.69923,244.61587,-5.98625,246.3532,0.00245,0.9813,11.81348,11.68548,1.73733,0.01059,59.613,0.34401,0.3446,0.19409,0.19444,0,Seen,Seen_eye,Seen_eye;Seen_binoculars;Seen_telescope;Seen_ccd,1
350,2443519.06741,29.7,-98.1,1.567,2443519.49397,2443518.53421,-1382.05,-12.04131,99.50253,0.77862,115.99082,0.00242,0.98121,20.7947,12.81993,16.48828,0.03257,59.31437,1.0527,1.04891,0.69463,0.69269,0,Seen,Seen_eye,Seen_eye;Seen_binoculars;Seen_telescope;Seen_ccd,1
351,2451256.17403,31.9,35.2,1.674,2451256.15894,2451256.19291,48.91667,4.9445,266.65149,-5.44511,272.27559,0.00244,0.99294,11.81047,10.38961,5.6241,0.01058,59.92117,0.34561,0.34613,0.06544,0.06575,0,Seen,Seen_eye,Seen_eye;Seen_binoculars;Seen_telescope;Seen_ccd,1
352,2443577.59823,50.3,-119.3,1.098,2443577.57787,2443577.62368,65.96667,5.00062,264.47046,-5.50205,269.90186,0.00252,0.99072,11.82045,10.50267,5.4314,0.0106,57.87555,0.33437,0.33487,0.07017,0.07045,0,Seen,Seen_eye,Seen_eye;Seen_binoculars;Seen_telescope;Seen_ccd,1
353,2452496.15715,32.6,51.7,1.657,2452496.14203,2452496.17606,49.01667,4.74952,285.91629,-5.12124,292.4147,0.00243,1.0114,11.8134,9.87076,6.49841,0.01059,59.99817,0.34623,0.34673,0.01392,0.01421,0,Seen,Seen_eye,Seen_eye;Seen_binoculars;Seen_telescope;Seen_ccd,1
354,2449986.2151,-33.9,18.4,1.715,2449986.19752,2449986.23707,56.95,5.69383,266.19529,-6.07213,264.85766,0.00252,1.00042,11.84149,11.76596,-1.33763,0.01064,57.9472,0.33598,0.33654,0.19744,0.19777,0,Seen,Seen_binoculars,Seen_binoculars;Seen_telescope;Seen_ccd,0.75
355,2452762.17559,38.2,46.0,1.676,2452762.15801,2452762.19757,56.96667,5.00323,288.87249,-5.42747,294.45444,0.00271,1.00524,11.82672,10.43071,5.58195,0.01061,53.81191,0.31123,0.31165,0.04935,0.0496,0,Seen,Seen_eye,Seen_eye;Seen_binoculars;Seen_telescope;Seen_ccd,1
356,2446914.6182,40.7,-111.9,1.118,2446914.59738,2446914.64422,67.45,5.57628,292.33965,-6.08701,294.74673,0.00263,1.00442,11.90823,11.66328,2.40708,0.01076,55.48521,0.32533,0.32584,0.18091,0.18121,0,Seen,Seen_eye,Seen_eye;Seen_binoculars;Seen_telescope;Seen_ccd,1
357,2406428.26322,38.0,23.7,1.763,2406428.24334,2406428.28807,64.4,5.25509,300.17768,-5.42482,305.54921,0.00239,1.01426,11.95116,10.67991,5.37153,0.01084,61.05616,0.36057,0.36115,0.10322,0.10356,0,Not_seen,Not_seen,Not_seen,0
358,2451551.43212,10.0,-61.5,1.932,2451551.41612,2451551.45211,51.81667,5.8395,248.40571,-6.08411,248.29735,0.00269,0.98074,11.9241,11.9236,-0.10836,0.01079,54.17842,0.31851,0.31902,0.20293,0.20324,0,Seen,Seen_binoculars,Seen_binoculars;Seen_telescope;Seen_ccd,0.75
359,2453086.50281,36.8,-81.8,2.003,2453086.48632,2453086.52343,53.43333,5.1333,269.74989,-5.57594,275.04135,0.00262,0.99394,11.94175,10.70924,5.29146,0.01082,55.78999,0.32895,0.32943,0.08764,0.08792,0,Seen,Seen_eye,Seen_eye;Seen_binoculars;Seen_telescope;Seen_ccd,1
360,2443134.46406,42.0,-91.6,0.964,2443134.44321,2443134.49013,67.56667,5.30536,238.66086,-5.70802,243.38637,0.00245,0.9813,11.98148,11.01338,4.72551,0.01089,59.64721,0.35403,0.3546,0.13275,0.13308,0,Seen,Seen_eye,Seen_eye;Seen_binoculars;Seen_telescope;Seen_ccd,1
361,2451581.14292,36.2,37.2,1.643,2451581.12647,2451581.16348,53.3,4.84297,248.29468,-5.39417,254.47467,0.00264,0.98356,11.95361,10.23714,6.17999,0.01084,55.40867,0.32735,0.32779,0.03949,0.03975,0,Seen,Seen_binoculars,Seen_binoculars;Seen_telescope;Seen_ccd,0.75
362,2434808.06652,44.5,-88.0,1.567,2434808.49015,2434807.53698,-1372.56667,8.30903,89.72277,12.02087,110.64528,0.0024,0.99007,20.91849,3.71184,20.92251,0.03296,60.33146,1.08339,1.08614,-0.2005,-0.1991,0,Seen,Seen_eye,Seen_eye;Seen_binoculars;Seen_telescope;Seen_ccd,1
363,2453027.26543,-33.9,18.4,1.765,2453027.24861,2453027.28646,54.5,5.01816,248.17718,-5.33929,241.92033,0.00247,0.9818,12.09619,10.35745,-6.25685,0.0111,59.15069,0.35781,0.35835,0.06936,0.06968,0,Seen,Seen_eye,Seen_eye;Seen_binoculars;Seen_telescope;Seen_ccd,1
364,2452200.22504,10.3,9.8,1.725,2452200.21014,2452200.24367,48.28333,5.71035,258.50067,-6.05028,261.44679,0.00246,0.99406,12.12277,11.76064,2.94612,0.01115,59.32069,0.36041,0.36103,0.2112,0.21156,0,Seen,Seen_eye,Seen_eye;Seen_binoculars;Seen_telescope;Seen_ccd,1
365,2446914.6411,37.0,-122.0,1.141,2446914.62087,2446914.6664,65.56667,5.79075,291.55136,-6.26426,293.15893,0.00263,1.00443,12.16132,12.055,1.60757,0.01122,55.45265,0.33905,0.3396,0.22814,0.22847,0,Seen,Seen_eye,Seen_eye;Seen_binoculars;Seen_telescope;Seen_ccd,1
