Index,Date,Latitude,Longitude,Moon Age,Sunset,Moonset,Lag,Moon Alt,Moon Az,Sun Alt,Sun Az,Moon-Earth Dist,Sun-Moon Dist,ARCL,ARCV,DAZ,Illumination,Parallax,W,W',q,q',Cloud Level,Seen,Method,Methods,Visibility,Source
0,2404269.19,38,23.7,27.69,2404269.233,2404269.136,-140.82531,-12.76575,309.95947,11.53781,285.98951,0.00263,1.01333,34.00717,24.30356,-23.96996,0.08552,54.34749,2.53247,2.52363,2.54377,2.53972,0,Seen,Seen_eye,Seen_eye;Seen_binoculars;Seen_telescope;Seen_ccd,1,YALLOP
1,2407553.267,38,23.7,3.767,2407553.235,2407553.306,101.94275,10.53355,265.68242,-7.75686,303.36891,0.00252,1.01401,41.73442,18.29041,37.6865,0.12688,57.24332,3.95765,3.9697,2.63227,2.63867,0,Seen,Seen_eye,Seen_eye;Seen_binoculars;Seen_telescope;Seen_ccd,1,YALLOP
2,2405067.159,38,23.7,27.659,2405067.17,2405067.145,-36.18433,-4.19547,286.16456,3.15874,263.59369,0.00266,0.99817,23.72309,7.35421,-22.57088,0.04225,54.86483,1.26309,1.26162,0.25406,0.25333,0,Seen,Seen_eye,Seen_eye;Seen_binoculars;Seen_telescope;Seen_ccd,1,YALLOP
3,2407695.089,38,23.7,27.589,2407695.126,2407695.042,-119.98312,-11.93347,249.9,8.70089,231.56901,0.0024,0.98229,27.52963,20.63436,-18.33099,0.05661,59.75469,1.84337,1.83675,1.86028,1.85719,0,Seen,Seen_eye,Seen_eye;Seen_binoculars;Seen_telescope;Seen_ccd,1,YALLOP
4,2407699.17,38,23.7,2.67,2407699.126,2407699.225,142.51336,11.98466,230.37349,-11.2535,249.13649,0.00245,0.98192,29.7859,23.23817,18.763,0.06606,58.58651,2.10876,2.11622,2.24339,2.24682,0,Seen,Seen_eye,Seen_eye;Seen_binoculars;Seen_telescope;Seen_ccd,1,YALLOP
5,2446000.164,15.6,35.6,2.664,2446000.13,2446000.206,108.79271,12.23406,243.08092,-11.40705,259.87936,0.00245,0.99172,28.93188,23.64111,16.79844,0.0624,58.39831,1.98572,1.99287,2.22701,2.23031,0,Seen,Seen_eye,Seen_eye;Seen_binoculars;Seen_telescope;Seen_ccd,1,YALLOP
6,2407523.278,38,23.7,3.778,2407523.24,2407523.326,123.47713,12.15131,282.91834,-8.87809,309.28581,0.00259,1.01437,33.60117,21.02939,26.36747,0.08355,55.26156,2.51571,2.52422,2.20869,2.21258,0,Seen,Seen_eye,Seen_eye;Seen_binoculars;Seen_telescope;Seen_ccd,1,YALLOP
7,2407493.273,38,23.7,2.773,2407493.229,2407493.327,140.63501,12.79076,292.05136,-10.47603,306.78956,0.00266,1.01064,27.48582,23.2668,14.7382,0.05644,53.64994,1.64988,1.65558,2.03261,2.03531,0,Seen,Seen_eye,Seen_eye;Seen_binoculars;Seen_telescope;Seen_ccd,1,YALLOP
8,2445941.19,15.6,35.6,2.69,2445941.159,2445941.228,98.28727,12.20593,269.50356,-10.31564,282.98466,0.0024,1.00782,26.20233,22.52157,13.48111,0.05138,59.64237,1.6698,1.67592,1.96752,1.97042,0,Seen,Seen_eye,Seen_eye;Seen_binoculars;Seen_telescope;Seen_ccd,1,YALLOP
9,2445853.203,15.6,35.6,2.703,2445853.168,2445853.247,114.06837,12.7254,293.51219,-11.06813,296.96111,0.00253,1.01197,24.03858,23.79353,3.44892,0.04336,56.54003,1.336,1.34084,1.93398,1.93636,0,Seen,Seen_eye,Seen_eye;Seen_binoculars;Seen_telescope;Seen_ccd,1,YALLOP
10,2448393.566,39,-76.8,3.066,2448393.506,2448393.642,194.95378,17.92068,286.80699,-14.19792,309.85953,0.00242,1.00938,39.34968,32.1186,23.05254,0.11335,57.61243,3.55854,3.57689,3.80999,3.81914,0,Seen,Seen_eye,Seen_eye;Seen_binoculars;Seen_telescope;Seen_ccd,1,YALLOP
11,2445794.19,15.6,35.6,2.69,2445794.158,2445794.23,103.55119,12.61821,278.88004,-10.98786,279.01696,0.00266,0.99777,23.60646,23.60607,0.13692,0.04184,53.75758,1.22563,1.22982,1.86061,1.8627,0,Seen,Seen_eye,Seen_eye;Seen_binoculars;Seen_telescope;Seen_ccd,1,YALLOP
12,2401026.217,38,23.7,3.717,2401026.196,2401026.244,70.39721,6.5554,245.92594,-6.07682,282.38551,0.00243,1.00511,38.51524,12.63222,36.45957,0.10878,59.99461,3.55609,3.56318,1.86013,1.86366,0,Seen,Seen_eye,Seen_eye;Seen_binoculars;Seen_telescope;Seen_ccd,1,YALLOP
13,2407315.161,38,23.7,2.661,2407315.127,2407315.205,111.67585,8.61521,225.90062,-8.97017,250.27311,0.0025,0.98434,29.97622,17.58538,24.37249,0.06688,57.98524,2.11326,2.1186,1.68018,1.68263,0,Seen,Seen_eye,Seen_eye;Seen_binoculars;Seen_telescope;Seen_ccd,1,YALLOP
14,2403506.273,38,23.7,2.773,2403506.24,2403506.313,104.01776,9.99909,283.89352,-7.54674,307.7914,0.00242,1.0145,29.56708,17.54583,23.89788,0.06511,59.76282,2.12031,2.12671,1.67946,1.6824,0,Seen,Seen_eye,Seen_eye;Seen_binoculars;Seen_telescope;Seen_ccd,1,YALLOP
15,2401940.216,38,23.7,1.716,2401940.182,2401940.259,110.17352,11.01001,269.92661,-9.62876,272.20736,0.00244,0.99147,20.76303,20.63877,2.28075,0.03247,58.95795,1.04322,1.04664,1.47166,1.47341,0,Seen,Seen_eye,Seen_eye;Seen_binoculars;Seen_telescope;Seen_ccd,1,YALLOP
16,2448333.501,39,-76.8,2.001,2448333.466,2448333.545,113.32169,10.9214,275.51356,-9.76198,276.38023,0.00251,0.99285,20.70133,20.68338,0.86667,0.03228,57.33315,1.00852,1.01171,1.45827,1.45992,0,Seen,Seen_eye,Seen_eye;Seen_binoculars;Seen_telescope;Seen_ccd,1,YALLOP
17,2445764.182,15.6,35.6,2.682,2445764.154,2445764.216,88.46081,10.88738,264.37767,-9.4265,266.15589,0.00271,0.98935,20.39074,20.31389,1.77822,0.03133,53.15344,0.90744,0.91009,1.36876,1.37015,0,Seen,Seen_eye,Seen_eye;Seen_binoculars;Seen_telescope;Seen_ccd,1,YALLOP
18,2402324.227,38,23.7,1.727,2402324.195,2402324.267,104.89265,10.32417,275.56808,-9.09019,281.34305,0.00241,0.99678,20.24707,19.41436,5.77497,0.0309,59.9295,1.00891,1.01206,1.33157,1.3332,0,Seen,Seen_eye,Seen_eye;Seen_binoculars;Seen_telescope;Seen_ccd,1,YALLOP
19,2447803.568,36.1,-108.8,5.068,2447803.536,2447803.609,105.35082,8.84758,230.13658,-9.45627,271.59028,0.0027,0.99842,45.15109,18.30385,41.4537,0.14738,53.56338,4.30154,4.31185,2.82236,2.82822,0,Seen,Seen_eye,Seen_eye;Seen_binoculars;Seen_telescope;Seen_ccd,1,YALLOP
20,2406990.17,38,23.7,2.67,2406990.135,2406990.214,112.46679,9.78219,234.98684,-8.87835,248.20783,0.00268,0.98084,22.83528,18.66054,13.22099,0.03919,53.88736,1.15068,1.15375,1.32847,1.33002,0,Seen,Seen_eye,Seen_eye;Seen_binoculars;Seen_telescope;Seen_ccd,1,YALLOP
21,2445882.201,15.6,35.6,1.701,2445882.173,2445882.237,93.11663,10.42174,292.31585,-8.98743,297.20061,0.00247,1.01443,20.00861,19.40917,4.88476,0.03018,58.31298,0.95894,0.96188,1.30518,1.30671,0,Seen,Seen_eye,Seen_eye;Seen_binoculars;Seen_telescope;Seen_ccd,1,YALLOP
22,2446029.153,15.6,35.6,2.653,2446029.125,2446029.187,89.06697,9.48571,239.27246,-8.94099,250.90517,0.00249,0.9848,21.76444,18.4267,11.63271,0.03564,57.95611,1.12558,1.12871,1.29241,1.29399,0,Seen,Seen_eye,Seen_eye;Seen_binoculars;Seen_telescope;Seen_ccd,1,YALLOP
23,2402029.266,38,23.7,2.766,2402029.236,2402029.304,97.76259,9.33123,285.67312,-7.18901,306.36698,0.00265,1.0129,26.42013,16.52024,20.69386,0.05222,54.51168,1.55118,1.55517,1.31095,1.31286,0,Seen,Seen_eye,Seen_eye;Seen_binoculars;Seen_telescope;Seen_ccd,1,YALLOP
24,2400464.204,38,23.7,2.704,2400464.172,2400464.245,105.46139,10.626,262.47479,-9.1058,264.47521,0.00271,0.9874,19.83192,19.7318,2.00042,0.02965,53.15126,0.85884,0.86129,1.28495,1.28624,0,Seen,Seen_eye,Seen_eye;Seen_binoculars;Seen_telescope;Seen_ccd,1,YALLOP
25,2445970.168,15.6,35.6,1.668,2445970.144,2445970.198,78.20549,9.46088,259.30997,-8.37307,270.79506,0.0024,1.00013,21.18673,17.83395,11.48509,0.0338,60.19561,1.10854,1.11173,1.2245,1.22611,0,Seen,Seen_eye,Seen_eye;Seen_binoculars;Seen_telescope;Seen_ccd,1,YALLOP
26,2445645.153,15.6,35.6,2.653,2445645.127,2445645.185,83.90609,9.45857,245.41417,-8.65877,255.76546,0.00256,0.98881,20.84436,18.11734,10.35129,0.03272,56.52097,1.00787,1.01059,1.20133,1.20274,0,Seen,Seen_eye,Seen_eye;Seen_binoculars;Seen_telescope;Seen_ccd,1,YALLOP
27,2401084.163,38,23.7,2.663,2401084.138,2401084.195,81.68984,6.5297,231.1059,-6.83837,255.61523,0.00241,0.98889,27.86884,13.36807,24.50933,0.05799,60.43024,1.90952,1.91334,1.16442,1.16619,0,Seen,Seen_eye,Seen_eye;Seen_binoculars;Seen_telescope;Seen_ccd,1,YALLOP
28,2401881.171,38,23.7,1.671,2401881.138,2401881.212,105.5495,9.7311,243.50001,-8.37315,248.558,0.00239,0.98121,18.79176,18.10425,5.058,0.02665,60.34951,0.87644,0.87904,1.13149,1.13286,0,Seen,Seen_eye,Seen_eye;Seen_binoculars;Seen_telescope;Seen_ccd,1,YALLOP
29,2402708.236,38,23.7,1.736,2402708.206,2402708.273,95.20608,9.19627,279.85504,-7.99096,289.70201,0.0024,1.00213,19.7895,17.18723,9.84697,0.02953,60.3785,0.9715,0.97422,1.08951,1.09092,0,Seen,Seen_eye,Seen_eye;Seen_binoculars;Seen_telescope;Seen_ccd,1,YALLOP
30,2407138.268,38,23.7,1.768,2407138.234,2407138.309,107.82823,9.39335,296.10882,-7.95339,306.46068,0.00255,1.01225,20.18001,17.34674,10.35186,0.03069,56.63965,0.94729,0.94983,1.09287,1.0942,0,Seen,Seen_eye,Seen_eye;Seen_binoculars;Seen_telescope;Seen_ccd,1,YALLOP
31,2448215.435,39,-76.8,2.935,2448215.407,2448215.469,90.14989,6.73629,226.96128,-7.19213,250.59804,0.00272,0.9858,27.38479,13.92843,23.63676,0.05603,53.59545,1.63635,1.63934,1.09236,1.09378,0,Seen,Seen_eye,Seen_eye;Seen_binoculars;Seen_telescope;Seen_ccd,1,YALLOP
32,2447713.681,37.4,-121.6,3.181,2447713.643,2447713.728,123.05506,12.35785,279.22579,-9.06442,307.86558,0.00262,1.0146,35.62058,21.42226,28.63979,0.09355,54.6397,2.7854,2.79488,2.37177,2.37614,0,Seen,Seen_eye,Seen_eye;Seen_binoculars;Seen_telescope;Seen_ccd,1,YALLOP
33,2406931.159,38,23.7,2.659,2406931.136,2406931.188,75.18334,5.69063,227.32948,-6.24133,253.96285,0.00256,0.98809,29.1396,11.93196,26.63336,0.06328,56.93746,1.96334,1.96656,1.04574,1.04724,0,Seen,Seen_eye,Seen_eye;Seen_binoculars;Seen_telescope;Seen_ccd,1,YALLOP
34,2427159.276,48.6,7.7,1.776,2427159.241,2427159.321,115.63866,9.27246,278.83325,-8.37749,283.73227,0.00266,0.99576,18.312,17.64995,4.89902,0.02532,54.33307,0.74963,0.75154,1.01841,1.01944,0,Seen,Seen_eye,Seen_eye;Seen_binoculars;Seen_telescope;Seen_ccd,1,YALLOP
35,2445734.172,15.6,35.6,2.672,2445734.147,2445734.203,80.47886,9.37582,250.85262,-8.26934,254.95551,0.00272,0.9831,18.11216,17.64515,4.10289,0.02478,53.25215,0.7189,0.72072,1.00129,1.00228,0,Seen,Seen_eye,Seen_eye;Seen_binoculars;Seen_telescope;Seen_ccd,1,YALLOP
36,2402265.182,38,23.7,1.682,2402265.152,2402265.22,96.92692,9.30766,250.88235,-7.96725,253.2667,0.00242,0.98289,17.43742,17.27491,2.38435,0.02298,59.84294,0.74926,0.75137,0.9807,0.98184,0,Seen,Seen_eye,Seen_eye;Seen_binoculars;Seen_telescope;Seen_ccd,1,YALLOP
37,2406074.27,38,23.7,1.77,2406074.24,2406074.308,96.59416,8.7365,292.92614,-7.09374,306.48106,0.00247,1.01451,20.8116,15.83024,13.55492,0.03262,58.67153,1.04296,1.04567,0.99067,0.99206,0,Seen,Seen_eye,Seen_eye;Seen_binoculars;Seen_telescope;Seen_ccd,1,YALLOP
38,2406695.216,38,23.7,1.716,2406695.187,2406695.252,93.58388,9.32944,272.76383,-8.18197,274.52609,0.00263,0.99307,17.59916,17.5114,1.76226,0.0234,55.0386,0.70185,0.70367,0.97865,0.97964,0,Seen,Seen_eye,Seen_eye;Seen_binoculars;Seen_telescope;Seen_ccd,1,YALLOP
39,2407725.109,38,23.7,28.609,2407725.138,2407725.072,-95.66087,-9.17216,244.90493,7.11437,234.79521,0.00242,0.98116,19.15032,16.28653,-10.10972,0.02767,59.73678,0.90065,0.89816,0.96246,0.96115,0,Seen,Seen_eye,Seen_eye;Seen_binoculars;Seen_telescope;Seen_ccd,1,YALLOP
40,2427897.29,48.2,5.1,1.79,2427897.255,2427897.334,112.68628,8.76712,284.25246,-8.113,287.82282,0.00246,0.99807,17.25089,16.88012,3.57036,0.02249,58.87825,0.72162,0.7235,0.92626,0.92729,0,Seen,Seen_eye,Seen_eye;Seen_binoculars;Seen_telescope;Seen_ccd,1,YALLOP
41,2402177.165,38,23.7,2.665,2402177.14,2402177.197,82.10237,7.22395,238.48901,-6.91192,256.75841,0.0026,0.98931,23.06282,14.13587,18.2694,0.03996,55.93517,1.21801,1.2205,0.90979,0.91103,0,Seen,Seen_eye,Seen_eye;Seen_binoculars;Seen_telescope;Seen_ccd,1,YALLOP
42,2445823.185,15.6,35.6,1.685,2445823.161,2445823.215,77.71645,8.91359,287.79279,-7.93521,288.68224,0.00261,1.00567,16.87209,16.8488,0.88945,0.02152,55.46918,0.65052,0.65215,0.8843,0.88519,0,Seen,Seen_eye,Seen_eye;Seen_binoculars;Seen_telescope;Seen_ccd,1,YALLOP
43,2427334.22,48.6,7.7,28.72,2427334.23,2427334.206,-34.56983,-3.61307,281.75787,2.54257,269.92579,0.00257,1.00197,13.33203,6.15565,-11.83208,0.01347,56.83807,0.41733,0.4169,-0.31629,-0.31654,0,Seen,Seen_eye,Seen_eye;Seen_binoculars;Seen_telescope;Seen_ccd,1,YALLOP
44,2405071.188,38,23.7,2.688,2405071.166,2405071.216,72.25034,6.9467,248.95358,-6.319,269.02721,0.00257,0.99711,24.02315,13.2657,20.07363,0.04331,56.56141,1.33481,1.33747,0.88062,0.88192,0,Seen,Seen_eye,Seen_eye;Seen_binoculars;Seen_telescope;Seen_ccd,1,YALLOP
45,2400996.241,38,23.7,2.741,2400996.224,2400996.262,54.86052,5.42666,267.12334,-4.44478,294.33925,0.00247,1.01141,28.91808,9.87145,27.21591,0.06234,59.09038,2.00737,2.01064,0.86004,0.86154,0,Seen,Seen_eye,Seen_eye;Seen_binoculars;Seen_telescope;Seen_ccd,1,YALLOP
46,2446709.452,40.8,-73.2,2.952,2446709.433,2446709.476,60.53831,5.06085,241.60803,-5.08144,267.90416,0.00246,0.99769,28.15208,10.14229,26.29613,0.05915,59.30324,1.91142,1.91433,0.84272,0.84407,0,Seen,Seen_eye,Seen_eye;Seen_binoculars;Seen_telescope;Seen_ccd,1,YALLOP
47,2401113.153,38,23.7,1.653,2401113.126,2401113.187,87.7045,7.05739,231.51988,-6.91581,247.17602,0.00243,0.98304,20.95583,13.9732,15.65614,0.03307,59.82755,1.07814,1.08045,0.82296,0.82413,0,Seen,Seen_eye,Seen_eye;Seen_binoculars;Seen_telescope;Seen_ccd,1,YALLOP
48,2426805.209,50,36.2,1.709,2426805.174,2426805.253,113.18152,8.51023,284.55317,-7.76567,290.61209,0.00272,0.9989,17.35991,16.2759,6.05892,0.02278,53.35915,0.6622,0.66372,0.83343,0.83426,0,Seen,Seen_eye,Seen_eye;Seen_binoculars;Seen_telescope;Seen_ccd,1,YALLOP
49,2406458.258,38,23.7,1.758,2406458.235,2406458.288,76.35831,7.36201,284.46619,-5.87548,301.28677,0.00242,1.0136,21.37412,13.23749,16.82058,0.03439,59.98965,1.12414,1.12666,0.77276,0.77403,0,Seen,Seen_eye,Seen_eye;Seen_binoculars;Seen_telescope;Seen_ccd,1,YALLOP
50,2445911.193,15.6,35.6,1.693,2445911.171,2445911.221,72.07868,8.30771,286.68391,-7.22839,291.66309,0.00243,1.01296,16.30977,15.53611,4.97918,0.02012,59.79387,0.65559,0.65723,0.75581,0.75672,0,Seen,Seen_eye,Seen_eye;Seen_binoculars;Seen_telescope;Seen_ccd,1,YALLOP
51,2448687.485,39,-76.8,1.985,2448687.458,2448687.519,87.4267,8.48216,269.26458,-7.5189,268.79431,0.00265,0.98965,16.00793,16.00106,-0.47027,0.01939,54.64023,0.57725,0.57861,0.75894,0.7597,0,Seen,Seen_eye,Seen_eye;Seen_binoculars;Seen_telescope;Seen_ccd,1,YALLOP
52,2406311.2,38,23.7,1.7,2406311.174,2406311.233,84.23626,8.3304,259.506,-7.28882,264.53971,0.00257,0.98817,16.40546,15.61922,5.03371,0.02036,56.53349,0.62708,0.62858,0.74842,0.74925,0,Seen,Seen_eye,Seen_eye;Seen_binoculars;Seen_telescope;Seen_ccd,1,YALLOP
53,2437317.571,34,-118.3,2.071,2437317.545,2437317.603,84.17621,8.07506,245.42135,-7.14977,249.91221,0.00239,0.98157,15.86956,15.22483,4.49086,0.01906,60.65372,0.62983,0.63139,0.7105,0.71136,0,Seen,Seen_eye,Seen_eye;Seen_binoculars;Seen_telescope;Seen_ccd,1,YALLOP
54,2400582.266,38,23.7,1.766,2400582.24,2400582.299,84.81561,7.61666,292.7511,-6.20381,306.37267,0.00248,1.01415,19.38099,13.82047,13.62157,0.02833,58.5643,0.90417,0.90621,0.7177,0.71877,0,Seen,Seen_eye,Seen_eye;Seen_binoculars;Seen_telescope;Seen_ccd,1,YALLOP
55,2407197.249,38,23.7,2.749,2407197.23,2407197.272,60.8728,6.04686,275.37994,-4.81635,297.6111,0.00243,1.01263,24.71215,10.86321,22.23116,0.04579,59.93047,1.49533,1.49808,0.71843,0.71976,0,Seen,Seen_eye,Seen_eye;Seen_binoculars;Seen_telescope;Seen_ccd,1,YALLOP
56,2446945.641,39.2,-105.5,3.141,2446945.594,2446945.699,151.59015,12.9043,295.51901,-10.79464,309.84926,0.0027,1.01133,27.64027,23.69894,14.33026,0.05706,52.84422,1.64306,1.64871,2.0726,2.07527,0,Seen,Seen_eye,Seen_eye;Seen_binoculars;Seen_telescope;Seen_ccd,1,YALLOP
57,2401231.222,38,23.7,1.722,2401231.196,2401231.255,84.80118,8.16442,281.20243,-7.33921,281.27588,0.00268,0.99723,15.5038,15.50363,0.07344,0.01819,54.08291,0.53616,0.53736,0.68618,0.68685,0,Seen,Seen_eye,Seen_eye;Seen_binoculars;Seen_telescope;Seen_ccd,1,YALLOP
58,2402531.171,38,23.7,2.671,2402531.15,2402531.199,71.1343,6.52846,244.01061,-6.10712,260.95705,0.00271,0.99216,21.11088,12.63558,16.94644,0.03356,53.83045,0.98431,0.98607,0.64099,0.64189,0,Seen,Seen_eye,Seen_eye;Seen_binoculars;Seen_telescope;Seen_ccd,1,YALLOP
59,2405631.232,38,23.7,1.732,2405631.207,2405631.264,81.81558,7.66145,284.45189,-6.86829,289.21701,0.00241,1.00231,15.28714,14.52973,4.76512,0.01769,60.2257,0.58059,0.58194,0.61367,0.61442,0,Seen,Seen_eye,Seen_eye;Seen_binoculars;Seen_telescope;Seen_ccd,1,YALLOP
60,2405159.157,38,23.7,1.657,2405159.133,2405159.188,79.83388,6.30341,230.96418,-6.21357,245.49205,0.0024,0.981,19.15445,12.51698,14.52788,0.02768,60.58324,0.91381,0.91558,0.5924,0.59333,0,Seen,Seen_eye,Seen_eye;Seen_binoculars;Seen_telescope;Seen_ccd,1,YALLOP
61,2404952.264,38,23.7,1.764,2404952.237,2404952.297,87.44232,7.6174,295.6697,-6.44836,305.73457,0.0027,1.0128,17.28083,14.06576,10.06486,0.02257,53.74322,0.66095,0.66232,0.61173,0.61248,0,Seen,Seen_eye,Seen_eye;Seen_binoculars;Seen_telescope;Seen_ccd,1,YALLOP
62,2447621.487,41.9,-88.7,28.987,2447621.513,2447621.454,-85.71784,-8.91168,279.09817,7.05366,271.71335,0.00239,0.99818,17.58009,15.96534,-7.38482,0.02335,60.53487,0.77028,0.76818,0.86107,0.85994,0,Seen,Seen_eye,Seen_eye;Seen_binoculars;Seen_telescope;Seen_ccd,1,YALLOP
63,2445704.157,15.6,35.6,1.657,2445704.136,2445704.185,70.46214,7.59642,242.307,-6.95277,248.24713,0.00268,0.98071,15.70901,14.54919,5.94012,0.01868,54.18397,0.55139,0.55254,0.59928,0.59993,0,Seen,Seen_eye,Seen_eye;Seen_binoculars;Seen_telescope;Seen_ccd,1,YALLOP
64,2402118.215,38,23.7,2.715,2402118.199,2402118.235,51.63762,4.99781,257.9248,-4.44178,282.84318,0.0027,1.0056,26.61968,9.43959,24.91838,0.053,54.05056,1.56096,1.5631,0.60756,0.60859,0,Seen,Seen_eye,Seen_eye;Seen_binoculars;Seen_telescope;Seen_ccd,1,YALLOP
65,2418359.25,51.1,0,1.75,2418359.222,2418359.284,89.2947,6.47439,246.97801,-6.05309,260.61968,0.00239,0.98709,18.50101,12.52747,13.64167,0.02584,60.88441,0.8573,0.85901,0.5637,0.5646,0,Seen,Seen_eye,Seen_eye;Seen_binoculars;Seen_telescope;Seen_ccd,1,YALLOP
66,2405306.259,38,23.7,1.759,2405306.232,2405306.292,87.72674,7.54673,296.26975,-6.60151,303.81834,0.00259,1.01133,16.02686,14.14824,7.54859,0.01943,56.01513,0.59317,0.59444,0.58253,0.58323,0,Seen,Seen_eye,Seen_eye;Seen_binoculars;Seen_telescope;Seen_ccd,1,YALLOP
67,2427513.188,55.6,33.9,1.688,2427513.154,2427513.23,108.14763,7.38779,271.97229,-6.76741,276.68399,0.00252,0.99264,14.91496,14.1552,4.7117,0.01685,57.72301,0.52985,0.53099,0.54778,0.54842,0,Seen,Seen_eye,Seen_eye;Seen_binoculars;Seen_telescope;Seen_ccd,1,YALLOP
68,2406783.265,38,23.7,1.765,2406783.238,2406783.298,85.83411,7.22682,298.56078,-6.29813,306.10269,0.00244,1.01353,15.47696,13.52495,7.5419,0.01813,59.64199,0.58924,0.59053,0.51801,0.51872,0,Seen,Seen_eye,Seen_eye;Seen_binoculars;Seen_telescope;Seen_ccd,1,YALLOP
69,2448244.429,39,-76.8,1.929,2448244.404,2448244.461,81.7263,6.38015,231.42261,-6.22851,244.80163,0.0027,0.98142,18.36444,12.60867,13.37902,0.02546,53.91838,0.74814,0.74944,0.51347,0.51418,0,Seen,Seen_eye,Seen_eye;Seen_binoculars;Seen_telescope;Seen_ccd,1,YALLOP
70,2405041.218,38,23.7,1.718,2405041.198,2405041.244,65.30122,6.59575,268.6695,-5.61659,283.30111,0.00265,1.00526,19.03674,12.21235,14.63161,0.02735,54.97363,0.81913,0.82063,0.51191,0.51272,0,Seen,Seen_eye,Seen_eye;Seen_binoculars;Seen_telescope;Seen_ccd,1,YALLOP
71,2404598.265,38,23.7,1.765,2404598.24,2404598.295,80.01446,7.0788,294.15302,-5.86572,305.9932,0.0027,1.01377,17.52533,12.94452,11.84018,0.02321,53.93735,0.6821,0.68341,0.51118,0.5119,0,Seen,Seen_eye,Seen_eye;Seen_binoculars;Seen_telescope;Seen_ccd,1,YALLOP
72,2403298.151,38,23.7,1.651,2403298.127,2403298.182,79.71653,7.06979,239.28534,-6.34492,248.06125,0.00269,0.98377,16.01923,13.41471,8.77591,0.01942,54.03788,0.57169,0.5728,0.4972,0.49782,0,Seen,Seen_eye,Seen_eye;Seen_binoculars;Seen_telescope;Seen_ccd,1,YALLOP
73,2419215.362,49.9,2.3,1.862,2419215.331,2419215.401,101.06802,6.43896,302.46576,-5.3433,316.8181,0.00241,1.01439,18.54899,11.78226,14.35234,0.02597,60.44863,0.85554,0.85723,0.48825,0.48914,0,Seen,Seen_eye,Seen_eye;Seen_binoculars;Seen_telescope;Seen_ccd,1,YALLOP
74,2417975.225,56,-3.2,1.725,2417975.195,2417975.264,99.17717,5.62251,232.2952,-5.49727,247.91673,0.0024,0.98349,19.155,11.11979,15.62153,0.02768,60.67639,0.91527,0.91685,0.45345,0.45428,0,Seen,Seen_eye,Seen_eye;Seen_binoculars;Seen_telescope;Seen_ccd,1,YALLOP
75,2406960.147,38,23.7,2.647,2406960.126,2406960.175,70.96086,5.34802,228.01595,-5.54409,245.56284,0.00261,0.98247,20.6301,10.89211,17.54689,0.03206,55.8499,0.97575,0.97723,0.4622,0.46297,0,Seen,Seen_eye,Seen_eye;Seen_binoculars;Seen_telescope;Seen_ccd,1,YALLOP
76,2423173.191,-33.9,18.5,1.691,2423173.17,2423173.217,67.85567,6.56732,294.15733,-6.04838,282.87978,0.00262,1.00466,16.90626,12.61569,-11.27755,0.02161,55.68287,0.65565,0.65687,0.46381,0.46448,0,Seen,Seen_eye,Seen_eye;Seen_binoculars;Seen_telescope;Seen_ccd,1,YALLOP
77,2445084.532,37.2,-84.1,2.032,2445084.51,2445084.56,71.3537,6.71381,281.67433,-5.97037,291.33018,0.00243,1.00368,15.92918,12.68418,9.65585,0.0192,59.97021,0.62739,0.62867,0.45508,0.45579,0,Seen,Seen_eye,Seen_eye;Seen_binoculars;Seen_telescope;Seen_ccd,1,YALLOP
78,2448007.64,37.7,-121.5,1.14,2448007.615,2448007.671,79.55573,6.93393,292.15311,-6.57482,292.58171,0.00239,1.00395,13.51552,13.50876,0.4286,0.01385,60.85299,0.45914,0.46012,0.44302,0.44358,0,Seen,Seen_eye,Seen_eye;Seen_binoculars;Seen_telescope;Seen_ccd,1,YALLOP
79,2401910.238,53.5,-2.3,1.738,2401910.207,2401910.277,101.06922,7.0889,248.86851,-6.20224,253.00767,0.00239,0.98452,13.91794,13.29113,4.13917,0.01468,60.79043,0.48625,0.48731,0.43671,0.43731,0,Seen,Seen_eye,Seen_eye;Seen_binoculars;Seen_telescope;Seen_ccd,1,YALLOP
80,2427572.327,48.2,5.1,1.827,2427572.295,2427572.367,104.46089,6.96761,300.95195,-6.47652,307.49781,0.00266,1.0084,14.94641,13.44413,6.54586,0.01692,54.74376,0.50461,0.50558,0.46242,0.46297,0,Seen,Seen_eye,Seen_eye;Seen_binoculars;Seen_telescope;Seen_ccd,1,YALLOP
81,2441038.291,51,0,1.791,2441038.263,2441038.327,93.45915,6.88405,279.36661,-6.45688,282.19842,0.0024,0.99569,13.63684,13.34093,2.83181,0.0141,60.59813,0.46542,0.46641,0.42982,0.43038,0,Seen,Seen_eye,Seen_eye;Seen_binoculars;Seen_telescope;Seen_ccd,1,YALLOP
82,2402353.236,38,23.7,1.736,2402353.213,2402353.264,73.33614,6.84307,284.73763,-6.02824,292.60446,0.00243,1.0048,15.07627,12.87131,7.86683,0.01721,59.78468,0.56064,0.5618,0.43668,0.43733,0,Seen,Seen_eye,Seen_eye;Seen_binoculars;Seen_telescope;Seen_ccd,1,YALLOP
83,2445999.148,15.6,35.6,1.648,2445999.13,2445999.17,57.72364,6.5285,250.494,-6.04519,258.87161,0.00242,0.9918,15.09964,12.5737,8.37761,0.01726,60.10376,0.56537,0.56649,0.40956,0.41019,0,Not_seen,Not_seen,Not_seen,0,YALLOP
84,2427838.22,48.2,5.1,1.72,2427838.192,2427838.254,88.34669,6.77546,246.70303,-6.08074,252.20473,0.00239,0.98364,13.97935,12.8562,5.50171,0.01481,60.90417,0.49145,0.49247,0.39616,0.39675,0,Seen,Seen_eye,Seen_eye;Seen_binoculars;Seen_telescope;Seen_ccd,1,YALLOP
85,2421666.26,50.2,5.1,1.76,2421666.232,2421666.294,88.45309,6.86777,271.21788,-6.2782,272.80221,0.00239,0.99198,13.24068,13.14598,1.58433,0.01329,60.90272,0.4411,0.44203,0.39641,0.39695,0,Seen,Seen_eye,Seen_eye;Seen_binoculars;Seen_telescope;Seen_ccd,1,YALLOP
86,2448507.268,50.4,-4.4,28.768,2448507.281,2448507.251,-43.40394,-4.27953,283.56948,3.05042,275.80414,0.00245,1.00528,10.67424,7.32995,-7.76534,0.00865,59.55371,0.28076,0.2804,-0.27874,-0.27896,0,Seen,Seen_binoculars,Seen_binoculars;Seen_telescope;Seen_ccd,0.75,YALLOP
87,2404657.237,38,23.7,1.737,2404657.217,2404657.262,65.38376,6.42251,279.13576,-5.40459,291.70363,0.00259,1.00956,17.24116,11.8271,12.56787,0.02247,56.29192,0.68915,0.69041,0.40329,0.40398,0,Seen,Seen_eye,Seen_eye;Seen_binoculars;Seen_telescope;Seen_ccd,1,YALLOP
88,2447623.583,34,-107.2,1.083,2447623.562,2447623.61,68.91198,6.67822,283.77604,-6.24087,282.5197,0.0024,0.99874,12.97978,12.91909,-1.25634,0.01278,60.70201,0.42256,0.42343,0.36307,0.36357,0,Seen,Seen_eye,Seen_eye;Seen_binoculars;Seen_telescope;Seen_ccd,1,YALLOP
89,2420957.273,49.4,8.7,1.773,2420957.246,2420957.308,89.74678,6.79702,284.1214,-6.33414,285.95494,0.0026,0.99784,13.25799,13.13116,1.83354,0.01333,56.07656,0.4072,0.40799,0.37541,0.37587,0,Seen,Seen_eye,Seen_eye;Seen_binoculars;Seen_telescope;Seen_ccd,1,YALLOP
90,2407285.159,38,23.7,2.659,2407285.144,2407285.177,46.9867,3.67734,233.91804,-3.9787,256.7218,0.00243,0.991,24.03844,7.65604,22.80376,0.04336,60.25225,1.4237,1.4253,0.36307,0.36384,0,Seen,Seen_eye,Seen_eye;Seen_binoculars;Seen_telescope;Seen_ccd,1,YALLOP
91,2434482.298,51.1,5.3,1.798,2434482.269,2434482.335,95.70079,6.5505,290.77783,-6.28586,293.6481,0.00245,1.00099,13.15203,12.83635,2.87027,0.01312,59.54901,0.42556,0.4264,0.35652,0.35701,0,Seen,Seen_eye,Seen_eye;Seen_binoculars;Seen_telescope;Seen_ccd,1,YALLOP
92,2448035.585,31.6,-110.5,29.085,2448035.592,2448035.577,-21.86506,-2.71227,299.90203,1.88938,293.25494,0.00239,1.01029,8.08288,4.60165,-6.64709,0.00497,61.29417,0.1659,0.16576,-0.62062,-0.62071,0,Seen,Seen_eye,Seen_eye;Seen_binoculars;Seen_telescope;Seen_ccd,1,YALLOP
93,2437760.34,-25.8,-28.2,1.84,2437760.322,2437760.362,58.06244,6.4085,281.32806,-5.78544,274.02299,0.00242,0.99836,14.2075,12.19394,-7.30507,0.01529,60.17358,0.50145,0.50243,0.33561,0.33616,0,Seen,Seen_eye,Seen_eye;Seen_binoculars;Seen_telescope;Seen_ccd,1,YALLOP
94,2446058.15,15.6,35.6,1.65,2446058.131,2446058.174,61.05374,6.31416,240.01436,-5.98888,247.30784,0.00255,0.98109,14.29526,12.30304,7.29348,0.01548,57.17792,0.48236,0.48324,0.33568,0.33618,0,Seen,Seen_eye,Seen_eye;Seen_binoculars;Seen_telescope;Seen_ccd,1,YALLOP
95,2402442.249,38,23.7,2.749,2402442.234,2402442.268,49.14861,4.73213,277.12617,-3.83306,298.86236,0.00265,1.01321,23.34336,8.56519,21.73619,0.04093,55.20356,1.23109,1.23272,0.35925,0.36006,0,Seen,Seen_eye,Seen_eye;Seen_binoculars;Seen_telescope;Seen_ccd,1,YALLOP
96,2423114.238,-33.9,18.5,2.738,2423114.223,2423114.258,51.31231,5.27811,275.26454,-4.64423,257.05374,0.00271,0.98841,20.71823,9.92234,-18.21079,0.03233,53.89256,0.94953,0.9509,0.3516,0.35231,0,Seen,Seen_eye,Seen_eye;Seen_binoculars;Seen_telescope;Seen_ccd,1,YALLOP
97,2427572.244,50,36.2,1.744,2427572.212,2427572.284,103.19164,6.46226,302.37404,-6.08483,308.73427,0.00266,1.00837,14.06128,12.54709,6.36022,0.01498,54.83634,0.44766,0.44846,0.34028,0.34074,0,Seen,Seen_eye,Seen_eye;Seen_binoculars;Seen_telescope;Seen_ccd,1,YALLOP
98,2450102.52,32.4,-111,29.02,2450102.528,2450102.509,-26.94312,-3.4117,251.66749,2.28914,244.09622,0.00239,0.98158,9.47475,5.70084,-7.57127,0.00682,61.26969,0.22772,0.22748,-0.47332,-0.47347,0,Seen,Seen_binoculars,Seen_binoculars;Seen_telescope;Seen_ccd,0.75,YALLOP
99,2439028.233,51.1,5.3,29.733,2439028.228,2439028.24,17.37689,0.92959,277.16174,-1.21429,270.58389,0.00244,1.00049,6.91802,2.14389,-6.57784,0.00364,60.01983,0.11905,0.11909,-0.89507,-0.89505,0,Seen,Seen_eye,Seen_eye;Seen_binoculars;Seen_telescope;Seen_ccd,1,YALLOP
100,2443134.558,37.6,-122.5,1.058,2443134.535,2443134.587,75.36325,6.53916,240.40244,-5.8728,244.81591,0.00245,0.98131,13.17036,12.41196,4.41347,0.01315,59.45229,0.42605,0.42689,0.31436,0.31485,0,Seen,Seen_eye,Seen_eye;Seen_binoculars;Seen_telescope;Seen_ccd,1,YALLOP
101,2444435.538,41.4,-70.7,3.038,2444435.507,2444435.576,99.5212,9.2819,279.12233,-6.95385,306.89633,0.00265,1.01425,32.08546,16.23575,27.774,0.07637,54.65817,2.27459,2.28043,1.61913,1.6218,0,Seen,Seen_eye,Seen_eye;Seen_binoculars;Seen_telescope;Seen_ccd,1,YALLOP
102,2400227.262,38,23.7,1.762,2400227.241,2400227.289,69.71012,6.13582,293.98455,-5.15829,304.82394,0.0024,1.01447,15.6416,11.2941,10.83939,0.01852,60.71455,0.61259,0.61374,0.30789,0.30853,0,Seen,Seen_eye,Seen_eye;Seen_binoculars;Seen_telescope;Seen_ccd,1,YALLOP
103,2441747.502,40,-85,1.002,2441747.48,2441747.529,70.40846,6.5827,268.40886,-5.96217,267.41901,0.00252,0.98972,12.5837,12.54487,-0.98985,0.01201,57.86952,0.37873,0.37946,0.30029,0.30071,0,Seen,Seen_eye,Seen_eye;Seen_binoculars;Seen_telescope;Seen_ccd,1,YALLOP
104,2401142.158,37.9,22.9,1.658,2401142.135,2401142.187,73.58221,6.30679,238.71293,-5.72901,245.19534,0.00247,0.98088,13.66479,12.03581,6.48241,0.01415,58.91871,0.45437,0.45523,0.293,0.29349,0,Seen,Seen_eye,Seen_eye;Seen_binoculars;Seen_telescope;Seen_ccd,1,YALLOP
105,2445525.53,37.2,-84.1,29.03,2445525.538,2445525.521,-23.94029,-2.71815,302.81972,1.87579,296.89786,0.00241,1.01431,7.49347,4.59394,-5.92187,0.00427,60.75953,0.14138,0.14126,-0.63636,-0.63644,0,Seen,Seen_eye,Seen_eye;Seen_binoculars;Seen_telescope;Seen_ccd,1,YALLOP
106,2414726.235,52.5,13.3,1.735,2414726.208,2414726.268,86.15834,6.3951,270.75228,-5.8139,272.32963,0.00246,0.99186,12.31009,12.20901,1.57735,0.0115,59.17699,0.37069,0.3714,0.26203,0.26244,0,Seen,Seen_eye,Seen_eye;Seen_binoculars;Seen_telescope;Seen_ccd,1,YALLOP
107,2427572.272,55.6,33.9,1.772,2427572.235,2427572.319,121.38912,5.99783,307.45791,-5.8229,315.74318,0.00266,1.00838,14.42676,11.82073,8.28527,0.01577,54.87267,0.47142,0.47221,0.28123,0.28167,0,Seen,Seen_eye,Seen_eye;Seen_binoculars;Seen_telescope;Seen_ccd,1,YALLOP
108,2434807.509,44.5,-88,1.009,2434807.486,2434807.537,73.28407,6.34296,267.12913,-5.7726,267.31542,0.0024,0.98984,12.11699,12.11556,0.18629,0.01114,60.58041,0.36772,0.36843,0.25095,0.25137,0,Seen,Seen_eye,Seen_eye;Seen_binoculars;Seen_telescope;Seen_ccd,1,YALLOP
109,2441067.547,39.5,-88.2,1.047,2441067.525,2441067.576,73.88539,6.22443,292.41601,-5.94976,292.61169,0.00244,1.00388,12.17576,12.17419,0.19568,0.01125,59.7721,0.36633,0.36702,0.256,0.2564,0,Seen,Seen_eye,Seen_eye;Seen_binoculars;Seen_telescope;Seen_ccd,1,YALLOP
110,2445793.175,15.6,35.6,1.674,2445793.158,2445793.196,54.95645,6.51569,275.14057,-5.8462,277.04815,0.00268,0.9973,12.50764,12.36189,1.90758,0.01187,54.35359,0.35145,0.35208,0.26609,0.26646,0,Not_seen,Not_seen,Not_seen,0,YALLOP
111,2400847.205,38,23.7,1.705,2400847.184,2400847.231,66.7026,6.53298,272.17779,-5.83195,270.58807,0.00271,0.99185,12.4663,12.36493,-1.58972,0.01179,53.69157,0.34489,0.3455,0.26255,0.26291,0,Seen,Seen_eye,Seen_eye;Seen_binoculars;Seen_telescope;Seen_ccd,1,YALLOP
112,2422050.302,53.9,-1.6,1.801,2422050.274,2422050.336,89.45483,6.1041,281.4128,-5.72833,285.49186,0.0024,0.99726,12.51342,11.83243,4.07907,0.01188,60.76902,0.3933,0.39403,0.2375,0.23792,0,Seen,Seen_eye,Seen_eye;Seen_binoculars;Seen_telescope;Seen_ccd,1,YALLOP
113,2440683.636,48,-122,1.136,2440683.611,2440683.667,81.00231,6.19941,284.38682,-5.85221,286.70941,0.0025,0.99864,12.27257,12.05162,2.32259,0.01143,58.3542,0.36332,0.36399,0.24199,0.24238,0,Seen,Seen_eye,Seen_eye;Seen_binoculars;Seen_telescope;Seen_ccd,1,YALLOP
114,2419274.3,49.9,2.3,1.8,2419274.282,2419274.321,56.71347,4.50612,272.68331,-3.82918,292.05104,0.00252,1.00829,21.06917,8.3353,19.36773,0.03343,58.04159,1.05717,1.05858,0.24846,0.24918,0,Seen,Seen_eye,Seen_eye;Seen_binoculars;Seen_telescope;Seen_ccd,1,YALLOP
115,2445940.176,15.6,35.6,1.676,2445940.16,2445940.196,52.45394,6.15197,278.04181,-5.51278,281.84329,0.0024,1.00786,12.26651,11.66475,3.80147,0.01142,60.82066,0.37831,0.37902,0.21203,0.21245,0,Not_seen,Not_seen,Not_seen,0,YALLOP
116,2427218.287,55.6,33.9,1.787,2427218.248,2427218.335,125.26769,5.77175,311.27976,-5.53429,321.07325,0.00272,1.01058,14.94747,11.30604,9.79349,0.01692,53.65993,0.49469,0.49547,0.24299,0.24343,0,Seen,Seen_eye,Seen_eye;Seen_binoculars;Seen_telescope;Seen_ccd,1,YALLOP
117,2446914.639,37,-122,1.139,2446914.618,2446914.666,69.95408,6.22549,291.21173,-5.81647,292.77167,0.00263,1.00443,12.14222,12.04197,1.55994,0.01119,55.40926,0.33773,0.33832,0.22606,0.22641,0,Seen,Seen_eye,Seen_eye;Seen_binoculars;Seen_telescope;Seen_ccd,1,YALLOP
118,2443518.51,29.7,-98.1,1.01,2443518.49,2443518.534,63.01672,6.25753,247.71078,-5.55517,247.75759,0.0024,0.98111,11.81279,11.81269,0.04681,0.01059,60.60238,0.34968,0.35035,0.21013,0.21052,0,Seen,Seen_eye,Seen_eye;Seen_binoculars;Seen_telescope;Seen_ccd,1,YALLOP
119,2422906.189,-33.9,18.5,1.689,2422906.169,2422906.213,63.45067,6.25386,286.75282,-5.52595,287.12873,0.00239,1.01207,11.78579,11.77981,0.37591,0.01054,60.92727,0.34995,0.35063,0.207,0.2074,0,Seen,Seen_eye,Seen_eye;Seen_binoculars;Seen_telescope;Seen_ccd,1,YALLOP
120,2407167.261,38,23.7,1.761,2407167.241,2407167.286,65.6186,5.83532,293.44015,-4.86571,304.48478,0.00249,1.01438,15.36659,10.70103,11.04463,0.01787,58.46711,0.56947,0.57046,0.22459,0.22514,0,Seen,Seen_eye,Seen_eye;Seen_binoculars;Seen_telescope;Seen_ccd,1,YALLOP
121,2448007.51,41.6,-73.7,1.01,2448007.487,2448007.539,74.41736,5.99917,293.00747,-5.77625,293.60444,0.00239,1.0039,11.79048,11.77541,0.59697,0.01055,60.98173,0.35054,0.35119,0.20691,0.20729,0,Not_seen,Not_seen,Not_seen,0,YALLOP
122,2402088.24,38,23.7,2.74,2402088.227,2402088.256,42.41491,4.0811,272.53127,-3.41376,294.80649,0.00272,1.01172,23.48684,7.49486,22.27522,0.04142,53.81657,1.21475,1.2161,0.24406,0.24474,0,Not_seen,Not_seen,Not_seen,0,YALLOP
123,2443134.454,29.9,-81.3,0.954,2443134.435,2443134.479,63.48005,6.15021,244.29936,-5.50936,246.07466,0.00245,0.9813,11.79348,11.65957,1.7753,0.01055,59.5654,0.34258,0.34321,0.19066,0.19104,0,Seen,Seen_eye,Seen_eye;Seen_binoculars;Seen_telescope;Seen_ccd,1,YALLOP
124,2446087.686,19,-155,1.186,2446087.669,2446087.708,55.87841,5.90125,244.89498,-5.51583,251.04323,0.00262,0.98166,12.96245,11.41708,6.14825,0.01274,55.66167,0.38645,0.38709,0.19199,0.19236,0,Seen,Seen_eye,Seen_eye;Seen_binoculars;Seen_telescope;Seen_ccd,1,YALLOP
125,2415169.322,38.7,-0.7,1.822,2415169.301,2415169.348,66.38344,5.80429,293.0589,-4.95457,302.94213,0.00254,1.01151,14.59926,10.75886,9.88323,0.01614,57.37839,0.50474,0.5056,0.19397,0.19445,0,Seen,Seen_eye,Seen_eye;Seen_binoculars;Seen_telescope;Seen_ccd,1,YALLOP
126,2443518.487,30,-90.2,0.987,2443518.468,2443518.511,61.75411,6.09568,247.63189,-5.42209,247.63697,0.0024,0.98111,11.51777,11.51777,0.00508,0.01007,60.63193,0.33265,0.33327,0.17066,0.17103,0,Seen,Seen_eye,Seen_eye;Seen_binoculars;Seen_telescope;Seen_ccd,1,YALLOP
127,2443518.487,30,-90.2,0.987,2443518.468,2443518.511,61.75411,6.09568,247.63189,-5.42209,247.63697,0.0024,0.98111,11.51777,11.51777,0.00508,0.01007,60.63193,0.33265,0.33327,0.17066,0.17103,0,Seen,Seen_eye,Seen_eye;Seen_binoculars;Seen_telescope;Seen_ccd,1,YALLOP
128,2445674.446,37.2,-84.1,1.946,2445674.426,2445674.47,63.3008,5.00522,232.61639,-5.01074,245.57448,0.00262,0.98286,16.3647,10.01596,12.9581,0.02026,55.71532,0.61496,0.61583,0.18139,0.18187,0,Not_seen,Not_seen,Not_seen,0,YALLOP
129,2443518.486,30.9,-90.2,0.986,2443518.467,2443518.51,62.33944,6.08489,247.29434,-5.41532,247.50666,0.0024,0.98111,11.50216,11.50021,0.21231,0.01004,60.63373,0.33176,0.33238,0.16839,0.16875,0,Seen,Seen_eye,Seen_eye;Seen_binoculars;Seen_telescope;Seen_ccd,1,YALLOP
130,2446914.616,40.7,-111.9,1.116,2446914.594,2446914.644,72.10557,6.01117,291.94703,-5.64137,294.30374,0.00263,1.00442,11.88766,11.65254,2.35671,0.01072,55.44343,0.32396,0.32451,0.17904,0.17936,0,Seen,Seen_eye,Seen_eye;Seen_binoculars;Seen_telescope;Seen_ccd,1,YALLOP
131,2427602.295,55.6,33.9,1.795,2427602.263,2427602.335,102.48199,5.17913,307.8222,-4.21614,323.81253,0.00271,1.01318,18.53024,9.39527,15.99033,0.02592,53.9558,0.76212,0.7632,0.19967,0.20025,0,Seen,Seen_eye,Seen_eye;Seen_binoculars;Seen_telescope;Seen_ccd,1,YALLOP
132,2404479.188,38,23.7,1.688,2404479.17,2404479.212,60.21688,5.63541,251.70426,-5.15396,260.18377,0.00258,0.98682,13.7149,10.78937,8.47951,0.01426,56.57199,0.43946,0.44017,0.15981,0.16022,0,Seen,Seen_eye,Seen_eye;Seen_binoculars;Seen_telescope;Seen_ccd,1,YALLOP
133,2443518.469,27.7,-82.7,0.969,2443518.451,2443518.492,58.92667,5.95894,248.47687,-5.30798,247.85561,0.0024,0.98111,11.28398,11.26692,-0.62126,0.00967,60.65593,0.31945,0.32004,0.13782,0.13817,0,Seen,Seen_eye,Seen_eye;Seen_binoculars;Seen_telescope;Seen_ccd,1,YALLOP
134,2445674.143,15.6,35.6,1.643,2445674.126,2445674.164,54.43232,5.72776,242.3905,-5.38085,248.26722,0.00261,0.98287,12.56298,11.10861,5.87672,0.01197,55.81983,0.36412,0.36471,0.14816,0.1485,0,Not_seen,Not_seen,Not_seen,0,YALLOP
135,2401350.245,38,23.7,2.745,2401350.232,2401350.261,41.81539,3.97747,276.53567,-3.29895,297.24649,0.00261,1.01277,21.93834,7.27642,20.71081,0.03621,56.06095,1.10603,1.10728,0.16747,0.16811,0,Not_seen,Not_seen,Not_seen,0,YALLOP
136,2440742.574,26.3,-98.2,1.074,2440742.554,2440742.598,62.35506,5.93343,298.02407,-5.54186,298.46066,0.00264,1.0121,11.48356,11.47529,0.43659,0.01001,55.30414,0.30163,0.30213,0.14814,0.14844,0,Seen,Seen_eye,Seen_eye;Seen_binoculars;Seen_telescope;Seen_ccd,1,YALLOP
137,2446914.58,30.6,-104,1.08,2446914.561,2446914.604,61.03499,5.91361,290.326,-5.5377,290.16614,0.00263,1.00441,11.45242,11.45131,-0.15986,0.00996,55.47225,0.30091,0.30141,0.14532,0.14562,0,Seen,Seen_eye,Seen_eye;Seen_binoculars;Seen_telescope;Seen_ccd,1,YALLOP
138,2446914.58,30.6,-104,1.08,2446914.561,2446914.604,61.03499,5.91361,290.326,-5.5377,290.16614,0.00263,1.00441,11.45242,11.45131,-0.15986,0.00996,55.47225,0.30091,0.30141,0.14532,0.14562,0,Seen,Seen_eye,Seen_eye;Seen_binoculars;Seen_telescope;Seen_ccd,1,YALLOP
139,2443489.137,47.8,20,1.637,2443489.112,2443489.168,80.44335,5.46636,233.15593,-5.06847,240.87357,0.00239,0.98231,13.05281,10.53483,7.71763,0.01292,61.1127,0.4302,0.43093,0.12904,0.12946,0,Seen,Seen_eye,Seen_eye;Seen_binoculars;Seen_telescope;Seen_ccd,1,YALLOP
140,2443518.465,33.9,-84.3,0.965,2443518.445,2443518.489,63.30107,5.91947,246.12408,-5.28587,246.92379,0.0024,0.98111,11.23375,11.20534,0.79971,0.00958,60.66216,0.31666,0.31723,0.13002,0.13036,0,Seen,Seen_eye,Seen_eye;Seen_binoculars;Seen_telescope;Seen_ccd,1,YALLOP
141,2406044.374,51.5,-2.6,1.874,2406044.343,2406044.412,99.69111,5.45498,308.50668,-5.09444,316.75579,0.00241,1.01257,13.38451,10.54942,8.24911,0.01358,60.56828,0.44821,0.44896,0.14083,0.14126,0,Seen,Seen_eye,Seen_eye;Seen_binoculars;Seen_telescope;Seen_ccd,1,YALLOP
142,2440742.573,28,-97,1.073,2440742.554,2440742.598,63.45254,5.92147,298.26511,-5.52718,299.11821,0.00264,1.01209,11.48029,11.44865,0.8531,0.01,55.30557,0.30146,0.30196,0.14538,0.14568,0,Seen,Seen_eye,Seen_eye;Seen_binoculars;Seen_telescope;Seen_ccd,1,YALLOP
143,2447682.366,50.8,-1,1.866,2447682.336,2447682.404,96.792,5.50336,307.14568,-5.08403,315.81263,0.00249,1.01221,13.67457,10.58739,8.66695,0.01417,58.51059,0.45187,0.4526,0.14672,0.14714,0,Seen,Seen_eye,Seen_eye;Seen_binoculars;Seen_telescope;Seen_ccd,1,YALLOP
144,2443518.479,41.6,-93.6,0.979,2443518.456,2443518.506,71.35194,5.86112,242.30859,-5.24889,245.01244,0.0024,0.98111,11.43329,11.11001,2.70385,0.00992,60.66203,0.32797,0.32856,0.12714,0.12748,0,Seen,Seen_eye,Seen_eye;Seen_binoculars;Seen_telescope;Seen_ccd,1,YALLOP
145,2443518.462,29.9,-81.3,0.962,2443518.443,2443518.485,60.0415,5.91559,247.70711,-5.27802,247.56213,0.0024,0.9811,11.19455,11.19361,-0.14498,0.00951,60.66395,0.31447,0.31504,0.12755,0.12789,0,Seen,Seen_eye,Seen_eye;Seen_binoculars;Seen_telescope;Seen_ccd,1,YALLOP
146,2443518.462,29.9,-81.3,0.962,2443518.443,2443518.485,60.0415,5.91559,247.70711,-5.27802,247.56213,0.0024,0.9811,11.19455,11.19361,-0.14498,0.00951,60.66395,0.31447,0.31504,0.12755,0.12789,0,Seen,Seen_eye,Seen_eye;Seen_binoculars;Seen_telescope;Seen_ccd,1,YALLOP
147,2443134.462,42,-91.6,0.962,2443134.44,2443134.49,72.86795,5.75114,238.1538,-5.22,242.91748,0.00245,0.9813,11.95779,10.97114,4.76368,0.01085,59.60363,0.35238,0.35299,0.12756,0.12791,0,Seen,Seen_eye,Seen_eye;Seen_binoculars;Seen_telescope;Seen_ccd,1,YALLOP
148,2422729.578,34.2,-118,1.078,2422729.559,2422729.601,60.63854,6.08824,256.62936,-5.34405,255.61824,0.00269,0.98415,11.47677,11.43229,-1.01112,0.01,54.2209,0.29537,0.29586,0.14015,0.14044,0,Seen,Seen_eye,Seen_eye;Seen_binoculars;Seen_telescope;Seen_ccd,1,YALLOP
149,2445763.496,37.2,-84.1,1.996,2445763.478,2445763.519,58.94473,5.62046,257.85793,-5.18185,265.82608,0.00271,0.98907,13.41612,10.80231,7.96815,0.01364,53.75556,0.39967,0.40028,0.13818,0.13853,0,Not_seen,Not_seen,Not_seen,0,YALLOP
150,2443518.456,34,-81.1,0.956,2443518.436,2443518.48,62.76032,5.85422,246.10051,-5.23448,246.86784,0.0024,0.9811,11.11513,11.08869,0.76733,0.00938,60.67364,0.31008,0.31064,0.11448,0.11481,0,Seen,Seen_eye,Seen_eye;Seen_binoculars;Seen_telescope;Seen_ccd,1,YALLOP
151,2443518.456,34,-81.1,0.956,2443518.436,2443518.48,62.76032,5.85422,246.10051,-5.23448,246.86784,0.0024,0.9811,11.11513,11.08869,0.76733,0.00938,60.67364,0.31008,0.31064,0.11448,0.11481,0,Seen,Seen_eye,Seen_eye;Seen_binoculars;Seen_telescope;Seen_ccd,1,YALLOP
152,2445852.184,15.6,35.6,1.684,2445852.167,2445852.205,54.71569,5.82722,293.78198,-5.35934,294.64201,0.00255,1.01162,11.21946,11.18656,0.86003,0.00956,57.1534,0.29758,0.29809,0.11688,0.11718,0,Not_seen,Not_seen,Not_seen,0,YALLOP
153,2446914.562,30.3,-97.7,1.062,2446914.543,2446914.585,59.72879,5.80091,290.273,-5.43935,289.9991,0.00263,1.0044,11.24359,11.24026,-0.2739,0.0096,55.49293,0.29018,0.29065,0.11787,0.11815,0,Seen,Seen_eye,Seen_eye;Seen_binoculars;Seen_telescope;Seen_ccd,1,YALLOP
154,2443518.449,36,-79.8,0.949,2443518.429,2443518.474,63.97412,5.7872,245.23567,-5.18088,246.42157,0.0024,0.9811,11.0318,10.96808,1.1859,0.00924,60.68404,0.30552,0.30606,0.09972,0.10004,0,Seen,Seen_eye,Seen_eye;Seen_binoculars;Seen_telescope;Seen_ccd,1,YALLOP
155,2443518.465,43,-89.8,0.965,2443518.443,2443518.493,71.94611,5.73553,241.52207,-5.14422,244.44825,0.0024,0.98111,11.26523,10.87974,2.92618,0.00963,60.68195,0.31853,0.31909,0.09856,0.09889,0,Seen,Seen_eye,Seen_eye;Seen_binoculars;Seen_telescope;Seen_ccd,1,YALLOP
156,2443518.449,36,-79.8,0.949,2443518.429,2443518.474,63.97412,5.7872,245.23567,-5.18088,246.42157,0.0024,0.9811,11.0318,10.96808,1.1859,0.00924,60.68404,0.30552,0.30606,0.09972,0.10004,0,Seen,Seen_eye,Seen_eye;Seen_binoculars;Seen_telescope;Seen_ccd,1,YALLOP
157,2443518.449,36,-79.8,0.949,2443518.429,2443518.474,63.97412,5.7872,245.23567,-5.18088,246.42157,0.0024,0.9811,11.0318,10.96808,1.1859,0.00924,60.68404,0.30552,0.30606,0.09972,0.10004,0,Seen,Seen_eye,Seen_eye;Seen_binoculars;Seen_telescope;Seen_ccd,1,YALLOP
158,2406428.262,38,23.7,1.762,2406428.24,2406428.288,68.57988,5.63632,299.86351,-5.05178,305.16761,0.00239,1.01426,11.92839,10.6881,5.3041,0.0108,61.01777,0.35897,0.3596,0.1031,0.10347,0,Not_seen,Not_seen,Not_seen,0,YALLOP
159,2443518.461,41.9,-87.6,0.961,2443518.439,2443518.488,70.45435,5.742,242.18423,-5.15077,244.8212,0.0024,0.9811,11.20647,10.89277,2.63697,0.00953,60.68321,0.31523,0.31579,0.09792,0.09825,0,Seen,Seen_eye,Seen_eye;Seen_binoculars;Seen_telescope;Seen_ccd,1,YALLOP
160,2422729.559,35.2,-111.7,1.059,2422729.54,2422729.582,60.51734,5.98797,256.32496,-5.26556,255.4741,0.00269,0.98415,11.28555,11.25353,-0.85086,0.00967,54.22536,0.28566,0.28613,0.11652,0.1168,0,Seen,Seen_eye,Seen_eye;Seen_binoculars;Seen_telescope;Seen_ccd,1,YALLOP
161,2446914.566,41.6,-93.7,1.066,2446914.545,2446914.593,69.73637,5.69791,292.13965,-5.3739,294.46484,0.00263,1.0044,11.31259,11.07181,2.32519,0.00971,55.50065,0.29378,0.29425,0.10316,0.10344,0,Not_seen,Not_seen,Not_seen,0,YALLOP
162,2422729.557,32.2,-110,1.057,2422729.539,2422729.579,57.8503,5.94214,257.18919,-5.22341,255.67567,0.00269,0.98415,11.26734,11.16555,-1.51352,0.00964,54.22921,0.28477,0.28523,0.10719,0.10747,0,Seen,Seen_eye,Seen_eye;Seen_binoculars;Seen_telescope;Seen_ccd,1,YALLOP
163,2415494.319,50.7,-2.8,1.819,2415494.296,2415494.349,76.49539,5.44386,288.0721,-5.0156,294.41628,0.00239,1.0026,12.22851,10.45946,6.34418,0.01134,60.97625,0.37694,0.37757,0.09071,0.09107,0,Seen,Seen_eye,Seen_eye;Seen_binoculars;Seen_telescope;Seen_ccd,1,YALLOP
164,2443134.447,43.8,-87.7,0.947,2443134.424,2443134.475,73.58907,5.56708,237.01895,-5.07213,242.08133,0.00245,0.9813,11.77907,10.63921,5.06238,0.01053,59.6323,0.34212,0.3427,0.08836,0.0887,0,Seen,Seen_eye,Seen_eye;Seen_binoculars;Seen_telescope;Seen_ccd,1,YALLOP
165,2440683.535,44.5,-88,1.035,2440683.514,2440683.562,68.68859,5.61738,283.66199,-5.31967,284.67691,0.00249,0.9986,10.98389,10.93704,1.01492,0.00916,58.48545,0.2919,0.29239,0.08857,0.08886,0,Seen,Seen_eye,Seen_eye;Seen_binoculars;Seen_telescope;Seen_ccd,1,YALLOP
166,2443518.436,38.9,-76.9,0.936,2443518.416,2443518.461,65.72002,5.65372,243.87279,-5.07589,245.6322,0.0024,0.9811,10.87249,10.72962,1.75941,0.00898,60.70426,0.29688,0.2974,0.07077,0.07108,0,Seen,Seen_binoculars,Seen_binoculars;Seen_telescope;Seen_ccd,0.75,YALLOP
167,2447326.536,37.2,-84.1,30.036,2447326.537,2447326.534,-3.54819,-0.87129,306.01583,0.27198,299.49299,0.0026,1.01318,6.62208,1.14327,-6.52284,0.00334,56.4605,0.10263,0.1026,-1.00526,-1.00527,0,Not_seen,Not_seen,Not_seen,0,YALLOP
168,2404568.247,38,23.7,1.747,2404568.227,2404568.271,62.32749,5.55186,291.47312,-4.82187,300.09265,0.00272,1.0098,13.47978,10.37374,8.61953,0.01377,53.6983,0.40303,0.40364,0.09726,0.09761,0,Not_seen,Not_seen,Not_seen,0,YALLOP
169,2446914.54,30,-90.1,1.04,2446914.522,2446914.562,58.21969,5.6637,290.21499,-5.32205,289.82127,0.00263,1.00439,10.99279,10.98575,-0.39372,0.00917,55.51769,0.27754,0.27798,0.08492,0.08519,0,Seen,Seen_eye,Seen_eye;Seen_binoculars;Seen_telescope;Seen_ccd,1,YALLOP
170,2446914.548,40.8,-87.7,1.048,2446914.527,2446914.574,67.72091,5.60997,291.92756,-5.29743,293.98306,0.00263,1.0044,11.09881,10.90739,2.0555,0.00935,55.51864,0.28291,0.28335,0.08027,0.08054,0,Not_seen,Not_seen,Not_seen,0,YALLOP
171,2446914.536,33,-87.4,1.036,2446914.517,2446914.559,60.20113,5.63947,290.5234,-5.30457,290.78546,0.00263,1.00439,10.94717,10.94404,0.26206,0.0091,55.52208,0.27527,0.27571,0.0794,0.07966,0,Not_seen,Not_seen,Not_seen,0,YALLOP
172,2443902.577,37.8,-122.4,1.077,2443902.558,2443902.601,61.83708,5.55433,248.63848,-5.05698,250.93713,0.00239,0.98261,10.85673,10.61131,2.29865,0.00895,61.0992,0.29795,0.29846,0.05958,0.05988,0,Seen,Seen_eye,Seen_eye;Seen_binoculars;Seen_telescope;Seen_ccd,1,YALLOP
173,2443577.596,50.3,-119.3,1.096,2443577.574,2443577.624,71.22473,5.44315,263.91687,-5.03611,269.33965,0.00252,0.99072,11.79572,10.47926,5.42278,0.01056,57.83612,0.33276,0.33329,0.06688,0.06719,0,Seen,Seen_eye,Seen_eye;Seen_binoculars;Seen_telescope;Seen_ccd,1,YALLOP
174,2418063.301,44.1,3.1,1.801,2418063.281,2418063.325,62.98342,5.19231,286.15768,-4.59518,296.26217,0.00257,1.00562,14.0586,9.78748,10.10449,0.01498,56.84618,0.46389,0.46459,0.0736,0.074,0,Seen,Seen_eye,Seen_eye;Seen_binoculars;Seen_telescope;Seen_ccd,1,YALLOP
175,2446914.528,33.7,-84.4,1.028,2446914.51,2446914.552,60.27614,5.59052,290.60298,-5.26264,290.99657,0.00263,1.00439,10.86027,10.85316,0.39359,0.00896,55.53071,0.27097,0.2714,0.06776,0.06801,0,Not_seen,Not_seen,Not_seen,0,YALLOP
176,2423084.256,-33.9,18.5,2.756,2423084.243,2423084.273,43.32531,4.3229,262.8159,-3.67566,245.41598,0.00271,0.9826,19.13719,7.99856,-17.39992,0.02763,53.8437,0.8107,0.81166,0.08604,0.08655,0,Not_seen,Not_seen,Not_seen,0,YALLOP
177,2408170.298,51.5,-2.6,1.798,2408170.274,2408170.327,75.97847,5.55059,281.58798,-5.16971,283.15719,0.00253,0.99706,10.8342,10.72029,1.56921,0.00891,57.55181,0.27949,0.27994,0.05954,0.0598,0,Seen,Seen_eye,Seen_eye;Seen_binoculars;Seen_telescope;Seen_ccd,1,YALLOP
178,2446914.542,42.7,-84.5,1.042,2446914.521,2446914.569,69.28354,5.52766,292.4256,-5.2343,294.87853,0.00263,1.00439,11.03715,10.76195,2.45293,0.00925,55.52952,0.27984,0.28027,0.06391,0.06417,0,Seen,Seen_eye,Seen_eye;Seen_binoculars;Seen_telescope;Seen_ccd,1,YALLOP
179,2446914.542,42.7,-84.5,1.042,2446914.521,2446914.569,69.28354,5.52766,292.4256,-5.2343,294.87853,0.00263,1.00439,11.03715,10.76195,2.45293,0.00925,55.52952,0.27984,0.28027,0.06391,0.06417,0,Seen,Seen_eye,Seen_eye;Seen_binoculars;Seen_telescope;Seen_ccd,1,YALLOP
180,2446914.524,36.2,-81.7,1.024,2446914.505,2446914.548,62.00591,5.54583,290.97042,-5.2277,291.9004,0.00263,1.00439,10.81347,10.77352,0.92998,0.00888,55.53718,0.26868,0.2691,0.05843,0.05868,0,Seen,Seen_eye,Seen_eye;Seen_binoculars;Seen_telescope;Seen_ccd,1,YALLOP
181,2446914.524,36.2,-81.7,1.024,2446914.505,2446914.548,62.00591,5.54583,290.97042,-5.2277,291.9004,0.00263,1.00439,10.81347,10.77352,0.92998,0.00888,55.53718,0.26868,0.2691,0.05843,0.05868,0,Seen,Seen_eye,Seen_eye;Seen_binoculars;Seen_telescope;Seen_ccd,1,YALLOP
182,2446914.524,36.2,-81.7,1.024,2446914.505,2446914.548,62.00591,5.54583,290.97042,-5.2277,291.9004,0.00263,1.00439,10.81347,10.77352,0.92998,0.00888,55.53718,0.26868,0.2691,0.05843,0.05868,0,Not_seen,Not_seen,Not_seen,0,YALLOP
183,2423202.173,-33.9,18.5,1.673,2423202.154,2423202.195,59.15847,5.48431,296.84051,-4.97921,292.30729,0.00256,1.01098,11.40077,10.46351,-4.53321,0.00987,57.06228,0.30676,0.30724,0.05,0.05029,0,Seen,Seen_eye,Seen_eye;Seen_binoculars;Seen_telescope;Seen_ccd,1,YALLOP
184,2430702.411,40.7,-74,0.911,2430702.391,2430702.437,65.15983,5.24488,238.13311,-4.82825,243.97207,0.00239,0.9826,11.63928,10.07313,5.83896,0.01028,60.9567,0.3415,0.34205,0.03139,0.03171,0,Seen,Seen_eye,Seen_eye;Seen_binoculars;Seen_telescope;Seen_ccd,1,YALLOP
185,2446914.516,28,-82.5,1.016,2446914.499,2446914.537,55.44833,5.50265,290.02087,-5.18265,289.1388,0.00263,1.00438,10.72154,10.6853,-0.88207,0.00873,55.54541,0.26418,0.26459,0.04693,0.04718,0,Not_seen,Not_seen,Not_seen,0,YALLOP
186,2446914.513,26.7,-81.8,1.013,2446914.496,2446914.534,54.38851,5.46902,289.93191,-5.15138,288.76433,0.00263,1.00438,10.6842,10.6204,-1.16758,0.00867,55.55035,0.26238,0.26278,0.03936,0.03961,0,Seen,Seen_eye,Seen_eye;Seen_binoculars;Seen_telescope;Seen_ccd,1,YALLOP
187,2446914.515,38.9,-77.1,1.015,2446914.495,2446914.54,63.76806,5.45437,291.47068,-5.15589,292.95631,0.00263,1.00438,10.71347,10.61026,1.48564,0.00872,55.55051,0.26381,0.26422,0.03921,0.03945,0,Not_seen,Not_seen,Not_seen,0,YALLOP
188,2446914.515,38.9,-77.1,1.015,2446914.495,2446914.54,63.76806,5.45437,291.47068,-5.15589,292.95631,0.00263,1.00438,10.71347,10.61026,1.48564,0.00872,55.55051,0.26381,0.26422,0.03921,0.03945,0,Seen,Seen_eye,Seen_eye;Seen_binoculars;Seen_telescope;Seen_ccd,1,YALLOP
189,2446914.515,38.9,-77.1,1.015,2446914.495,2446914.54,63.76806,5.45437,291.47068,-5.15589,292.95631,0.00263,1.00438,10.71347,10.61026,1.48564,0.00872,55.55051,0.26381,0.26422,0.03921,0.03945,0,Seen,Seen_eye,Seen_eye;Seen_binoculars;Seen_telescope;Seen_ccd,1,YALLOP
190,2446914.515,38.9,-77,1.015,2446914.495,2446914.539,63.75086,5.45248,291.47063,-5.15467,292.95508,0.00263,1.00438,10.71021,10.60714,1.48445,0.00871,55.55083,0.26365,0.26406,0.0388,0.03904,0,Seen,Seen_eye,Seen_eye;Seen_binoculars;Seen_telescope;Seen_ccd,1,YALLOP
191,2446914.515,38.9,-77.1,1.015,2446914.495,2446914.54,63.76806,5.45437,291.47068,-5.15589,292.95631,0.00263,1.00438,10.71347,10.61026,1.48564,0.00872,55.55051,0.26381,0.26422,0.03921,0.03945,0,Not_seen,Not_seen,Not_seen,0,YALLOP
192,2446914.515,38.9,-77.1,1.015,2446914.495,2446914.54,63.76806,5.45437,291.47068,-5.15589,292.95631,0.00263,1.00438,10.71347,10.61026,1.48564,0.00872,55.55051,0.26381,0.26422,0.03921,0.03945,0,Not_seen,Not_seen,Not_seen,0,YALLOP
193,2427305.268,48.6,7.7,29.768,2427305.271,2427305.263,-11.1159,-1.45228,293.48842,0.77344,288.07128,0.00263,1.00898,5.85616,2.22572,-5.41715,0.00261,55.73874,0.07925,0.07922,-0.91148,-0.9115,0,Seen,Seen_eye,Seen_eye;Seen_binoculars;Seen_telescope;Seen_ccd,1,YALLOP
194,2402412.255,38,23.7,1.755,2402412.241,2402412.274,47.76612,4.32468,287.29278,-3.55048,303.62345,0.00257,1.01422,18.11839,7.87516,16.33067,0.02479,56.94652,0.7693,0.77026,0.05152,0.05204,0,Not_seen,Not_seen,Not_seen,0,YALLOP
195,2423054.261,-33.9,18.5,1.761,2423054.247,2423054.28,47.0286,4.52058,254.12919,-3.76509,238.7159,0.00268,0.98079,17.48705,8.28567,-15.41329,0.02311,54.52693,0.68657,0.68742,0.04774,0.04821,0,Not_seen,Not_seen,Not_seen,0,YALLOP
196,2419068.219,51,-0.9,1.719,2419068.198,2419068.246,68.82136,4.30998,233.92607,-4.32598,247.21823,0.00259,0.9829,15.84065,8.63596,13.29216,0.01899,56.43302,0.58388,0.5846,0.02612,0.02653,0,Seen,Seen_eye,Seen_eye;Seen_binoculars;Seen_telescope;Seen_ccd,1,YALLOP
197,2443577.525,41.6,-93.6,1.025,2443577.507,2443577.548,59.90901,5.37684,265.36457,-4.96238,268.62138,0.00252,0.9907,10.8387,10.33922,3.25681,0.00892,57.89174,0.28138,0.28182,0.02255,0.02281,0,Seen,Seen_eye,Seen_eye;Seen_binoculars;Seen_telescope;Seen_ccd,1,YALLOP
198,2443577.525,41.6,-93.6,1.025,2443577.507,2443577.548,59.90901,5.37684,265.36457,-4.96238,268.62138,0.00252,0.9907,10.8387,10.33922,3.25681,0.00892,57.89174,0.28138,0.28182,0.02255,0.02281,0,Seen,Seen_eye,Seen_eye;Seen_binoculars;Seen_telescope;Seen_ccd,1,YALLOP
199,2443577.512,40.5,-89,1.012,2443577.494,2443577.535,58.40301,5.32933,265.53099,-4.91926,268.50617,0.00252,0.99069,10.6706,10.24859,2.97519,0.00865,57.90509,0.2728,0.27323,0.00839,0.00865,0,Seen,Seen_eye,Seen_eye;Seen_binoculars;Seen_telescope;Seen_ccd,1,YALLOP
200,2443577.512,40.5,-89,1.012,2443577.494,2443577.535,58.40301,5.32933,265.53099,-4.91926,268.50617,0.00252,0.99069,10.6706,10.24859,2.97519,0.00865,57.90509,0.2728,0.27323,0.00839,0.00865,0,Seen,Seen_eye,Seen_eye;Seen_binoculars;Seen_telescope;Seen_ccd,1,YALLOP
201,2409883.168,50.6,5.7,1.668,2409883.143,2409883.199,79.32453,5.09471,230.94053,-4.62853,239.25254,0.00268,0.98222,12.7853,9.72324,8.31201,0.0124,54.42577,0.36765,0.36817,0.01168,0.01198,0,Seen,Seen_eye,Seen_eye;Seen_binoculars;Seen_telescope;Seen_ccd,1,YALLOP
202,2422434.279,43.5,7,1.779,2422434.26,2422434.303,62.31662,5.15473,285.70392,-4.77107,290.44603,0.00243,1.00254,10.99784,9.92579,4.74212,0.00918,59.98055,0.30013,0.3006,-0.00769,-0.00741,0,Seen,Seen_eye,Seen_eye;Seen_binoculars;Seen_telescope;Seen_ccd,1,YALLOP
203,2443902.562,47.6,-122.3,1.062,2443902.54,2443902.588,69.26194,5.10927,243.84351,-4.70684,248.10832,0.00239,0.98261,10.70047,9.81612,4.26481,0.00869,61.14705,0.28969,0.29015,-0.02483,-0.02456,0,Seen,Seen_eye,Seen_eye;Seen_binoculars;Seen_telescope;Seen_ccd,1,YALLOP
204,2400345.156,38,23.7,1.656,2400345.145,2400345.169,35.65362,2.7173,235.79355,-3.01648,256.13345,0.00255,0.99085,21.12437,5.73378,20.3399,0.0336,57.48033,1.05238,1.05322,-0.01415,-0.01372,0,Seen,Seen_eye,Seen_eye;Seen_binoculars;Seen_telescope;Seen_ccd,1,YALLOP
205,2420573.246,49.4,8.7,1.746,2420573.226,2420573.272,66.99553,5.25204,270.96205,-4.83696,272.6342,0.00265,0.9924,10.22628,10.089,1.67215,0.00794,55.00443,0.23806,0.23841,-0.0283,-0.02809,0,Seen,Seen_eye,Seen_eye;Seen_binoculars;Seen_telescope;Seen_ccd,1,YALLOP
206,2402619.162,38,23.7,1.662,2402619.144,2402619.185,59.01843,5.33112,246.81014,-4.69023,247.30004,0.00254,0.98145,10.03329,10.02135,0.4899,0.00765,57.34471,0.23894,0.23931,-0.03455,-0.03432,0,Not_seen,Not_seen,Not_seen,0,YALLOP
207,2422729.437,42.3,-71.1,0.937,2422729.418,2422729.461,60.68959,5.32358,253.93794,-4.73213,254.08479,0.00269,0.98411,10.05678,10.05571,0.14686,0.00768,54.25186,0.22711,0.22744,-0.0382,-0.038,0,Seen,Seen_eye,Seen_eye;Seen_binoculars;Seen_telescope;Seen_ccd,1,YALLOP
208,2411329.154,50.9,4.2,29.654,2411329.154,2411329.155,2.25869,-0.28635,243.37468,-0.13111,236.8437,0.00243,0.98473,6.53277,0.15524,-6.53097,0.00325,60.22661,0.10654,0.10653,-1.10164,-1.10165,0,Seen,Seen_eye,Seen_eye;Seen_binoculars;Seen_telescope;Seen_ccd,1,YALLOP
209,2449897.426,-30.1,-71,0.926,2449897.409,2449897.447,54.64224,5.28761,294.49773,-4.72986,294.21616,0.0027,1.01401,10.02141,10.01746,-0.28157,0.00763,53.99721,0.22446,0.22478,-0.04362,-0.04343,0,Seen,Seen_eye,Seen_eye;Seen_binoculars;Seen_telescope;Seen_ccd,1,YALLOP
210,2403003.176,38,23.7,1.676,2403003.158,2403003.197,56.1694,5.22509,251.8123,-4.66031,253.41225,0.00261,0.98375,10.01372,9.8854,1.59994,0.00762,55.89872,0.23201,0.23235,-0.05229,-0.05209,0,Not_seen,Not_seen,Not_seen,0,YALLOP
211,2443458.496,30.7,-104,29.996,2443458.498,2443458.494,-6.52996,-1.29245,254.2056,0.58507,249.3606,0.00242,0.98765,5.19578,1.87752,-4.845,0.00205,60.66906,0.06792,0.06789,-0.95335,-0.95337,0,Seen,Seen_eye,Seen_eye;Seen_binoculars;Seen_telescope;Seen_ccd,1,YALLOP
212,2443577.466,41.3,-72.9,0.966,2443577.449,2443577.488,55.96129,5.01322,265.40384,-4.65635,268.30289,0.00252,0.99068,10.09382,9.66958,2.89905,0.00774,57.96547,0.24444,0.2448,-0.06643,-0.06621,0,Seen,Seen_eye,Seen_eye;Seen_binoculars;Seen_telescope;Seen_ccd,1,YALLOP
213,2443577.466,41.3,-72.9,0.966,2443577.449,2443577.488,55.96129,5.01322,265.40384,-4.65635,268.30289,0.00252,0.99068,10.09382,9.66958,2.89905,0.00774,57.96547,0.24444,0.2448,-0.06643,-0.06621,0,Seen,Seen_eye,Seen_eye;Seen_binoculars;Seen_telescope;Seen_ccd,1,YALLOP
214,2443577.469,42.7,-73.8,0.969,2443577.451,2443577.491,56.9662,4.98552,265.19193,-4.63624,268.36311,0.00252,0.99068,10.1297,9.62176,3.17118,0.00779,57.96637,0.24618,0.24654,-0.07017,-0.06995,0,Seen,Seen_eye,Seen_eye;Seen_binoculars;Seen_telescope;Seen_ccd,1,YALLOP
215,2443577.469,42.7,-73.8,0.969,2443577.451,2443577.491,56.9662,4.98552,265.19193,-4.63624,268.36311,0.00252,0.99068,10.1297,9.62176,3.17118,0.00779,57.96637,0.24618,0.24654,-0.07017,-0.06995,0,Seen,Seen_eye,Seen_eye;Seen_binoculars;Seen_telescope;Seen_ccd,1,YALLOP
216,2443193.48,42.7,-83.6,0.98,2443193.462,2443193.503,58.84574,5.11608,258.38272,-4.66783,258.78457,0.00259,0.9861,9.79214,9.78391,0.40185,0.00728,56.46343,0.22412,0.22445,-0.06718,-0.06698,0,Seen,Seen_eye,Seen_eye;Seen_binoculars;Seen_telescope;Seen_ccd,1,YALLOP
217,2446973.663,37,-122,1.163,2446973.644,2446973.687,62.03038,5.06434,300.15948,-4.67563,304.02214,0.00271,1.01395,10.47621,9.73997,3.86266,0.00833,53.79015,0.24429,0.24463,-0.05948,-0.05927,0,Seen,Seen_eye,Seen_eye;Seen_binoculars;Seen_telescope;Seen_ccd,1,YALLOP
218,2446973.628,33.5,-112.1,1.127,2446973.609,2446973.65,58.35711,5.03435,299.25708,-4.67431,302.07168,0.00271,1.01394,10.10747,9.70866,2.8146,0.00776,53.79617,0.22747,0.22778,-0.07269,-0.0725,0,Seen,Seen_eye,Seen_eye;Seen_binoculars;Seen_telescope;Seen_ccd,1,YALLOP
219,2443902.485,38.7,-90.3,0.985,2443902.468,2443902.506,56.03752,4.89523,248.39634,-4.51091,250.2955,0.00239,0.98259,9.59553,9.40614,1.89916,0.007,61.18344,0.23322,0.23358,-0.09949,-0.09928,0,Seen,Seen_binoculars,Seen_binoculars;Seen_telescope;Seen_ccd,0.75,YALLOP
220,2443902.473,29.7,-82.4,0.973,2443902.458,2443902.492,49.66976,4.91119,251.5609,-4.50957,251.65214,0.00239,0.98259,9.4212,9.42076,0.09124,0.00674,61.18427,0.22485,0.22519,-0.10306,-0.10285,0,Seen,Seen_binoculars,Seen_binoculars;Seen_telescope;Seen_ccd,0.75,YALLOP
221,2443902.489,42,-93.6,0.989,2443902.471,2443902.512,58.82159,4.84757,246.94503,-4.47796,249.51857,0.00239,0.98259,9.67336,9.32553,2.57354,0.00711,61.18684,0.23702,0.23738,-0.10527,-0.10506,0,Seen,Seen_eye,Seen_eye;Seen_binoculars;Seen_telescope;Seen_ccd,1,YALLOP
222,2443902.47,29.9,-81.3,0.97,2443902.455,2443902.489,49.54638,4.88757,251.50185,-4.48775,251.61707,0.00239,0.98259,9.37603,9.37532,0.11522,0.00668,61.18709,0.22271,0.22305,-0.10888,-0.10868,0,Seen,Seen_eye,Seen_eye;Seen_binoculars;Seen_telescope;Seen_ccd,1,YALLOP
223,2443902.484,42,-91.7,0.984,2443902.466,2443902.507,58.45306,4.81176,246.95422,-4.44803,249.48872,0.00239,0.98259,9.59965,9.25979,2.53449,0.007,61.19115,0.23345,0.2338,-0.11399,-0.11378,0,Seen,Seen_binoculars,Seen_binoculars;Seen_telescope;Seen_ccd,0.75,YALLOP
224,2446973.587,30,-100,1.087,2446973.57,2446973.608,54.59429,4.9281,298.61171,-4.60535,300.3749,0.00271,1.01394,9.69476,9.53346,1.76319,0.00714,53.80908,0.20937,0.20965,-0.10111,-0.10094,0,Not_seen,Not_seen,Not_seen,0,YALLOP
225,2426567.286,48.6,7.7,29.786,2426567.28,2426567.293,18.62953,0.96716,296.44903,-1.2568,294.29209,0.00243,1.01063,3.09803,2.22396,-2.15695,0.00073,60.4026,0.02405,0.02406,-0.94615,-0.94615,0,Seen,Seen_telescope,Seen_telescope;Seen_ccd,0.5,YALLOP
226,2447180.543,32.2,-111,1.043,2447180.528,2447180.562,49.18109,4.32106,241.15205,-4.25763,248.60632,0.00239,0.98163,11.36029,8.5787,7.45426,0.0098,61.15336,0.32643,0.32687,-0.1269,-0.12664,0,Not_seen,Not_seen,Not_seen,0,YALLOP
227,2445763.167,15.6,35.6,1.667,2445763.154,2445763.184,42.36228,4.86633,260.8043,-4.50585,264.41802,0.00272,0.98896,10.04328,9.37218,3.61372,0.00766,53.78165,0.22454,0.22483,-0.1081,-0.10792,0,Not_seen,Not_seen,Not_seen,0,YALLOP
228,2446973.643,40.7,-111.9,1.143,2446973.623,2446973.668,63.8075,4.8139,301.76664,-4.46457,306.26332,0.00271,1.01395,10.30853,9.27847,4.49669,0.00807,53.81243,0.23666,0.23697,-0.1102,-0.11001,0,Seen,Seen_binoculars,Seen_binoculars;Seen_telescope;Seen_ccd,0.75,YALLOP
229,2443577.441,45.1,-64.2,0.941,2443577.423,2443577.463,56.69865,4.73364,264.82219,-4.43055,268.27293,0.00252,0.99067,9.79105,9.16419,3.45074,0.00728,58.00702,0.23019,0.23051,-0.1255,-0.12531,0,Seen,Seen_eye,Seen_eye;Seen_binoculars;Seen_telescope;Seen_ccd,1,YALLOP
230,2420100.25,-33.9,18.5,0.75,2420100.232,2420100.271,55.56272,4.72036,240.45813,-4.53336,240.50068,0.0025,0.98385,9.25382,9.25372,0.04255,0.00651,58.53757,0.20756,0.20785,-0.13017,-0.12999,0,Seen,Seen_eye,Seen_eye;Seen_binoculars;Seen_telescope;Seen_ccd,1,YALLOP
231,2446973.621,39.8,-105,1.121,2446973.602,2446973.645,62.21267,4.773,301.48528,-4.4396,305.5983,0.00271,1.01394,10.08724,9.2126,4.11302,0.00773,53.81784,0.22665,0.22695,-0.12279,-0.12261,0,Not_seen,Not_seen,Not_seen,0,YALLOP
232,2448036.634,34.2,-118.1,1.134,2448036.618,2448036.656,54.72528,4.60382,298.41084,-4.46954,299.04592,0.0024,1.01049,9.09551,9.07336,0.63509,0.00629,60.99513,0.20895,0.20925,-0.14736,-0.14719,0,Not_seen,Not_seen,Not_seen,0,YALLOP
233,2448036.634,34.2,-118.1,1.134,2448036.618,2448036.656,54.72528,4.60382,298.41084,-4.46954,299.04592,0.0024,1.01049,9.09551,9.07336,0.63509,0.00629,60.99513,0.20895,0.20925,-0.14736,-0.14719,0,Seen,Seen_binoculars,Seen_binoculars;Seen_telescope;Seen_ccd,0.75,YALLOP
234,2403830.238,38,23.7,1.738,2403830.223,2403830.257,48.36909,4.36038,286.91294,-3.83389,296.81652,0.0026,1.0084,12.84747,8.19427,9.90358,0.01252,56.23156,0.38354,0.38401,-0.13198,-0.1317,0,Not_seen,Not_seen,Not_seen,0,YALLOP
235,2445644.452,37.2,-84.1,1.952,2445644.438,2445644.47,46.65526,4.02037,243.59763,-3.9202,253.19517,0.00254,0.98889,12.45061,7.94057,9.59753,0.01176,57.65445,0.36942,0.36985,-0.16556,-0.16531,0,Not_seen,Not_seen,Not_seen,0,YALLOP
236,2448006.484,41.6,-73.7,29.984,2448006.486,2448006.482,-6.85411,-1.1896,292.69295,0.54145,287.04107,0.00239,1.00358,5.91074,1.73105,-5.65188,0.00266,61.23571,0.0887,0.08867,-0.95509,-0.95511,0,Not_seen,Not_seen,Not_seen,0,YALLOP
237,2401054.174,38,23.7,1.674,2401054.165,2401054.184,26.55005,2.13958,246.16951,-2.31686,265.58684,0.0024,0.99694,19.91736,4.45645,19.41733,0.02991,61.08919,0.99555,0.99621,-0.17112,-0.17077,0,Not_seen,Not_seen,Not_seen,0,YALLOP
238,2404981.257,38,23.7,1.757,2404981.24,2404981.278,54.54479,4.60979,297.00858,-4.09047,303.04351,0.00272,1.01409,10.58509,8.70026,6.03494,0.00851,53.76869,0.24928,0.2496,-0.16046,-0.16027,0,Not_seen,Not_seen,Not_seen,0,YALLOP
239,2447652.598,39.7,-105.5,1.098,2447652.58,2447652.619,56.0067,4.41291,296.35952,-4.38149,295.70483,0.00243,1.00649,8.81869,8.7944,-0.6547,0.00591,60.23597,0.19401,0.19427,-0.18429,-0.18413,0,Not_seen,Not_seen,Not_seen,0,YALLOP
240,2446973.556,37.2,-84.1,1.056,2446973.539,2446973.579,57.5474,4.61151,300.79761,-4.32915,303.81394,0.00271,1.01394,9.43479,8.94067,3.01633,0.00676,53.83711,0.19842,0.19867,-0.16699,-0.16684,0,Not_seen,Not_seen,Not_seen,0,YALLOP
241,2448036.608,31.6,-110.5,1.108,2448036.592,2448036.628,50.99097,4.43507,297.87047,-4.32695,297.79143,0.00239,1.01049,8.76238,8.76202,-0.07904,0.00584,61.01797,0.19403,0.1943,-0.18751,-0.18735,0,Not_seen,Not_seen,Not_seen,0,YALLOP
242,2405070.181,38,23.7,1.681,2405070.167,2405070.197,43.65216,4.19734,258.51577,-3.81624,267.57215,0.0026,0.99721,12.08722,8.01358,9.05638,0.01109,56.32237,0.3402,0.34061,-0.17533,-0.17509,0,Not_seen,Not_seen,Not_seen,0,YALLOP
243,2446973.571,42.7,-84.5,1.071,2446973.552,2446973.595,62.43561,4.44513,303.18677,-4.17566,307.45391,0.00271,1.01394,9.61728,8.62079,4.26714,0.00703,53.84791,0.20619,0.20644,-0.19429,-0.19414,0,Seen,Seen_binoculars,Seen_binoculars;Seen_telescope;Seen_ccd,0.75,YALLOP
244,2443901.528,35.2,-111.7,30.028,2443901.531,2443901.523,-11.53549,-1.74378,251.15873,0.96467,246.53322,0.00239,0.98244,5.35967,2.70845,-4.62551,0.00219,61.41271,0.07315,0.07311,-0.867,-0.86703,0,Seen,Seen_binoculars,Seen_binoculars;Seen_telescope;Seen_ccd,0.75,YALLOP
245,2405276.228,38,23.7,1.728,2405276.214,2405276.247,47.95952,4.29695,286.90799,-3.9552,291.23178,0.00251,1.00491,9.31454,8.25216,4.32378,0.00659,58.33546,0.20956,0.20983,-0.22912,-0.22896,0,Not_seen,Not_seen,Not_seen,0,YALLOP
246,2441392.593,35.5,-117.6,1.093,2441392.579,2441392.61,44.64341,4.21916,273.29122,-4.035,270.7287,0.00241,0.99254,8.64212,8.25415,-2.56252,0.00568,60.64475,0.1876,0.18784,-0.24219,-0.24205,0,Not_seen,Not_seen,Not_seen,0,YALLOP
247,2441392.593,35.5,-117.6,1.093,2441392.579,2441392.61,44.64341,4.21916,273.29122,-4.035,270.7287,0.00241,0.99254,8.64212,8.25415,-2.56252,0.00568,60.64475,0.1876,0.18784,-0.24219,-0.24205,0,Seen,Seen_binoculars,Seen_binoculars;Seen_telescope;Seen_ccd,0.75,YALLOP
248,2446028.446,34,-84,1.946,2446028.433,2446028.462,41.80502,3.39911,236.80079,-3.52296,247.52068,0.00247,0.98483,12.75504,6.92207,10.71989,0.01234,59.18529,0.39792,0.39833,-0.25086,-0.25063,0,Not_seen,Not_seen,Not_seen,0,YALLOP
249,2447652.547,43,-85.7,1.047,2447652.53,2447652.569,55.95355,4.09226,297.5212,-4.11832,297.13323,0.00243,1.00647,8.21972,8.21058,-0.38797,0.00514,60.28777,0.16874,0.16895,-0.258,-0.25787,0,Not_seen,Not_seen,Not_seen,0,YALLOP
250,2447652.544,42.7,-84.8,1.044,2447652.527,2447652.566,55.3149,4.07129,297.40945,-4.09829,296.94411,0.00243,1.00647,8.1828,8.16958,-0.46534,0.00509,60.29102,0.16724,0.16744,-0.26302,-0.26289,0,Not_seen,Not_seen,Not_seen,0,YALLOP
251,2447652.544,42.7,-84.8,1.044,2447652.527,2447652.566,55.3149,4.07129,297.40945,-4.09829,296.94411,0.00243,1.00647,8.1828,8.16958,-0.46534,0.00509,60.29102,0.16724,0.16744,-0.26302,-0.26289,0,Not_seen,Not_seen,Not_seen,0,YALLOP
252,2422729.265,38.8,-9.1,0.765,2422729.251,2422729.284,47.88217,4.35723,255.16188,-3.94369,253.91071,0.00269,0.98407,8.39452,8.30092,-1.25117,0.00536,54.28062,0.15844,0.15863,-0.25524,-0.25512,0,Not_seen,Not_seen,Not_seen,0,YALLOP
253,2447327.554,37.2,-84.1,1.054,2447327.537,2447327.574,53.83322,4.19455,301.94991,-4.05546,303.49812,0.00262,1.01326,8.39378,8.25002,1.5482,0.00536,55.77488,0.16278,0.16297,-0.25769,-0.25757,0,Not_seen,Not_seen,Not_seen,0,YALLOP
254,2447652.558,30.3,-97,1.058,2447652.545,2447652.576,44.40791,4.00029,294.29527,-3.99021,291.72906,0.00243,1.00648,8.39183,7.9905,-2.56621,0.00535,60.2888,0.17587,0.17608,-0.27567,-0.27554,0,Not_seen,Not_seen,Not_seen,0,YALLOP
255,2445822.529,37.2,-84.1,1.029,2445822.515,2445822.547,46.36876,4.07232,287.52825,-3.82954,292.60869,0.00263,1.00541,9.39197,7.90186,5.08044,0.0067,55.68696,0.20338,0.20361,-0.26788,-0.26774,0,Not_seen,Not_seen,Not_seen,0,YALLOP
256,2449719.517,33,-106,1.017,2449719.503,2449719.535,46.22002,4.16798,245.22827,-3.85427,244.99617,0.00243,0.98091,8.02559,8.02224,-0.23211,0.0049,60.06669,0.16028,0.16049,-0.28198,-0.28186,0,Not_seen,Not_seen,Not_seen,0,YALLOP
257,2422729.26,36.5,-6.2,0.759,2422729.245,2422729.277,45.6338,4.29233,255.86297,-3.88724,254.20737,0.00269,0.98406,8.34516,8.17957,-1.6556,0.00529,54.28362,0.1566,0.15678,-0.2685,-0.26839,0,Not_seen,Not_seen,Not_seen,0,YALLOP
258,2441864.728,-44,170.5,1.228,2441864.711,2441864.749,54.19014,3.74883,305.2988,-3.70644,298.98037,0.0024,1.01437,9.76971,7.45527,-6.31843,0.00725,60.91076,0.24067,0.24095,-0.29012,-0.28995,0,Not_seen,Not_seen,Not_seen,0,YALLOP
259,2423143.207,-33.9,18.5,1.707,2423143.196,2423143.222,37.22804,3.62041,281.77325,-3.4318,271.62722,0.00268,0.99618,12.35092,7.05221,-10.14604,0.01157,54.55595,0.34401,0.34435,-0.26923,-0.26903,0,Not_seen,Not_seen,Not_seen,0,YALLOP
260,2404685.194,38,23.7,29.694,2404685.188,2404685.2,16.711,1.33192,279.00339,-1.45984,275.4799,0.00255,1.0028,4.49515,2.79175,-3.52349,0.00154,57.40792,0.04811,0.04813,-0.87428,-0.87427,0,Seen,Seen_eye,Seen_eye;Seen_binoculars;Seen_telescope;Seen_ccd,1,YALLOP
261,2448036.539,35.6,-83.5,1.039,2448036.524,2448036.558,49.17586,3.97099,299.10704,-3.9349,299.23643,0.00239,1.01047,7.90695,7.90589,0.1294,0.00475,61.076,0.1582,0.1584,-0.29489,-0.29477,0,Not_seen,Not_seen,Not_seen,0,YALLOP
262,2404538.222,38,23.7,1.722,2404538.209,2404538.238,42.45331,3.92861,280.41969,-3.56909,287.63733,0.00269,1.00271,10.4036,7.4977,7.21765,0.00822,54.2691,0.24307,0.24334,-0.28443,-0.28428,0,Not_seen,Not_seen,Not_seen,0,YALLOP
263,2445644.139,15.6,35.6,1.639,2445644.127,2445644.153,36.84006,3.99175,251.75842,-3.79537,254.81929,0.00253,0.98895,8.36622,7.78712,3.06086,0.00532,57.86889,0.16778,0.16798,-0.30093,-0.30081,0,Not_seen,Not_seen,Not_seen,0,YALLOP
264,2450103.56,34.1,-118.3,1.06,2450103.546,2450103.577,43.98706,4.00704,249.72835,-3.71633,248.17754,0.0024,0.98166,7.87729,7.72337,-1.55081,0.00472,61.02401,0.15689,0.15708,-0.31394,-0.31382,0,Not_seen,Not_seen,Not_seen,0,YALLOP
265,2450103.56,34.1,-118.3,1.06,2450103.546,2450103.577,43.98706,4.00704,249.72835,-3.71633,248.17754,0.0024,0.98166,7.87729,7.72337,-1.55081,0.00472,61.02401,0.15689,0.15708,-0.31394,-0.31382,0,Not_seen,Not_seen,Not_seen,0,YALLOP
266,2401260.229,38,23.7,1.729,2401260.215,2401260.247,47.08477,4.0714,291.70492,-3.8677,291.84922,0.00271,1.00514,7.94041,7.93911,0.1443,0.00479,53.9549,0.14094,0.1411,-0.30211,-0.30202,0,Not_seen,Not_seen,Not_seen,0,YALLOP
267,2444816.499,42.3,-71.3,29.999,2444816.501,2444816.496,-7.03458,-1.19532,296.65384,0.52218,294.66017,0.0025,1.01261,2.63137,1.7175,-1.99367,0.00053,58.62274,0.01684,0.01683,-1.00133,-1.00134,0,Not_seen,Not_seen,Not_seen,0,YALLOP
268,2450103.547,32.8,-113.2,1.047,2450103.534,2450103.563,42.16153,3.89251,250.19142,-3.62441,248.36371,0.0024,0.98166,7.73561,7.51691,-1.82771,0.00455,61.03711,0.15133,0.15152,-0.33798,-0.33787,0,Not_seen,Not_seen,Not_seen,0,YALLOP
269,2422994.227,-33.9,18.5,1.727,2422994.214,2422994.242,40.27111,3.78048,255.68054,-3.52472,250.39923,0.00252,0.98991,9.01222,7.30519,-5.28131,0.00617,57.93273,0.19485,0.19507,-0.3327,-0.33257,0,Not_seen,Not_seen,Not_seen,0,YALLOP
270,2450103.541,32.4,-111,1.041,2450103.529,2450103.557,41.48962,3.84443,250.32951,-3.58381,248.40957,0.0024,0.98166,7.67202,7.42825,-1.91995,0.00448,61.04266,0.14887,0.14905,-0.34835,-0.34824,0,Not_seen,Not_seen,Not_seen,0,YALLOP
271,2447948.486,35.6,-83.5,0.986,2447948.473,2447948.502,41.12507,3.8403,262.21293,-3.65895,261.66615,0.00247,0.98767,7.51914,7.49926,-0.54677,0.0043,59.26917,0.13885,0.13901,-0.34738,-0.34728,0,Not_seen,Not_seen,Not_seen,0,YALLOP
272,2447948.486,35.6,-83.5,0.986,2447948.473,2447948.502,41.12507,3.8403,262.21293,-3.65895,261.66615,0.00247,0.98767,7.51914,7.49926,-0.54677,0.0043,59.26917,0.13885,0.13901,-0.34738,-0.34728,0,Seen,Seen_binoculars,Seen_binoculars;Seen_telescope;Seen_ccd,0.75,YALLOP
273,2447948.486,35.6,-83.5,0.986,2447948.473,2447948.502,41.12507,3.8403,262.21293,-3.65895,261.66615,0.00247,0.98767,7.51914,7.49926,-0.54677,0.0043,59.26917,0.13885,0.13901,-0.34738,-0.34728,0,Not_seen,Not_seen,Not_seen,0,YALLOP
274,2445969.154,15.6,35.6,0.654,2445969.144,2445969.167,32.79639,3.68647,268.1387,-3.51141,269.84659,0.00239,1.00028,7.39747,7.19788,1.70789,0.00416,61.25056,0.13889,0.13905,-0.37749,-0.37739,0,Not_seen,Not_seen,Not_seen,0,YALLOP
275,2401998.228,39.6,26.2,0.728,2401998.215,2401998.244,42.14525,3.5338,290.38297,-3.30911,294.99,0.00254,1.00715,8.24772,6.84291,4.60703,0.00517,57.51927,0.16208,0.16225,-0.39882,-0.39872,0,Not_seen,Not_seen,Not_seen,0,YALLOP
276,2448715.688,19.8,-155.5,30.188,2448715.69,2448715.687,-3.80663,-1.03775,280.5163,0.39566,275.59345,0.00262,0.99741,5.1271,1.43341,-4.92285,0.002,55.95859,0.061,0.06098,-1.00207,-1.00208,0,Not_seen,Not_seen,Not_seen,0,YALLOP
277,2446176.521,37.2,-84.1,1.021,2446176.508,2446176.536,40.49957,3.57864,284.06947,-3.44075,287.59197,0.00271,1.00233,7.85266,7.01939,3.52249,0.00469,53.90369,0.13772,0.13785,-0.39606,-0.39598,0,Not_seen,Not_seen,Not_seen,0,YALLOP
278,2446028.135,15.6,35.6,1.635,2446028.125,2446028.148,32.85131,3.27396,244.43319,-3.28604,249.65698,0.00246,0.98486,8.38402,6.56,5.22379,0.00534,59.40214,0.17296,0.17313,-0.42049,-0.42039,0,Not_seen,Not_seen,Not_seen,0,YALLOP
279,2400995.232,38,23.7,1.732,2400995.225,2400995.241,23.96793,2.07895,277.341,-1.95206,292.53729,0.00248,1.01134,15.7188,4.03102,15.19629,0.0187,58.94921,0.60062,0.601,-0.42506,-0.42485,0,Not_seen,Not_seen,Not_seen,0,YALLOP
280,2447268.518,37.2,-84.1,1.018,2447268.506,2447268.533,38.70806,3.2975,287.02294,-3.31549,285.82901,0.00248,1.00147,6.71978,6.61298,-1.19393,0.00343,59.06635,0.11055,0.11066,-0.4534,-0.45333,0,Not_seen,Not_seen,Not_seen,0,YALLOP
281,2445733.157,15.6,35.6,1.657,2445733.147,2445733.169,31.5044,3.24597,248.83835,-3.22014,253.32683,0.00271,0.98283,7.86992,6.46611,4.48848,0.00471,54.00393,0.13858,0.1387,-0.45086,-0.45078,0,Not_seen,Not_seen,Not_seen,0,YALLOP
282,2446796.421,39,-77,0.921,2446796.41,2446796.434,34.84995,2.27164,231.28735,-2.62785,242.11871,0.00239,0.981,11.88489,4.89949,10.83136,0.01072,61.28027,0.3579,0.35816,-0.47638,-0.47623,0,Not_seen,Not_seen,Not_seen,0,YALLOP
283,2447297.529,37.2,-84.1,1.029,2447297.523,2447297.535,16.55454,0.95243,298.91929,-1.32956,295.385,0.00254,1.00866,4.20677,2.282,-3.53429,0.00135,57.80095,0.04243,0.04244,-0.92882,-0.92881,0,Not_seen,Not_seen,Not_seen,0,YALLOP
284,2405513.137,38,23.7,1.637,2405513.128,2405513.149,29.97337,2.04349,231.35985,-2.28415,241.68402,0.00252,0.98117,11.19222,4.32764,10.32417,0.00951,58.21983,0.30167,0.30185,-0.56659,-0.56649,0,Not_seen,Not_seen,Not_seen,0,YALLOP
285,2400433.158,38,23.7,0.658,2400433.148,2400433.171,33.36436,2.71329,243.94352,-2.6646,247.16116,0.0027,0.98179,6.26636,5.37789,3.21763,0.00299,54.12688,0.08811,0.08818,-0.59077,-0.59073,0,Not_seen,Not_seen,Not_seen,0,YALLOP
286,2447681.713,19.8,-155.5,1.213,2447681.704,2447681.724,28.3594,2.54379,298.18328,-2.69854,295.02162,0.00248,1.01208,6.12136,5.24233,-3.16165,0.00285,59.15771,0.0919,0.09197,-0.60198,-0.60194,0,Not_seen,Not_seen,Not_seen,0,YALLOP
287,2445703.444,37.2,-84.1,0.944,2445703.435,2445703.454,28.16598,1.94344,235.61411,-2.19302,242.71243,0.00267,0.98064,8.21428,4.13646,7.09833,0.00513,54.89292,0.15343,0.15352,-0.67474,-0.67469,0,Not_seen,Not_seen,Not_seen,0,YALLOP
288,2446913.512,37.2,-84.1,30.012,2446913.512,2446913.511,-1.2702,-0.69271,289.80126,0.1056,287.49111,0.0026,1.0041,2.44415,0.79831,-2.31015,0.00045,56.3355,0.01396,0.01396,-1.09507,-1.09507,0,Not_seen,Not_seen,Not_seen,0,YALLOP
289,2404597.249,38,23.7,0.749,2404597.24,2404597.26,29.67354,2.28572,297.85503,-2.22045,302.34818,0.00271,1.01358,6.36267,4.50618,4.49314,0.00308,54.08672,0.09077,0.09083,-0.6763,-0.67626,0,Not_seen,Not_seen,Not_seen,0,YALLOP
290,2423172.179,-33.9,18.5,0.679,2423172.171,2423172.189,25.978,2.28972,287.63359,-2.30587,285.01536,0.00264,1.00427,5.28874,4.59558,-2.61823,0.00213,55.52912,0.06441,0.06445,-0.68373,-0.68371,0,Not_seen,Not_seen,Not_seen,0,YALLOP
291,2447062.484,37.2,-84.1,0.984,2447062.478,2447062.492,19.55945,1.54728,262.13872,-1.73278,271.11277,0.00262,1.00077,9.55354,3.28006,8.97405,0.00693,55.89259,0.2112,0.21129,-0.72534,-0.72528,0,Not_seen,Not_seen,Not_seen,0,YALLOP
292,2446972.398,-30.1,-71,29.898,2446972.409,2446972.385,-33.55427,-3.84741,301.3652,2.84224,299.22332,0.0027,1.01387,7.02379,6.68966,-2.14188,0.00375,54.07384,0.11056,0.11044,-0.44572,-0.44579,0,Not_seen,Not_seen,Not_seen,0,YALLOP
293,2446973.415,-30.1,-71,0.915,2446973.409,2446973.423,19.82942,1.34604,304.24209,-1.69997,296.18595,0.00271,1.01392,8.61183,3.04601,-8.05614,0.00564,54.0133,0.16592,0.16598,-0.77618,-0.77614,0,Not_seen,Not_seen,Not_seen,0,YALLOP
294,2445703.141,15.6,35.6,0.641,2445703.135,2445703.148,17.88832,1.5008,243.15952,-1.75332,246.73431,0.00266,0.98063,4.83373,3.25412,3.57479,0.00178,55.02511,0.05332,0.05334,-0.82479,-0.82478,0,Not_seen,Not_seen,Not_seen,0,YALLOP
